group_idx,rf_amplitude,mode,segment,n_peaks_target,scan_count,n_candidates,n_ok,n_hit_max,hit_max_rate_ok,stage_best_r2,coarse_stride2_dr2,coarse_stride3_dr2
0,-0.5,lost,left,3,51,1,0,0,,,,
0,-0.5,lost,right,4,69,1,1,0,0.0,0.8192880311445386,0.0,0.0
0,-0.5,lost,right,5,69,69,69,0,0.0,0.896100436306512,0.0,0.0
0,-0.5,lost,right,6,69,69,69,0,0.0,0.9488952572163888,0.0,0.0
0,-0.5,lost,right,7,69,69,69,0,0.0,0.9669154079844875,0.0,0.0
0,-0.5,lost,right,8,69,69,69,0,0.0,0.9724965051631276,0.0,3.100264489575011e-11
0,-0.5,lost,right,9,69,69,69,0,0.0,0.976279919404425,0.0,1.2675126503935985e-09
0,-0.5,trapped,left,4,51,1,1,0,0.0,0.7445679001572509,0.0,0.0
0,-0.5,trapped,left,5,51,51,51,0,0.0,0.9694947090995983,0.0,3.2839286845387505e-12
0,-0.5,trapped,left,6,51,51,51,0,0.0,0.9846969327940256,0.0,0.013078214618358897
0,-0.5,trapped,left,7,51,51,51,0,0.0,0.9869969925081493,5.8514304512868875e-12,0.0
0,-0.5,trapped,left,8,51,51,51,0,0.0,0.9881213625072073,0.0,9.479683704682884e-11
0,-0.5,trapped,right,5,69,1,1,0,0.0,0.7226946945352045,0.0,0.0
0,-0.5,trapped,right,6,69,69,69,0,0.0,0.8462638788688548,5.801555902351652e-10,0.0
0,-0.5,trapped,right,7,69,69,69,0,0.0,0.9247643372766141,0.0,0.0
0,-0.5,trapped,right,8,69,69,69,0,0.0,0.9565028703745654,0.0,3.2211622258415673e-10
0,-0.5,trapped,right,9,69,69,69,0,0.0,0.9597757631728566,0.0,7.835254667298841e-11
1,0.0,lost,left,3,54,1,1,0,0.0,0.9839423209090752,0.0,0.0
1,0.0,lost,left,4,54,54,54,0,0.0,0.9947036424436738,0.0,1.2989609388114332e-14
1,0.0,lost,left,5,54,54,54,0,0.0,0.9957080635342306,0.0002897197353649572,0.0
1,0.0,lost,right,3,66,1,1,0,0.0,0.8762256025383556,0.0,0.0
1,0.0,lost,right,4,66,66,66,0,0.0,0.9297249925185973,2.7122748491592574e-11,0.0
1,0.0,lost,right,5,66,66,66,0,0.0,0.9461509671599957,0.0,3.9783953909022785e-11
1,0.0,lost,right,6,66,66,66,0,0.0,0.9583648062430632,1.6747991882226643e-10,0.0
1,0.0,lost,right,7,66,66,66,0,0.0,0.9688563702152266,0.0,0.0
1,0.0,lost,right,8,66,66,66,0,0.0,0.9769537652757216,1.2916889780001384e-10,1.9006141105393226e-10
1,0.0,lost,right,9,66,66,66,0,0.0,0.9817290982634321,0.0,6.753710639628707e-07
1,0.0,trapped,left,3,54,1,1,0,0.0,0.9821293387702208,0.0,0.0
1,0.0,trapped,left,4,54,54,54,0,0.0,0.9923306672154347,1.0469403122215226e-13,0.0
1,0.0,trapped,left,5,54,54,54,0,0.0,0.9942363730732241,0.0,0.0
1,0.0,trapped,left,6,54,54,54,0,0.0,0.9961343937694574,0.0014291388769551716,0.0
1,0.0,trapped,right,4,66,1,1,0,0.0,0.8565142674256825,0.0,0.0
1,0.0,trapped,right,5,66,66,66,0,0.0,0.9313459917515127,0.0,9.979794768355532e-13
1,0.0,trapped,right,6,66,66,66,0,0.0,0.9464815723736458,0.0,0.0
1,0.0,trapped,right,7,66,66,66,0,0.0,0.9570486095847973,0.0,0.0
1,0.0,trapped,right,8,66,66,66,0,0.0,0.966688839925187,0.0041885949262474576,0.004188595522466088
1,0.0,trapped,right,9,66,66,66,0,0.0,0.9711473321735845,0.0,0.0003444344782208564
2,0.2,lost,left,2,53,1,1,0,0.0,0.9294861284757439,0.0,0.0
2,0.2,lost,left,3,53,53,53,0,0.0,0.9815454625993221,0.0,0.0
2,0.2,lost,left,4,53,53,53,0,0.0,0.994024722762959,0.0,5.652145418366672e-13
2,0.2,lost,left,5,53,53,53,0,0.0,0.995602029220831,0.0,0.0
2,0.2,lost,right,4,67,1,0,0,,,,
2,0.2,trapped,left,2,53,1,1,0,0.0,0.9155060585268331,0.0,0.0
2,0.2,trapped,left,3,53,53,53,0,0.0,0.9797462296780857,4.1905923175988846e-11,0.0
2,0.2,trapped,left,4,53,53,53,0,0.0,0.990108775815475,1.5411005804821798e-12,6.802336471878334e-13
2,0.2,trapped,left,5,53,53,53,0,0.0,0.9939834360950712,0.0,5.257794200019816e-12
2,0.2,trapped,left,6,53,53,53,0,0.0,0.99600920438705,1.6010526238119382e-12,2.942091015256665e-13
2,0.2,trapped,right,4,67,1,1,0,0.0,0.8035929819621066,0.0,0.0
2,0.2,trapped,right,5,67,67,67,0,0.0,0.8741430634587285,7.437883642325005e-11,0.0
2,0.2,trapped,right,6,67,67,67,0,0.0,0.906912842717253,5.24004173385606e-11,5.826772397909963e-11
2,0.2,trapped,right,7,67,67,67,0,0.0,0.9247698110098114,0.0,0.0
2,0.2,trapped,right,8,67,67,67,0,0.0,0.9347025940970235,5.202305253249051e-10,2.4250157437677444e-11
2,0.2,trapped,right,9,67,67,67,0,0.0,0.9426052920160957,0.0,8.480538493671474e-11
3,0.4,lost,left,1,42,1,1,0,0.0,0.9033096158453207,0.0,0.0
3,0.4,lost,left,2,42,42,42,0,0.0,0.9831613044898049,1.7643664307342988e-12,3.215316901616916e-12
3,0.4,lost,left,3,42,42,42,0,0.0,0.9931828845214974,0.0,0.0
3,0.4,lost,left,4,42,42,42,0,0.0,0.9960154007947877,4.245714890771524e-12,6.325606705104292e-12
3,0.4,lost,right,5,78,1,0,0,,,,
3,0.4,trapped,left,1,42,1,1,0,0.0,0.8842292976459739,0.0,0.0
3,0.4,trapped,left,2,42,42,42,0,0.0,0.983180066082652,6.7877925502557446e-12,7.762235298969244e-12
3,0.4,trapped,left,3,42,42,42,0,0.0,0.9913960449625518,5.367928324062632e-13,1.237787650154587e-12
3,0.4,trapped,left,4,42,42,42,0,0.0,0.9961578124784771,0.0,0.0
3,0.4,trapped,right,5,78,1,1,0,0.0,0.8673410146754847,0.0,0.0
3,0.4,trapped,right,6,78,78,78,0,0.0,0.9027690999067846,2.0428603253463962e-10,2.0428603253463962e-10
3,0.4,trapped,right,7,78,78,78,0,0.0,0.9201962461795135,4.92605956026182e-13,0.0
3,0.4,trapped,right,8,78,78,78,0,0.0,0.9341060817545505,0.0,3.457467645517909e-11
3,0.4,trapped,right,9,78,78,78,0,0.0,0.9458636684172739,8.370382165168166e-11,0.0
4,0.6,lost,left,2,60,1,1,0,0.0,0.8540295610355191,0.0,0.0
4,0.6,lost,left,3,60,60,60,0,0.0,0.9660269815873681,0.0,1.691868867226276e-12
4,0.6,lost,left,4,60,60,60,0,0.0,0.9938444550988348,0.0,0.0
4,0.6,lost,left,5,60,60,60,0,0.0,0.9963436132830435,0.0,1.5890733173762328e-11
4,0.6,lost,right,3,60,1,1,0,0.0,0.8783129625360881,0.0,0.0
4,0.6,lost,right,4,60,60,60,0,0.0,0.9576974265708135,8.753331393052122e-11,4.628941674411635e-11
4,0.6,lost,right,5,60,60,60,0,0.0,0.9700223228131885,7.1062045137182395e-12,7.1062045137182395e-12
4,0.6,lost,right,6,60,60,60,0,0.0,0.9782782131349378,2.3646751223793672e-11,2.3646751223793672e-11
4,0.6,lost,right,7,60,60,60,0,0.0,0.9849716125341955,7.736811191705328e-12,0.0
4,0.6,lost,right,8,60,60,60,0,0.0,0.9894374430796742,0.0,0.000465520837891753
4,0.6,lost,right,9,60,60,60,0,0.0,0.994762556008179,0.0,0.0035745573745376014
4,0.6,trapped,left,2,60,1,1,0,0.0,0.8607767914418584,0.0,0.0
4,0.6,trapped,left,3,60,60,60,0,0.0,0.9602921633862169,1.0580425424677742e-12,1.4334644582447709e-10
4,0.6,trapped,left,4,60,60,60,0,0.0,0.99259397980999,2.8044233602031454e-13,0.0
4,0.6,trapped,left,5,60,60,60,0,0.0,0.9943695299367483,6.84674539286334e-13,1.183020348349828e-11
4,0.6,trapped,left,6,60,60,60,0,0.0,0.9959288538970207,1.099795809977877e-09,1.099795809977877e-09
4,0.6,trapped,right,2,60,1,1,0,0.0,0.8828683706764671,0.0,0.0
4,0.6,trapped,right,3,60,60,60,0,0.0,0.9504141395801096,0.0,0.0
4,0.6,trapped,right,4,60,60,60,0,0.0,0.9605514640136824,5.090372567906343e-13,5.090372567906343e-13
4,0.6,trapped,right,5,60,60,60,0,0.0,0.9679472181367235,2.3296919948734285e-12,4.3552383921507953e-11
4,0.6,trapped,right,6,60,60,60,0,0.0,0.9717906299449323,8.761424918901639e-11,0.0
4,0.6,trapped,right,7,60,60,60,0,0.0,0.9788517529614122,7.450262629049575e-12,7.450262629049575e-12
4,0.6,trapped,right,8,60,60,60,0,0.0,0.9836136299079857,3.8491432263754177e-13,3.8114511546893937e-11
4,0.6,trapped,right,9,60,60,60,0,0.0,0.9870318698077633,0.0,0.0
5,0.8,lost,left,2,60,1,1,0,0.0,0.9208002177534881,0.0,0.0
5,0.8,lost,left,3,60,60,60,0,0.0,0.986945100824736,1.7615908731727359e-12,4.711786516509164e-13
5,0.8,lost,left,4,60,60,60,0,0.0,0.9920127448310717,0.003444850465585514,0.004323828956006914
5,0.8,lost,left,5,60,60,60,0,0.0,0.9939288141388307,0.0,6.822320486321587e-13
5,0.8,lost,left,6,60,60,60,0,0.0,0.9951369618118292,8.848644353243174e-06,8.84864407002528e-06
5,0.8,lost,right,4,60,1,1,0,0.0,0.9242698811343579,0.0,0.0
5,0.8,lost,right,5,60,60,60,0,0.0,0.9476391078412574,0.0,1.3306844515170724e-10
5,0.8,lost,right,6,60,60,60,0,0.0,0.9625345057586168,0.0,2.131158582940884e-10
5,0.8,lost,right,7,60,60,60,0,0.0,0.9740169806453327,0.0,1.0982903475564854e-10
5,0.8,lost,right,8,60,60,60,0,0.0,0.9846394292977944,0.0,0.0
5,0.8,lost,right,9,60,60,60,0,0.0,0.9896968019297695,0.0,0.0
5,0.8,trapped,left,2,60,1,1,0,0.0,0.9122417433742452,0.0,0.0
5,0.8,trapped,left,3,60,60,60,0,0.0,0.9693203032371966,0.0,4.440892098500626e-14
5,0.8,trapped,left,4,60,60,60,0,0.0,0.9792617380366603,4.45121717262964e-12,4.45121717262964e-12
5,0.8,trapped,left,5,60,60,60,0,0.0,0.9838146359054895,1.9212520463440796e-11,1.9212520463440796e-11
5,0.8,trapped,left,6,60,60,60,0,0.0,0.9877356525923063,0.0004938187112636383,0.0004938206125041367
5,0.8,trapped,left,7,60,60,60,0,0.0,0.9909811734076993,1.9362510816911538e-08,2.823701206189355e-08
5,0.8,trapped,left,8,60,60,59,0,0.0,0.992220332724321,1.26050065940575e-08,0.0
5,0.8,trapped,left,9,60,60,60,0,0.0,0.9928495768244452,2.5298038552890034e-08,0.0
5,0.8,trapped,right,4,60,1,1,0,0.0,0.8942220188519471,0.0,0.0
5,0.8,trapped,right,5,60,60,60,0,0.0,0.9177481417099599,2.344902050310793e-12,0.0015124054018732513
5,0.8,trapped,right,6,60,60,60,0,0.0,0.9332888737646848,8.149549205471729e-07,0.0
5,0.8,trapped,right,7,60,60,59,0,0.0,0.949916006429168,1.0339173961426695e-11,3.1246560894260256e-11
5,0.8,trapped,right,8,60,60,58,0,0.0,0.9614326914600774,0.0,0.0
5,0.8,trapped,right,9,60,60,59,0,0.0,0.9771036990215974,0.0008566885108001188,0.0008566885108001188
6,1.0,lost,left,3,60,1,1,0,0.0,0.9510868441696146,0.0,0.0
6,1.0,lost,left,4,60,60,60,0,0.0,0.9884550381358131,1.074140776324839e-12,5.8621996146257516e-12
6,1.0,lost,left,5,60,60,60,0,0.0,0.9929539172935858,0.0,0.0
6,1.0,lost,left,6,60,60,60,0,0.0,0.9944263176468225,1.117297365738068e-10,1.6111556533360272e-11
6,1.0,lost,left,7,60,60,60,0,0.0,0.9952098010201862,1.069477433168764e-06,1.069477433168764e-06
6,1.0,lost,right,3,60,1,1,0,0.0,0.8632564465464219,0.0,0.0
6,1.0,lost,right,4,60,60,60,0,0.0,0.9575366997562773,6.543765529443135e-12,3.908418033660155e-11
6,1.0,lost,right,5,60,60,60,0,0.0,0.967146589456109,3.001499049304357e-11,1.0179734832860277e-10
6,1.0,lost,right,6,60,60,60,0,0.0,0.9749587833864846,4.380384943658555e-12,0.0
6,1.0,lost,right,7,60,60,60,0,0.0,0.9803785135040824,0.0,0.0004140677928189396
6,1.0,lost,right,8,60,60,60,0,0.0,0.9854328298422904,9.468426043213185e-12,0.0
6,1.0,lost,right,9,60,60,60,0,0.0,0.9899967969610175,0.0,0.0002482668254921716
6,1.0,trapped,left,3,60,1,1,0,0.0,0.936513131096441,0.0,0.0
6,1.0,trapped,left,4,60,60,60,0,0.0,0.979318952312159,0.0,0.0
6,1.0,trapped,left,5,60,60,60,0,0.0,0.9844427565203046,4.941602682606572e-13,4.941602682606572e-13
6,1.0,trapped,left,6,60,60,60,0,0.0,0.9886646805538762,4.9264481383204384e-11,3.6548208903752766e-10
6,1.0,trapped,left,7,60,60,60,0,0.0,0.9919159620984863,8.787415239908114e-13,1.7535972673954348e-12
6,1.0,trapped,left,8,60,60,60,0,0.0,0.9929182018829482,0.0,1.6486750520350313e-08
6,1.0,trapped,left,9,60,60,60,0,0.0,0.9937221161205444,3.7225760252113105e-09,1.29586030794826e-09
6,1.0,trapped,right,3,60,1,1,0,0.0,0.8482356301166483,0.0,0.0
6,1.0,trapped,right,4,60,60,60,0,0.0,0.9295954486617671,0.010726837531113254,0.010726837542083478
6,1.0,trapped,right,5,60,60,60,0,0.0,0.9455971048602064,0.0,0.0
6,1.0,trapped,right,6,60,60,60,0,0.0,0.96101966604261,0.0,0.0
6,1.0,trapped,right,7,60,60,60,0,0.0,0.9668454935740788,0.0,0.00022297428600537295
6,1.0,trapped,right,8,60,60,60,0,0.0,0.9732346134242642,3.753197752587312e-11,0.0
6,1.0,trapped,right,9,60,60,60,0,0.0,0.9767465488089075,9.79586249522102e-05,0.0
7,1.2,lost,left,3,60,1,1,0,0.0,0.9533489642621572,0.0,0.0
7,1.2,lost,left,4,60,60,60,0,0.0,0.9908025746848551,7.795653012010462e-12,0.0
7,1.2,lost,left,5,60,60,60,0,0.0,0.9928070926255115,0.0,3.240696599959847e-11
7,1.2,lost,left,6,60,60,60,0,0.0,0.9948402614824615,0.0,4.809708187281103e-12
7,1.2,lost,left,7,60,60,60,0,0.0,0.9954534362793579,1.395472626342098e-11,0.0002573796392181249
7,1.2,lost,right,2,60,1,1,0,0.0,0.9201480270887151,0.0,0.0
7,1.2,lost,right,3,60,60,60,0,0.0,0.9402110877397188,0.0,0.0
7,1.2,lost,right,4,60,60,60,0,0.0,0.9555031625581143,0.0,0.000884927745764541
7,1.2,lost,right,5,60,60,60,0,0.0,0.9676454482509173,0.0,0.0
7,1.2,lost,right,6,60,60,60,0,0.0,0.9779703734541346,1.6280310433103296e-12,8.019918062984743e-12
7,1.2,lost,right,7,60,60,60,0,0.0,0.9867776089642494,0.0,0.0
7,1.2,lost,right,8,60,60,60,0,0.0,0.9910905558106159,1.2197653997958469e-10,1.5181067514191682e-10
7,1.2,lost,right,9,60,60,60,0,0.0,0.9933738912376047,0.0,2.88150614480287e-11
7,1.2,trapped,left,3,60,1,1,0,0.0,0.9383178550916424,0.0,0.0
7,1.2,trapped,left,4,60,60,60,0,0.0,0.9794243630663962,2.6963986599071177e-12,2.862932113600891e-12
7,1.2,trapped,left,5,60,60,60,0,0.0,0.9855213311849037,0.0,7.183587058534613e-12
7,1.2,trapped,left,6,60,60,60,0,0.0,0.9882746519814134,8.90409301845807e-10,8.720902111569728e-09
7,1.2,trapped,left,7,60,60,60,0,0.0,0.9903319254275872,0.0,0.0
7,1.2,trapped,left,8,60,60,60,0,0.0,0.9907651811590337,3.087075174623699e-05,0.0
7,1.2,trapped,right,1,60,1,1,0,0.0,0.7803280162616176,0.0,0.0
7,1.2,trapped,right,2,60,60,60,0,0.0,0.8842418781320166,0.0,2.46796028058327e-10
7,1.2,trapped,right,3,60,60,60,0,0.0,0.9123576239981398,2.6129254315776507e-10,2.885016670006735e-10
7,1.2,trapped,right,4,60,60,60,0,0.0,0.9355816840922371,5.1826432034829395e-11,4.10520173410589e-10
7,1.2,trapped,right,5,60,60,60,0,0.0,0.9555932356425882,0.0,1.043222175312053e-10
7,1.2,trapped,right,6,60,60,60,0,0.0,0.9686153029915907,1.078301892221134e-10,7.160561033003887e-11
7,1.2,trapped,right,7,60,60,59,0,0.0,0.9758618119689636,1.1248779685502086e-11,0.0011086914185887142
7,1.2,trapped,right,8,60,60,60,0,0.0,0.9805843769321634,0.0,2.0877788386997054e-10
7,1.2,trapped,right,9,60,60,60,0,0.0,0.9836456442257197,4.300115818978156e-12,5.308087303035336e-12
8,1.4,lost,left,3,60,1,1,0,0.0,0.9494219825540631,0.0,0.0
8,1.4,lost,left,4,60,60,60,0,0.0,0.9771482307295065,0.0,0.0
8,1.4,lost,left,5,60,60,60,0,0.0,0.9916541831872313,0.0,1.8984813721090177e-12
8,1.4,lost,left,6,60,60,60,0,0.0,0.9935265467078764,0.0,0.0
8,1.4,lost,left,7,60,60,60,0,0.0,0.9948031494368993,0.0,1.4041101614736817e-11
8,1.4,lost,left,8,60,60,60,0,0.0,0.9957766537729936,5.410785153259212e-10,2.4705001218983114e-05
8,1.4,lost,right,2,60,1,1,0,0.0,0.8778886586543853,0.0,0.0
8,1.4,lost,right,3,60,60,60,0,0.0,0.9311035759402018,0.0,0.0
8,1.4,lost,right,4,60,60,60,0,0.0,0.9485139634344572,1.777133995517488e-12,1.327771226300456e-11
8,1.4,lost,right,5,60,60,60,0,0.0,0.9558744235571852,4.308609025116539e-11,1.1125944610057559e-10
8,1.4,lost,right,6,60,60,60,0,0.0,0.9614969598187999,0.0,0.002216346091505117
8,1.4,lost,right,7,60,60,60,0,0.0,0.9787169242242632,0.0,1.7319479184152442e-13
8,1.4,lost,right,8,60,60,60,0,0.0,0.9826811998109447,0.0,2.4622653138628436e-08
8,1.4,lost,right,9,60,60,60,0,0.0,0.985777678489899,0.0,0.002169361536459191
8,1.4,trapped,left,3,60,1,1,0,0.0,0.9316836854509875,0.0,0.0
8,1.4,trapped,left,4,60,60,60,0,0.0,0.9625486273762252,1.0290213126040726e-11,0.0
8,1.4,trapped,left,5,60,60,60,0,0.0,0.977162480223196,2.5082158572331537e-12,2.650912822588225e-11
8,1.4,trapped,left,6,60,60,60,0,0.0,0.9806035003438739,0.0,1.512070373355101e-07
8,1.4,trapped,left,7,60,60,60,0,0.0,0.9825978458848575,5.1997142758386516e-05,5.1997142758386516e-05
8,1.4,trapped,left,8,60,60,60,0,0.0,0.9847078626429776,3.3222014028666536e-10,0.0
8,1.4,trapped,left,9,60,60,60,0,0.0,0.986438021486175,7.058886808408715e-11,0.0
8,1.4,trapped,right,1,60,1,1,0,0.0,0.7916569695190824,0.0,0.0
8,1.4,trapped,right,2,60,60,60,0,0.0,0.8778553833998236,0.0,2.1300516905853328e-11
8,1.4,trapped,right,3,60,60,60,0,0.0,0.9112043239987038,0.0,1.8958523639867053e-10
8,1.4,trapped,right,4,60,60,60,0,0.0,0.9262688661138817,8.898948244961957e-11,0.0
8,1.4,trapped,right,5,60,60,60,0,0.0,0.9388422326908248,2.5557889138383416e-11,7.866374218679084e-12
8,1.4,trapped,right,6,60,60,60,0,0.0,0.9459128836247267,1.0725198507088862e-11,0.0
8,1.4,trapped,right,7,60,60,60,0,0.0,0.9562046092083498,0.0051300851540254655,0.005130085155500952
8,1.4,trapped,right,8,60,60,60,0,0.0,0.9660884572087051,1.0432765762402596e-11,6.441380762112203e-11
8,1.4,trapped,right,9,60,60,60,0,0.0,0.9713852329339588,3.187868857779108e-10,2.3259030257349878e-09
9,1.6,lost,left,2,60,1,1,0,0.0,0.9401463970524822,0.0,0.0
9,1.6,lost,left,3,60,60,60,0,0.0,0.961379303342102,0.0,3.185451902254499e-12
9,1.6,lost,left,4,60,60,60,0,0.0,0.9825862978861326,0.0,3.749112131856691e-12
9,1.6,lost,left,5,60,60,60,0,0.0,0.9887258567258749,4.1707748366093256e-12,0.0
9,1.6,lost,left,6,60,60,60,0,0.0,0.99124561926374,0.0,2.459765724438512e-10
9,1.6,lost,left,7,60,60,60,0,0.0,0.9931352158903584,4.467315406486705e-12,0.0
9,1.6,lost,left,8,60,60,60,0,0.0,0.9945784435862609,3.604005982538183e-12,1.0983547404919136e-11
9,1.6,lost,left,9,60,60,60,0,0.0,0.9951377531097153,0.0,0.0
9,1.6,lost,right,1,60,1,1,0,0.0,0.7936268320473081,0.0,0.0
9,1.6,lost,right,2,60,60,60,0,0.0,0.9049768073498974,0.0,0.0
9,1.6,lost,right,3,60,60,60,0,0.0,0.9411062776397634,7.477352070850429e-13,3.323130659538265e-11
9,1.6,lost,right,4,60,60,60,0,0.0,0.9510553884881704,8.187783784308067e-12,8.187783784308067e-12
9,1.6,lost,right,5,60,60,60,0,0.0,0.9586876656169713,0.0,0.0
9,1.6,lost,right,6,60,60,60,0,0.0,0.9693859889290943,1.1435563607165022e-10,1.1435563607165022e-10
9,1.6,lost,right,7,60,60,60,0,0.0,0.9776462904752686,0.0,0.0
9,1.6,lost,right,8,60,60,60,0,0.0,0.9822938573382377,0.0,4.199041114816282e-11
9,1.6,lost,right,9,60,60,60,0,0.0,0.9842601918113535,0.0,3.7648439921156296e-11
9,1.6,trapped,left,3,60,1,1,0,0.0,0.8365957176611056,0.0,0.0
9,1.6,trapped,left,4,60,60,60,0,0.0,0.9737805590212948,8.291145547900669e-13,1.042721464727947e-12
9,1.6,trapped,left,5,60,60,60,0,0.0,0.9814928012403311,0.0,0.0
9,1.6,trapped,left,6,60,60,60,0,0.0,0.9841875102009199,0.0,0.0
9,1.6,trapped,left,7,60,60,60,0,0.0,0.9856445313875758,0.0,1.5165133038341772e-05
9,1.6,trapped,left,8,60,60,60,0,0.0,0.9870819161365851,0.0,2.162388401671933e-08
9,1.6,trapped,left,9,60,60,60,0,0.0,0.9871282159071508,0.0,5.078266773494988e-05
9,1.6,trapped,right,1,60,1,1,0,0.0,0.7723886877918315,0.0,0.0
9,1.6,trapped,right,2,60,60,60,0,0.0,0.8878073477383438,0.0,7.2659656069617995e-12
9,1.6,trapped,right,3,60,60,60,0,0.0,0.9151524289306034,1.2137602034556494e-10,1.565372276246535e-10
9,1.6,trapped,right,4,60,60,60,0,0.0,0.9298796524923617,2.264722853695389e-10,0.0
9,1.6,trapped,right,5,60,60,60,0,0.0,0.9519896841508277,0.0,4.852374058117448e-11
9,1.6,trapped,right,6,60,60,60,0,0.0,0.9575686789282263,0.0,5.4001247917767614e-12
9,1.6,trapped,right,7,60,60,60,0,0.0,0.9640157690418502,0.0,0.0
9,1.6,trapped,right,8,60,60,60,0,0.0,0.9671541767007437,5.000412306443991e-10,4.421983890168235e-10
9,1.6,trapped,right,9,60,60,60,0,0.0,0.9713125205808748,2.3130608539645436e-11,2.3130608539645436e-11
10,1.8,lost,left,3,62,1,1,0,0.0,0.9651425381676784,0.0,0.0
10,1.8,lost,left,4,62,62,62,0,0.0,0.9802791452398235,0.01180815798333168,9.424905300647879e-12
10,1.8,lost,left,5,62,62,62,0,0.0,0.9915215437581885,0.0,7.556177905598815e-13
10,1.8,lost,left,6,62,62,62,0,0.0,0.9927474838248419,1.4071743770216472e-11,0.0
10,1.8,lost,left,7,62,62,62,0,0.0,0.9936533999735738,0.0,1.1184211366033203e-05
10,1.8,lost,left,8,62,62,61,0,0.0,0.9956289091214339,5.846556572208783e-11,3.69038133385402e-12
10,1.8,lost,right,2,58,1,0,0,,,,
10,1.8,trapped,left,3,62,1,1,0,0.0,0.9360416206558889,0.0,0.0
10,1.8,trapped,left,4,62,62,62,0,0.0,0.9601895184215747,2.9682922786378185e-12,2.9682922786378185e-12
10,1.8,trapped,left,5,62,62,62,0,0.0,0.9739476442297046,0.0,0.0
10,1.8,trapped,left,6,62,62,62,0,0.0,0.9817487560263902,0.0,4.133582365284383e-12
10,1.8,trapped,left,7,62,62,62,0,0.0,0.985478818523951,0.0,1.1180278924882714e-10
10,1.8,trapped,left,8,62,62,62,0,0.0,0.9887175562854036,2.433075962926523e-11,3.034084095077105e-11
10,1.8,trapped,left,9,62,62,62,0,0.0,0.9903738708129091,0.0,5.639155808978558e-12
10,1.8,trapped,right,2,58,1,1,0,0.0,0.7707924969131591,0.0,0.0
10,1.8,trapped,right,3,58,58,58,0,0.0,0.8894044776495391,0.0,7.813558688951616e-10
10,1.8,trapped,right,4,58,58,58,0,0.0,0.9394038046136833,0.0,0.0
10,1.8,trapped,right,5,58,58,58,0,0.0,0.9466617411834982,2.73101541381493e-11,0.0
10,1.8,trapped,right,6,58,58,58,0,0.0,0.9522600163142482,4.2947867484599556e-12,3.3102409702223667e-12
10,1.8,trapped,right,7,58,58,58,0,0.0,0.9604308454779975,3.386424474172145e-11,0.0
10,1.8,trapped,right,8,58,58,58,0,0.0,0.9646713447585054,0.0,1.2232104218412587e-11
10,1.8,trapped,right,9,58,58,58,0,0.0,0.9661814931185677,9.221066547016044e-05,9.22107345172618e-05
11,2.0,lost,left,3,61,1,1,0,0.0,0.9383367471861743,0.0,0.0
11,2.0,lost,left,4,61,61,61,0,0.0,0.9819197557755422,0.0,3.0115909765981996e-12
11,2.0,lost,left,5,61,61,61,0,0.0,0.9907021331037997,0.0,5.279443549000007e-12
11,2.0,lost,left,6,61,61,61,0,0.0,0.9924659372894725,3.5470515413749126e-12,0.0
11,2.0,lost,left,7,61,61,61,0,0.0,0.9936475575755287,0.0,4.64761562568583e-12
11,2.0,lost,left,8,61,61,61,0,0.0,0.9946352786112196,0.0,0.0
11,2.0,lost,left,9,61,61,61,0,0.0,0.9955521335644643,0.0,4.204214754111035e-11
11,2.0,lost,right,2,59,1,1,0,0.0,0.8662249653793982,0.0,0.0
11,2.0,lost,right,3,59,59,59,0,0.0,0.9477932238513839,0.0,0.0
11,2.0,lost,right,4,59,59,59,0,0.0,0.9699480952905322,0.0,1.2127765458558315e-10
11,2.0,lost,right,5,59,59,59,0,0.0,0.9781140372163311,1.0718870235848499e-11,1.0718870235848499e-11
11,2.0,lost,right,6,59,59,59,0,0.0,0.9814543292274105,3.488986877187017e-12,0.0
11,2.0,lost,right,7,59,59,59,0,0.0,0.9838101653410942,0.0,0.00035564072758231813
11,2.0,lost,right,8,59,59,59,0,0.0,0.9891649590934467,0.0,4.3168468799592574e-11
11,2.0,lost,right,9,59,59,59,0,0.0,0.9917559568644561,0.0,0.0011590700896680906
11,2.0,trapped,left,3,61,1,1,0,0.0,0.9115091156261937,0.0,0.0
11,2.0,trapped,left,4,61,61,61,0,0.0,0.9697935194211472,0.0,0.0
11,2.0,trapped,left,5,61,61,61,0,0.0,0.9837807941268361,1.538147387236677e-11,3.0841773579481924e-11
11,2.0,trapped,left,6,61,61,61,0,0.0,0.986615682849455,0.0,4.123991340976296e-06
11,2.0,trapped,left,7,61,61,61,0,0.0,0.9881735260418325,0.0,0.0
11,2.0,trapped,left,8,61,61,61,0,0.0,0.9900205173036032,0.0,0.0017298446405893397
11,2.0,trapped,left,9,61,61,61,0,0.0,0.990293779110504,0.0,0.00017076087062539713
11,2.0,trapped,right,2,59,1,1,0,0.0,0.8597034225110026,0.0,0.0
11,2.0,trapped,right,3,59,59,59,0,0.0,0.9265625024870309,3.4006131244268545e-12,0.0
11,2.0,trapped,right,4,59,59,59,0,0.0,0.9603847704713874,0.003635036286362525,0.0036350363609658487
11,2.0,trapped,right,5,59,59,59,0,0.0,0.966422960112142,6.14234774154454e-10,0.0
11,2.0,trapped,right,6,59,59,59,0,0.0,0.9701995936195231,0.0,0.0
11,2.0,trapped,right,7,59,59,59,0,0.0,0.9718858680240885,0.0,0.0
12,2.2,lost,left,3,64,1,1,0,0.0,0.9166472442269711,0.0,0.0
12,2.2,lost,left,4,64,64,64,0,0.0,0.9764796835384714,0.0,1.7171819521877296e-12
12,2.2,lost,left,5,64,64,64,0,0.0,0.98868471424609,2.9687363678476686e-13,0.0
12,2.2,lost,left,6,64,64,64,0,0.0,0.9921721744812388,1.0165202013467933e-12,1.975197783110616e-12
12,2.2,lost,left,7,64,64,64,0,0.0,0.9941060370496375,2.7439162053610744e-12,0.0
12,2.2,lost,left,8,64,64,64,0,0.0,0.9951780018930869,3.79274389672446e-12,1.9458767930302656e-11
12,2.2,lost,right,2,56,1,1,0,0.0,0.9210897243930392,0.0,0.0
12,2.2,lost,right,3,56,56,56,0,0.0,0.9458748040365167,6.279265996056438e-11,6.56931176123976e-11
12,2.2,lost,right,4,56,56,56,0,0.0,0.9694570357358446,0.0,3.124143166388649e-10
12,2.2,lost,right,5,56,56,56,0,0.0,0.9821508298131129,0.0,5.070055486555702e-12
12,2.2,lost,right,6,56,56,56,0,0.0,0.9843015946029343,3.8826719617190975e-12,2.476241434123949e-12
12,2.2,lost,right,7,56,56,56,0,0.0,0.9863734877860686,8.700580855225404e-05,0.0
12,2.2,lost,right,8,56,56,56,0,0.0,0.9883807234885599,0.0003035441702365915,0.0003035441702365915
12,2.2,lost,right,9,56,56,56,0,0.0,0.9897857946959108,2.9916491506298826e-10,2.9916491506298826e-10
12,2.2,trapped,left,3,64,1,1,0,0.0,0.9001403409519213,0.0,0.0
12,2.2,trapped,left,4,64,64,64,0,0.0,0.9604653844557427,0.0,7.536860024970338e-12
12,2.2,trapped,left,5,64,64,64,0,0.0,0.9750971839221422,0.0,4.542621834247029e-11
12,2.2,trapped,left,6,64,64,64,0,0.0,0.9808598531446774,1.1424305945695323e-11,3.3988478698177005e-11
12,2.2,trapped,left,7,64,64,64,0,0.0,0.9862630976964358,6.499134563853204e-12,1.1170175895358625e-11
12,2.2,trapped,left,8,64,64,64,0,0.0,0.9884333057162374,2.0144996781823465e-12,2.1257440252497872e-12
12,2.2,trapped,left,9,64,64,64,0,0.0,0.9896515559357307,0.0,0.00021035206870634315
12,2.2,trapped,right,2,56,1,1,0,0.0,0.8417111958419299,0.0,0.0
12,2.2,trapped,right,3,56,56,56,0,0.0,0.9350458969790653,0.0,0.02673540929914009
12,2.2,trapped,right,4,56,56,56,0,0.0,0.9625933844283604,4.331968117554652e-11,0.0
12,2.2,trapped,right,5,56,56,56,0,0.0,0.973726663544783,4.386302432379807e-11,5.6531446190888346e-12
12,2.2,trapped,right,6,56,56,56,0,0.0,0.9769277644586389,1.361133428190442e-12,1.8110402066895404e-11
12,2.2,trapped,right,7,56,56,56,0,0.0,0.9789135364475816,2.439470847548364e-11,1.4494572209144962e-10
12,2.2,trapped,right,8,56,56,56,0,0.0,0.9806832002689361,0.0,0.0
12,2.2,trapped,right,9,56,56,56,0,0.0,0.9817868586528348,0.0003185289864541252,0.0003185311085227571
13,2.5,lost,left,3,62,1,1,0,0.0,0.9250466484676115,0.0,0.0
13,2.5,lost,left,4,62,62,62,0,0.0,0.9689509904532585,8.522071937022702e-13,2.9861668693342835e-12
13,2.5,lost,left,5,62,62,62,0,0.0,0.9891152521400142,0.0,1.362199242294082e-11
13,2.5,lost,left,6,62,62,62,0,0.0,0.9921748459941898,0.0,3.2310931707968393e-11
13,2.5,lost,left,7,62,62,62,0,0.0,0.9935782694650194,4.377609386096992e-12,5.968003868872529e-12
13,2.5,lost,left,8,62,62,62,0,0.0,0.9946643565137863,1.5797030350483965e-11,2.8083091407893335e-12
13,2.5,lost,left,9,62,62,62,0,0.0,0.995726615116577,0.0,1.48571377422968e-10
13,2.5,lost,right,2,58,1,1,0,0.0,0.908371124340448,0.0,0.0
13,2.5,lost,right,3,58,58,58,0,0.0,0.9396625808153061,3.97933908047321e-11,3.97933908047321e-11
13,2.5,lost,right,4,58,58,58,0,0.0,0.9690656149523,0.0,4.724520774601615e-11
13,2.5,lost,right,5,58,58,58,0,0.0,0.9781499734911049,0.0,3.336775300510908e-11
13,2.5,lost,right,6,58,58,58,0,0.0,0.983349895193503,3.9615211111510007e-10,4.046314394656747e-10
13,2.5,lost,right,7,58,58,58,0,0.0,0.9862250070473888,0.0003846712448334344,0.0
13,2.5,lost,right,8,58,58,58,0,0.0,0.9888736505173612,2.2424129220155464e-10,8.169387388790028e-11
13,2.5,lost,right,9,58,58,58,0,0.0,0.9914078860916083,0.0,0.0
13,2.5,trapped,left,3,62,1,1,0,0.0,0.8862230439200725,0.0,0.0
13,2.5,trapped,left,4,62,62,62,0,0.0,0.9520764746225188,0.0,0.0
13,2.5,trapped,left,5,62,62,62,0,0.0,0.9793341886945629,0.0,2.4791280139879746e-12
13,2.5,trapped,left,6,62,62,62,0,0.0,0.9843027606157327,0.0,7.248635025547401e-11
13,2.5,trapped,left,7,62,62,62,0,0.0,0.9869121251814463,8.789757810490073e-11,0.0
13,2.5,trapped,left,8,62,62,62,0,0.0,0.9883189043743849,0.00025141924083482703,5.390426438545148e-09
13,2.5,trapped,left,9,62,62,62,0,0.0,0.9887260084136658,0.0,5.042594967141767e-05
13,2.5,trapped,right,2,58,1,1,0,0.0,0.8187377432555671,0.0,0.0
13,2.5,trapped,right,3,58,58,58,0,0.0,0.9153071890302695,0.014823430119818348,0.0
13,2.5,trapped,right,4,58,58,58,0,0.0,0.9553663371672165,0.0,1.5192291868970642e-12
13,2.5,trapped,right,5,58,58,58,0,0.0,0.9666072979682367,0.0,2.779732000135482e-11
13,2.5,trapped,right,6,58,58,58,0,0.0,0.9686014099524376,1.2107481683898413e-10,0.0
14,3.0,lost,left,3,66,1,1,0,0.0,0.9276088594744292,0.0,0.0
14,3.0,lost,left,4,66,66,66,0,0.0,0.9702681469614199,2.5661583968883406e-11,6.116995798777225e-12
14,3.0,lost,left,5,66,66,66,0,0.0,0.9887118978822532,6.429190513301819e-12,6.429190513301819e-12
14,3.0,lost,left,6,66,66,66,0,0.0,0.9924653583062314,4.187095115071315e-12,7.991718398159264e-12
14,3.0,lost,left,7,66,66,66,0,0.0,0.9940262591979422,1.2995293730000412e-10,1.2995293730000412e-10
14,3.0,lost,left,8,66,66,66,0,0.0,0.9946049747892928,0.0,1.485838119208438e-10
14,3.0,lost,left,9,66,66,66,0,0.0,0.9953291995594555,0.0,0.0
14,3.0,lost,right,2,54,1,1,0,0.0,0.8753251961495362,0.0,0.0
14,3.0,lost,right,3,54,54,54,0,0.0,0.9250451170758823,4.0976888548982515e-11,0.0
14,3.0,lost,right,4,54,54,54,0,0.0,0.9664708263530323,0.0,5.610401032640766e-12
14,3.0,lost,right,5,54,54,54,0,0.0,0.9777545719174363,5.813904913054557e-11,0.0
14,3.0,lost,right,6,54,54,54,0,0.0,0.9802349155526897,0.0,1.3534728893205283e-11
14,3.0,lost,right,7,54,54,54,0,0.0,0.9824248173796976,3.6157188354479786e-11,1.9048429500401198e-11
14,3.0,lost,right,8,54,54,54,0,0.0,0.9851366351480352,0.0,0.0016913854983447996
14,3.0,lost,right,9,54,54,54,0,0.0,0.9863670796296088,0.0,1.8275825297564552e-11
14,3.0,trapped,left,3,66,1,1,0,0.0,0.8849470479266064,0.0,0.0
14,3.0,trapped,left,4,66,66,66,0,0.0,0.9640756112977464,0.0,2.1506463276921295e-11
14,3.0,trapped,left,5,66,66,66,0,0.0,0.9789750084876565,0.0,0.0
14,3.0,trapped,left,6,66,66,66,0,0.0,0.9824315605517729,9.005463041944495e-12,1.0205503109261826e-11
14,3.0,trapped,left,7,66,66,66,0,0.0,0.9857295075951872,1.0453859999870474e-10,1.0453859999870474e-10
14,3.0,trapped,left,8,66,66,66,0,0.0,0.9869123835603343,1.805849381097957e-05,0.0
14,3.0,trapped,left,9,66,66,66,0,0.0,0.9882682938685907,0.00046753788777120775,0.0
14,3.0,trapped,right,2,54,1,1,0,0.0,0.8135246140460876,0.0,0.0
14,3.0,trapped,right,3,54,54,54,0,0.0,0.8709551821606176,0.0,0.0065452381747399535
14,3.0,trapped,right,4,54,54,54,0,0.0,0.9236327998351692,0.0,1.2106271540801572e-10
14,3.0,trapped,right,5,54,54,54,0,0.0,0.9632771107982759,7.260489987004348e-10,0.00969619105683539
14,3.0,trapped,right,6,54,54,54,0,0.0,0.9656981168355242,4.921403781132927e-05,4.9214035556799374e-05
15,3.6,lost,left,3,66,1,1,0,0.0,0.925926794699652,0.0,0.0
15,3.6,lost,left,4,66,66,66,0,0.0,0.978911528113708,0.0,5.892175636290631e-12
15,3.6,lost,left,5,66,66,66,0,0.0,0.9884442871863965,0.0,0.0
15,3.6,lost,left,6,66,66,66,0,0.0,0.9926000048517826,2.6953772547244625e-11,3.277811355673066e-11
15,3.6,lost,left,7,66,66,66,0,0.0,0.9939582556672726,0.0,0.0
15,3.6,lost,left,8,66,66,66,0,0.0,0.995249413458372,1.4675738402303296e-10,1.4675738402303296e-10
15,3.6,lost,right,2,54,1,0,0,,,,
15,3.6,trapped,left,3,66,1,1,0,0.0,0.9110450536296686,0.0,0.0
15,3.6,trapped,left,4,66,66,66,0,0.0,0.9538395758794702,0.0,0.014847205265093422
15,3.6,trapped,left,5,66,66,66,0,0.0,0.9764139009997113,8.562121556199287e-08,0.0
15,3.6,trapped,left,6,66,66,66,0,0.0,0.9794423636876775,3.31478520596562e-05,0.0
15,3.6,trapped,left,7,66,66,66,0,0.0,0.9842398114501745,1.5294043809177538e-10,1.1750544981481426e-10
15,3.6,trapped,left,8,66,66,66,0,0.0,0.9867106373514298,1.0227307889465465e-10,8.519041028165475e-11
15,3.6,trapped,left,9,66,66,66,0,0.0,0.9886097682543497,6.331114334123811e-06,0.0
15,3.6,trapped,right,2,54,1,1,0,0.0,0.8818200009076053,0.0,0.0
15,3.6,trapped,right,3,54,54,54,0,0.0,0.933726128635704,3.4182923158709855e-10,6.574740751830177e-12
15,3.6,trapped,right,4,54,54,54,0,0.0,0.9607454893957437,0.0,0.0
15,3.6,trapped,right,5,54,54,54,0,0.0,0.9665050096101191,4.690184907119033e-10,4.690184907119033e-10
15,3.6,trapped,right,6,54,54,54,0,0.0,0.9704967802066633,1.3674084087256233e-10,0.0
15,3.6,trapped,right,7,54,54,54,0,0.0,0.9737534753122594,0.0,0.0
15,3.6,trapped,right,8,54,54,54,0,0.0,0.9761716421773835,0.0,1.426523548175851e-07
15,3.6,trapped,right,9,54,54,54,0,0.0,0.9778725875639713,0.0,0.0004389945552589758
16,4.3,lost,left,3,72,1,1,0,0.0,0.932908506182671,0.0,0.0
16,4.3,lost,left,4,72,72,72,0,0.0,0.9826794649197345,4.2248760045993095e-11,0.0
16,4.3,lost,left,5,72,72,72,0,0.0,0.9866097814316074,0.0,0.0
16,4.3,lost,left,6,72,72,72,0,0.0,0.9897700954057219,5.116240764380109e-12,5.116240764380109e-12
16,4.3,lost,left,7,72,72,72,0,0.0,0.9912409969008036,1.0220291279949834e-10,1.0220291279949834e-10
16,4.3,lost,left,8,72,72,72,0,0.0,0.9922525307342154,1.2970502449860533e-10,3.945666016136329e-11
16,4.3,lost,left,9,72,72,72,0,0.0,0.9936716776011428,9.006018153456807e-12,3.0686564400639327e-12
16,4.3,lost,right,1,48,1,1,0,0.0,0.8506210013951421,0.0,0.0
16,4.3,lost,right,2,48,48,48,0,0.0,0.9174271838074224,0.0,6.508127370352668e-11
16,4.3,lost,right,3,48,48,48,0,0.0,0.961924707893521,1.9987567156931618e-11,1.9987567156931618e-11
16,4.3,lost,right,4,48,48,48,0,0.0,0.9683333371924714,1.1418643808269735e-12,2.7269297930843095e-12
16,4.3,lost,right,5,48,48,48,0,0.0,0.9703460879499767,4.690658972350548e-10,4.690658972350548e-10
16,4.3,trapped,left,3,72,1,1,0,0.0,0.8865816861101223,0.0,0.0
16,4.3,trapped,left,4,72,72,72,0,0.0,0.9465536242589062,0.0,0.0
16,4.3,trapped,left,5,72,72,72,0,0.0,0.9722798635801808,0.0,0.0
16,4.3,trapped,left,6,72,72,72,0,0.0,0.9761432128058383,0.0,3.6831745686694006e-07
16,4.3,trapped,left,7,72,72,72,0,0.0,0.9775088427723218,0.0,0.0005977745159271297
16,4.3,trapped,left,8,72,72,72,0,0.0,0.9785488180354368,0.0,0.00032373720921574645
16,4.3,trapped,right,1,48,1,1,0,0.0,0.8468399098806898,0.0,0.0
16,4.3,trapped,right,2,48,48,48,0,0.0,0.8989298614238818,0.0,7.129297152630443e-12
16,4.3,trapped,right,3,48,48,48,0,0.0,0.935837350809982,1.6173840045041743e-11,5.203282249510721e-11
16,4.3,trapped,right,4,48,48,48,0,0.0,0.9431379331461833,3.225697486897161e-11,3.225697486897161e-11
16,4.3,trapped,right,5,48,48,48,0,0.0,0.9469835097330866,0.0,7.623478745732992e-05
17,5.0,lost,left,2,75,1,1,0,0.0,0.9127040784940151,0.0,0.0
17,5.0,lost,left,3,75,75,75,0,0.0,0.9524792323291368,3.505040702123097e-11,8.736100731709939e-11
17,5.0,lost,left,4,75,75,75,0,0.0,0.9736972890921735,0.0,4.9581450056734866e-12
17,5.0,lost,left,5,75,75,75,0,0.0,0.9864772191193526,0.0,3.9563241571727303e-11
17,5.0,lost,left,6,75,75,75,0,0.0,0.9905351475483493,0.0,2.347614436182255e-09
17,5.0,lost,left,7,75,75,75,0,0.0,0.9934384410246401,0.0,6.52367049269742e-13
17,5.0,lost,left,8,75,75,75,0,0.0,0.9945121308671626,8.282341479315392e-10,4.869282643760187e-09
17,5.0,lost,left,9,75,75,74,0,0.0,0.9950847050478161,0.00027232888437356273,0.0002749845073131141
17,5.0,lost,right,1,45,1,1,0,0.0,0.9237092208022795,0.0,0.0
17,5.0,lost,right,2,45,45,45,0,0.0,0.9560570282748588,0.0,0.0
17,5.0,lost,right,3,45,45,45,0,0.0,0.9802982093274887,0.0,1.660749315846033e-11
17,5.0,lost,right,4,45,45,45,0,0.0,0.9857154930661928,1.5458190283368367e-10,0.0
17,5.0,lost,right,5,45,45,45,0,0.0,0.9910043771653205,2.6849189538324936e-11,0.0
17,5.0,lost,right,6,45,45,45,0,0.0,0.9923112603214486,0.0,8.855471911317636e-12
17,5.0,lost,right,7,45,45,45,0,0.0,0.9931311588022451,7.664668899565186e-11,1.0442047226888462e-10
17,5.0,trapped,left,1,75,1,1,0,0.0,0.715455440609406,0.0,0.0
17,5.0,trapped,left,2,75,75,75,0,0.0,0.9048849331743561,0.0,2.347011474057581e-13
17,5.0,trapped,left,3,75,75,75,0,0.0,0.9497947729145252,7.41295913542217e-12,0.0
17,5.0,trapped,left,4,75,75,75,0,0.0,0.9623649463729306,0.0,0.0
17,5.0,trapped,left,5,75,75,75,0,0.0,0.9753860634002421,0.0,0.0
17,5.0,trapped,left,6,75,75,75,0,0.0,0.9808332056077314,0.0,0.003059620096750537
17,5.0,trapped,left,7,75,75,75,0,0.0,0.9829965226312575,4.7037845385400345e-07,0.0
17,5.0,trapped,left,8,75,75,75,0,0.0,0.9846518963209481,1.432525527089723e-07,0.0
17,5.0,trapped,left,9,75,75,75,0,0.0,0.9859587435000018,0.0,0.0
17,5.0,trapped,right,1,45,1,1,0,0.0,0.9018097129937412,0.0,0.0
17,5.0,trapped,right,2,45,45,45,0,0.0,0.9415224778207987,0.0,0.0
17,5.0,trapped,right,3,45,45,45,0,0.0,0.9676004690250436,8.359535286217579e-11,0.0
17,5.0,trapped,right,4,45,45,45,0,0.0,0.975966551945693,8.664624573384572e-12,1.200163302073065e-10
17,5.0,trapped,right,5,45,45,45,0,0.0,0.9792388154370403,0.0,0.0
17,5.0,trapped,right,6,45,45,45,0,0.0,0.9821645324535027,0.0,1.5633339067733232e-10
17,5.0,trapped,right,7,45,45,45,0,0.0,0.9837463119499789,0.0,1.60787183900446e-07
18,6.0,lost,left,1,77,1,1,0,0.0,0.8762650520464905,0.0,0.0
18,6.0,lost,left,2,77,77,77,0,0.0,0.9208145767746297,0.0,0.0
18,6.0,lost,left,3,77,77,77,0,0.0,0.9684059690728277,9.034328840584749e-12,5.593081553456614e-12
18,6.0,lost,left,4,77,77,77,0,0.0,0.9757865943588109,0.0,0.0
18,6.0,lost,left,5,77,77,77,0,0.0,0.9797485394642298,1.2969403329066154e-10,0.0
18,6.0,lost,left,6,77,77,77,0,0.0,0.982283174579993,0.0,1.3559997569245752e-10
18,6.0,lost,left,7,77,77,77,0,0.0,0.9864588825440758,0.0,0.0019608367647792058
18,6.0,lost,left,8,77,77,77,0,0.0,0.988984395587168,0.0,0.0
18,6.0,lost,left,9,77,77,77,0,0.0,0.9902771747766186,5.733946650821053e-10,3.9603220702844055e-10
18,6.0,lost,right,1,43,1,1,0,0.0,0.8248860075052078,0.0,0.0
18,6.0,lost,right,2,43,43,43,0,0.0,0.9366119273281207,2.4172996937465996e-11,2.4172996937465996e-11
18,6.0,lost,right,3,43,43,43,0,0.0,0.9556733487998785,0.0,0.0
18,6.0,lost,right,4,43,43,43,0,0.0,0.9608557652724498,8.046308064280083e-11,8.046308064280083e-11
18,6.0,lost,right,5,43,43,43,0,0.0,0.9663200570400703,0.0,1.4988232877044538e-11
18,6.0,lost,right,6,43,43,43,0,0.0,0.9694514955279043,4.4874582938447816e-09,4.4874582938447816e-09
18,6.0,trapped,left,1,77,1,1,0,0.0,0.7494895563984872,0.0,0.0
18,6.0,trapped,left,2,77,77,77,0,0.0,0.8909912874409629,1.7156920328886827e-10,1.1345180350730288e-10
18,6.0,trapped,left,3,77,77,77,0,0.0,0.926887249704987,0.0,1.220135104063047e-12
18,6.0,trapped,left,4,77,77,77,0,0.0,0.9595309989514663,0.0,0.0
18,6.0,trapped,left,5,77,77,77,0,0.0,0.9627669306825324,2.4142909893498654e-12,1.0453971022172937e-11
18,6.0,trapped,left,6,77,77,77,0,0.0,0.9653321801887446,0.0,0.0
18,6.0,trapped,left,7,77,77,76,0,0.0,0.9671940500098848,0.0,5.4770050219810074e-05
18,6.0,trapped,left,8,77,77,77,0,0.0,0.968534497268392,0.0,0.0
18,6.0,trapped,right,1,43,1,1,0,0.0,0.7484471995295814,0.0,0.0
18,6.0,trapped,right,2,43,43,43,0,0.0,0.9127547356496422,1.939226557112761e-12,0.0
18,6.0,trapped,right,3,43,43,43,0,0.0,0.9367823537738793,0.0,2.3527846337856317e-11
18,6.0,trapped,right,4,43,43,43,0,0.0,0.9411393616972195,3.40394379350073e-12,0.0
19,8.0,lost,left,2,80,1,1,0,0.0,0.8684022486205834,0.0,0.0
19,8.0,lost,left,3,80,80,80,0,0.0,0.9500686404190438,4.605771319887708e-11,0.0
19,8.0,lost,left,4,80,80,80,0,0.0,0.9716980691896966,8.308020937874971e-12,0.0
19,8.0,lost,left,5,80,80,80,0,0.0,0.9739395312139502,0.0,0.0
19,8.0,lost,left,6,80,80,80,0,0.0,0.9796517047029303,0.0,0.003533913244012976
19,8.0,lost,left,7,80,80,80,0,0.0,0.9852919717339783,0.0,1.9638934922738827e-10
19,8.0,lost,left,8,80,80,80,0,0.0,0.988257550158499,1.1218015405489723e-10,1.6929613266825072e-10
19,8.0,lost,left,9,80,80,80,0,0.0,0.9902593073078786,0.0,0.00013226180599879012
19,8.0,lost,right,1,40,1,1,0,0.0,0.9266313009355257,0.0,0.0
19,8.0,lost,right,2,40,40,40,0,0.0,0.9693850059919257,1.7233547922046455e-11,2.1860790955230414e-10
19,8.0,lost,right,3,40,40,40,0,0.0,0.9753151343836031,4.348611470916808e-10,4.348611470916808e-10
19,8.0,lost,right,4,40,40,40,0,0.0,0.9801541482189028,0.0007567513084169031,0.0007567512530747278
19,8.0,lost,right,5,40,40,40,0,0.0,0.9856926448415757,0.0,4.9024451165280425e-11
19,8.0,lost,right,6,40,40,40,0,0.0,0.9918138136152921,0.0,1.8690893277550913e-10
19,8.0,lost,right,7,40,40,40,0,0.0,0.9929915416838178,3.785260993538486e-11,2.0677792811341078e-11
19,8.0,lost,right,8,40,40,40,0,0.0,0.9937358015360765,0.0,1.338407162876365e-11
19,8.0,trapped,left,1,80,1,1,0,0.0,0.7173894524514144,0.0,0.0
19,8.0,trapped,left,2,80,80,80,0,0.0,0.8510189772017109,0.0,0.0
19,8.0,trapped,left,3,80,80,80,0,0.0,0.9090379011260417,2.842170943040401e-14,5.551115123125783e-16
19,8.0,trapped,left,4,80,80,80,0,0.0,0.9418861642214471,0.0,3.956834859764058e-13
19,8.0,trapped,left,5,80,80,80,0,0.0,0.958338712406896,1.260913595757529e-11,0.0
19,8.0,trapped,left,6,80,80,80,0,0.0,0.9626954084781185,0.0,2.5757840305118407e-11
19,8.0,trapped,left,7,80,80,80,0,0.0,0.9662780886367105,0.0,0.0
19,8.0,trapped,left,8,80,80,80,0,0.0,0.9687505150065762,0.0,2.4794330610866666e-07
19,8.0,trapped,left,9,80,80,80,0,0.0,0.9700137222407019,0.0002464458700630612,0.0002464458700630612
19,8.0,trapped,right,1,40,1,1,0,0.0,0.802732832574497,0.0,0.0
19,8.0,trapped,right,2,40,40,40,0,0.0,0.944403321286599,0.0,6.012479403239013e-11
19,8.0,trapped,right,3,40,40,40,0,0.0,0.9667088702392634,0.0,5.59273738431898e-11
19,8.0,trapped,right,4,40,40,40,0,0.0,0.9741125544943211,1.6143753001074401e-12,0.0
19,8.0,trapped,right,5,40,40,40,0,0.0,0.9756488181724303,0.0,3.55484208736101e-09
