RF_amplitude,tickle_frequency,ratio_signal,ratio_lost,loading_signal,trapped_signal,lost_signal,time_cost,keysight_amplitude
6,198,0.14491421568627452,0.0,6528,946,0,4.8183088302612305,12.858
1,149,0.09368115942028986,0.0,8625,808,0,4.794088840484619,12.832
2,192,0.1175475687103594,0.0,9460,1112,0,4.781431198120117,11.418
6,180,0.14142049025769957,0.0,9546,1350,0,4.8847832679748535,12.867
0,39,0.03105649233114223,0.0,10497,326,0,4.7651612758636475,10.258
3,107,0.13256893774282194,0.0,10553,1399,0,4.859318256378174,11.858
6,197,0.13699555898822166,0.0,10358,1419,0,4.893915414810181,12.861
6,146,0.13635506973237843,0.0,10612,1447,0,4.82166051864624,12.83
1,76,0.0006163056876210601,0.0,11358,7,0,4.761446237564087,10.892
0,188,0.0435917515009136,0.0,11493,501,0,4.797076463699341,10.268
3,35,0.126769452709404,0.0,11091,1406,0,4.856842756271362,11.861
3,25,0.1261505143475907,0.0,11082,1398,0,4.827136516571045,11.853
6,105,0.1304388248419487,0.0,10756,1403,0,4.826334238052368,12.859
2,25,0.11384966231032366,0.0,11401,1298,0,4.837619781494141,11.388
6,110,0.13468426013195098,0.0,10610,1429,0,4.820026636123657,12.853
4,120,0.1391954756909605,0.0,10963,1526,0,4.84874415397644,12.185
3,190,0.12551903114186852,0.0,11560,1451,0,4.817184209823608,11.837
3,92,0.1152614727854856,0.0,11244,1296,0,4.922744989395142,11.848
2,116,0.10690617370073248,0.0,11468,1226,0,4.785751104354858,11.406
4,63,0.09445046999276935,0.0,11064,1045,0,4.82068657875061,12.222
3,79,0.11116035812427977,0.0,11281,1254,0,4.853322744369507,11.844
1,73,0.045485812553740325,0.0,11630,529,0,4.821110963821411,10.907
0,110,0.03853530950305144,0.0,11470,442,0,4.7926552295684814,10.268
1,169,0.09356976844279935,0.0,11617,1087,0,4.88958477973938,10.924
1,2,0.09134406263592866,0.0,11495,1050,0,4.867402076721191,10.922
6,144,0.13270802377414562,0.0,10768,1429,0,4.959537744522095,12.859
3,68,0.10027315181954358,0.0,11349,1138,0,4.861811876296997,11.832
6,140,0.12781680503603685,0.0,10961,1401,0,4.8935387134552,12.849
4,16,0.1353099730458221,0.0,11130,1506,0,4.890588998794556,12.189
4,193,0.14121037463976946,0.0,11104,1568,0,4.921782732009888,12.201
1,185,0.08828537374425337,0.0,11746,1037,0,4.830762624740601,10.899
4,110,0.13378196500672948,0.0,11145,1491,0,4.876213073730469,12.218
6,55,0.12133036046079525,0.0,10764,1306,0,4.905642032623291,12.84
2,168,0.11840457878733679,0.0,11182,1324,0,4.854916572570801,11.384
4,69,0.08679004467134652,0.0,10969,952,0,4.811578273773193,12.209
0,46,0.008430206761913214,0.0,11269,95,0,4.77455472946167,10.253
0,161,0.036636794939377965,0.0,11382,417,0,4.813838958740234,10.262
0,162,0.035126331543269655,0.0,11359,399,0,4.8021979331970215,10.264
1,89,0.08268263057435364,0.0,11526,953,0,4.820497751235962,10.916
6,74,0.1225113436429299,0.0,10799,1323,0,4.844731569290161,12.868
0,176,0.03464912280701754,0.0,11400,395,0,4.797505617141724,10.243
6,193,0.13618207152810033,0.0,10765,1466,0,4.856012344360352,12.855
1,113,0.0794735942573919,0.0,11702,930,0,4.814563274383545,10.884
0,8,0.03961855223233637,0.0,11535,457,0,4.792119979858398,10.266
3,19,0.12681638044914134,0.0,11355,1440,0,4.855766296386719,11.852
0,97,0.03512800884579399,0.0,11757,413,0,4.819594621658325,10.257
0,142,0.031964656964656966,0.0,11544,369,0,4.7721569538116455,10.272
1,163,0.09105931466341972,0.0,11498,1047,0,4.892027139663696,10.915
1,30,0.05565024714504858,0.0,11734,653,0,4.808004379272461,10.916
6,18,0.11769570011025358,0.0,10884,1281,0,4.889045238494873,12.857
6,176,0.12784013139885025,0.0,10959,1401,0,4.826117753982544,12.821
0,122,0.03768517716364896,0.0,11543,435,0,4.782641887664795,10.241
2,129,0.11408808335522283,0.0,11421,1303,0,4.854367971420288,11.404
0,92,0.02209042461750043,0.0,11634,257,0,4.772196054458618,10.253
3,73,0.1111404667547336,0.0,11355,1262,0,4.8350443840026855,11.853
3,66,0.08344243693811644,0.0,11457,956,0,4.849054574966431,11.844
4,166,0.12690084481991998,0.0,11245,1427,0,4.892326354980469,12.207
1,178,0.09218642906100069,0.0,11672,1076,0,4.844326496124268,10.895
2,58,0.04254586168288692,0.0,11611,494,0,4.783326864242554,11.4
1,16,0.08296041308089501,0.0,11620,964,0,4.863736391067505,10.883
1,24,0.07911065149948293,0.0,11604,918,0,4.850930690765381,10.894
0,16,0.033442509912084126,0.0,11602,388,0,4.809826850891113,10.239
3,69,0.10629784272790536,0.0,11496,1222,0,4.868477821350098,11.836
4,19,0.127068345323741,0.0,11120,1413,0,4.888868093490601,12.196
2,43,0.10558366926837637,0.0,11659,1231,0,4.805091381072998,11.377
4,196,0.13259766841683723,0.0,11237,1490,0,4.871894598007202,12.195
1,65,0.05715509854327335,0.0,11670,667,0,4.810418367385864,10.876
0,76,0.02495697074010327,0.0,11620,290,0,4.793245792388916,10.243
2,141,0.11181236673773987,0.0,11725,1311,0,4.80706262588501,11.388
0,151,0.03432163792371081,0.0,11771,404,0,4.806701421737671,10.243
0,104,0.033152909336941816,0.0,11824,392,0,4.790994882583618,10.241
2,179,0.1092986741102582,0.0,11464,1253,0,4.861479997634888,11.402
6,135,0.12721299507209344,0.0,10958,1394,0,4.806328058242798,12.837
6,106,0.12041021884442817,0.0,10921,1315,0,4.8450376987457275,12.795
0,74,0.01918864452816963,0.0,11413,219,0,4.862086772918701,10.213
2,14,0.10962886950572943,0.0,11694,1282,0,4.755112409591675,11.381
3,161,0.1311301581691261,0.0,11317,1484,0,4.821681022644043,11.819
3,81,0.09732657697012057,0.0,11446,1114,0,4.859062433242798,11.814
6,26,0.12276430377376159,0.0,10679,1311,0,4.845433235168457,12.818
0,77,0.024423804609563123,0.0,11628,284,0,4.737841844558716,10.207
4,26,0.12432578209277238,0.0,11124,1383,0,4.816844701766968,12.183
6,186,0.12879897473452948,0.0,10924,1407,0,4.862603187561035,12.807
0,127,0.030061664953751285,0.0,11676,351,0,4.7647740840911865,10.207
6,28,0.11444393170281496,0.0,10835,1240,0,4.876230478286743,12.82
1,88,0.07537517053206003,0.0,11728,884,0,4.818160533905029,10.855
0,61,0.014442317730990082,0.0,11494,166,0,4.768462896347046,10.23
0,134,0.028687814179233835,0.0,11538,331,0,4.808120489120483,10.231
1,160,0.07868739798986342,0.0,11641,916,0,4.8720176219940186,10.891
6,178,0.12425927614185432,0.0,10969,1363,0,4.840271234512329,12.828
3,17,0.12735554166294544,0.0,11197,1426,0,4.868887424468994,11.798
4,197,0.13482029980133647,0.0,11074,1493,0,4.824994325637817,12.181
3,31,0.09343609282992726,0.0,11548,1079,0,4.812112808227539,11.812
2,54,0.09830626855247075,0.0,11454,1126,0,4.878952503204346,11.367
0,107,0.02996845425867508,0.0,11412,342,0,4.775578737258911,10.23
2,49,0.09710361827625671,0.0,11359,1103,0,4.853250503540039,11.381
6,111,0.12799629801018048,0.0,10805,1383,0,4.884124755859375,12.825
4,146,0.1252602045433976,0.0,11049,1384,0,4.84797215461731,12.149
4,45,0.11198695297635226,0.0,11037,1236,0,4.845174074172974,12.164
6,124,0.12347729789590255,0.0,10836,1338,0,4.815923452377319,12.8
4,182,0.12742456896551724,0.0,11136,1419,0,4.87431788444519,12.146
2,71,0.10016827561774864,0.0,11291,1131,0,4.846078634262085,11.355
6,131,0.12682255845942228,0.0,10905,1383,0,4.817600965499878,12.808
3,141,0.12501116171086704,0.0,11199,1400,0,4.854769945144653,11.786
3,170,0.11709789277140571,0.0,11247,1317,0,4.849059820175171,11.801
1,12,0.0732961851693099,0.0,11665,855,0,4.873225212097168,10.857
4,160,0.13104581127943055,0.0,10958,1436,0,4.867137670516968,12.176
4,53,0.12621890093866764,0.0,10973,1385,0,4.884787559509277,12.164
6,114,0.13359102479494672,0.0,10607,1417,0,4.900629281997681,12.798
6,129,0.12143900657414171,0.0,10952,1330,0,4.904278039932251,12.777
1,59,0.05410350235232619,0.0,11478,621,0,4.788290977478027,10.84
0,41,0.010743446497636441,0.0,11635,125,0,4.724149703979492,10.214
4,20,0.12507925006792864,0.0,11041,1381,0,4.8261024951934814,12.18
3,71,0.10845169209188146,0.0,11406,1237,0,4.883650064468384,11.802
0,43,0.013921113689095127,0.0,11206,156,0,4.810893535614014,10.217
6,152,0.1296800225204091,0.0,10657,1382,0,4.8433837890625,12.825
0,159,0.026217228464419477,0.0,11481,301,0,4.792492866516113,10.204
0,3,0.028495102404274265,0.0,11230,320,0,4.754484415054321,10.22
2,145,0.10817412544709064,0.0,11463,1240,0,4.805022954940796,11.375
1,111,0.07897010540867462,0.0,11574,914,0,4.794678211212158,10.869
0,20,0.027775312805040375,0.0,11269,313,0,4.843181133270264,10.231
2,156,0.1111502244125671,0.0,11363,1263,0,4.824630260467529,10.235
1,127,0.07507875393769689,0.0,11428,858,0,4.832064390182495,10.878
3,140,0.12328046963988434,0.0,11413,1407,0,4.9019012451171875,11.823
3,5,0.12591862340921312,0.0,11158,1405,0,4.907607316970825,11.815
6,122,0.1251058225942997,0.0,10631,1330,0,4.813979625701904,12.814
2,45,0.09201204392490259,0.0,11292,1039,0,4.8508265018463135,11.343
3,122,0.1184766010958412,0.0,11133,1319,0,4.869071006774902,11.805
2,184,0.1072722452946894,0.0,11317,1214,0,4.872000217437744,11.362
6,103,0.10436605596572783,0.0,10971,1145,0,4.808630466461182,12.812
0,144,0.02312737314463238,0.0,11588,268,0,4.778670072555542,10.204
4,147,0.125496569158541,0.0,11076,1390,0,4.81731653213501,12.168
2,37,0.09031575233727289,0.0,11338,1024,0,4.847759962081909,11.356
4,145,0.11991434689507495,0.0,11208,1344,0,4.84725284576416,12.177
4,52,0.11807423345884885,0.0,11154,1317,0,4.781320333480835,12.165
6,37,0.12669172932330827,0.0,10640,1348,0,4.896015167236328,12.795
2,130,0.10327897597755567,0.0,11406,1178,0,4.824129819869995,11.334
1,157,0.06973406500633178,0.0,11845,826,0,4.804649829864502,10.857
0,111,0.021899690827894194,0.0,11644,255,0,4.7943127155303955,10.224
6,200,0.13133903133903133,0.0,10530,1383,0,4.878389835357666,12.811
4,88,0.10106141703710424,0.0,11023,1114,0,4.798074960708618,12.146
2,194,0.10127022794501479,0.0,11494,1164,0,4.86206316947937,11.356
2,48,0.10108850820842255,0.0,11208,1133,0,4.815621376037598,11.366
0,51,0.017407605784681306,0.0,11202,195,0,4.816178560256958,10.217
4,140,0.1252394417586427,0.0,10963,1373,0,4.908536672592163,12.177
0,126,0.02400844252924105,0.0,11371,273,0,4.786253929138184,10.214
6,133,0.12405205505102518,0.0,10681,1325,0,4.8981614112854,12.821
6,142,0.12661816120192762,0.0,10583,1340,0,4.881075859069824,12.778
3,196,0.11846846846846847,0.0,11100,1315,0,4.811273574829102,11.784
4,148,0.1244298485677796,0.0,10962,1364,0,4.827507972717285,12.161
1,43,0.06560392397302268,0.0,11417,749,0,4.819684267044067,10.852
4,156,0.1185929648241206,0.0,10945,1298,0,4.80158805847168,12.172
6,191,0.12395516717325228,0.0,10528,1305,0,4.897684574127197,12.792
6,85,0.11801242236024845,0.0,10787,1273,0,4.856832265853882,12.774
1,104,0.06993610775341047,0.0,11582,810,0,4.855290174484253,10.836
0,91,0.014522091181130082,0.0,11362,165,0,4.746244192123413,10.216
0,194,0.027549163995495105,0.0,11543,318,0,4.806812047958374,10.216
1,23,0.07018465038942855,0.0,11427,802,0,4.776404142379761,10.874
3,29,0.1031802751474004,0.0,11194,1155,0,4.9356606006622314,11.81
0,45,0.005502307419240326,0.0,11268,62,0,4.801395654678345,10.222
2,52,0.09404470834788684,0.0,11452,1077,0,4.850939989089966,11.373
4,91,0.12097138214317957,0.0,11077,1340,0,4.892264127731323,12.174
4,49,0.11393337014540769,0.0,10866,1238,0,4.872128009796143,12.163
4,79,0.11730556579432362,0.0,10852,1273,0,4.825629234313965,12.16
1,107,0.06227636735389334,0.0,11738,731,0,4.800180912017822,10.857
4,70,0.08651491792872042,0.0,11027,954,0,4.8573157787323,12.181
3,139,0.11779849090102086,0.0,11265,1327,0,4.84957480430603,11.798
4,138,0.12939018798716184,0.0,10905,1411,0,4.904590129852295,12.172
6,130,0.12065458579881656,0.0,10816,1305,0,4.8803887367248535,12.795
4,155,0.12195568577183666,0.0,10922,1332,0,4.917272329330444,12.136
1,39,0.06661916636978982,0.0,11228,748,0,4.833026170730591,10.848
1,175,0.06912681912681913,0.0,11544,798,0,4.852745294570923,10.86
1,55,0.04575853572685674,0.0,11364,520,0,4.770364284515381,10.866
1,36,0.065847922654821,0.0,11481,756,0,4.898468494415283,10.87
2,46,0.09159415089261684,0.0,11147,1021,0,4.860743045806885,11.369
1,141,0.07254385964912281,0.0,11400,827,0,4.862396955490112,10.872
1,61,0.05133214920071048,0.0,11260,578,0,4.799254894256592,10.87
1,49,0.05074919728861934,0.0,11212,569,0,4.855897426605225,10.872
1,121,0.06723802792012723,0.0,11318,761,0,4.759797096252441,10.876
0,189,0.025647759103641456,0.0,11424,293,0,4.720247030258179,10.229
2,26,0.09207650273224044,0.0,10980,1011,0,4.8533196449279785,11.38
2,163,0.09818246614397719,0.0,11224,1102,0,4.8544371128082275,11.376
6,77,0.11415264708677883,0.0,10521,1201,0,4.845566272735596,12.819
6,167,0.1251865671641791,0.0,10720,1342,0,4.879605293273926,12.78
4,149,0.11920226877687311,0.0,10931,1303,0,4.861570596694946,12.142
6,41,0.11252371916508538,0.0,10540,1186,0,4.809030294418335,12.795
3,135,0.11736875625511782,0.0,10991,1290,0,4.858092546463013,11.779
6,175,0.12158367652564582,0.0,10684,1299,0,4.843923807144165,12.797
2,173,0.0990367775831874,0.0,11420,1131,0,4.902000665664673,11.337
6,108,0.12423816221284575,0.0,10665,1325,0,4.8200013637542725,12.804
6,79,0.11410788381742738,0.0,10604,1210,0,4.843297004699707,12.772
1,10,0.07318161535029005,0.0,11205,820,0,4.838045120239258,10.839
0,54,0.013675666137286041,0.0,11334,155,0,4.755896329879761,10.212
4,67,0.0351493848857645,0.0,10811,380,0,4.73917293548584,12.164
0,136,0.0222062393239234,0.0,11123,247,0,4.826018810272217,10.215
1,69,0.05579550462758925,0.0,11345,633,0,4.761519193649292,10.875
3,60,0.08251153532977472,0.0,11053,912,0,4.850585460662842,11.815
0,4,0.023646209386281588,0.0,11080,262,0,4.750382423400879,10.216
0,85,0.021195459382759844,0.0,11276,239,0,4.7442169189453125,10.228
1,54,0.022617987533392697,0.0,11230,254,0,4.79410457611084,10.886
0,18,0.018511925952296192,0.0,11236,208,0,4.847917079925537,10.241
6,54,0.11167463181507851,0.0,10253,1145,0,4.810211420059204,12.836
2,187,0.10139183334869573,0.0,10849,1100,0,4.792552709579468,11.357
2,91,0.08542899408284024,0.0,10816,924,0,4.84736442565918,11.371
0,157,0.019938650306748466,0.0,11084,221,0,4.7685277462005615,10.228
1,138,0.0751186319276569,0.0,11169,839,0,4.7310168743133545,10.889
3,80,0.10088085303662495,0.0,10785,1088,0,4.840713262557983,11.827
2,172,0.10428389907424215,0.0,11018,1149,0,4.87961745262146,11.375
0,173,0.020649504229964522,0.0,10993,227,0,4.760915279388428,10.228
1,153,0.0679272336230845,0.0,11159,758,0,4.797094106674194,10.889
4,96,0.10433553251649387,0.0,10610,1107,0,4.817145824432373,12.196
0,63,0.009262622593534326,0.0,11012,102,0,4.840477228164673,10.228
2,151,0.09967786470317533,0.0,10865,1083,0,4.8581602573394775,11.384
3,178,0.11643645128395291,0.0,10787,1256,0,4.849636554718018,11.819
0,152,0.024177777777777777,0.0,11250,272,0,4.7317540645599365,10.228
1,17,0.06825784287134978,0.0,11061,755,0,4.866413593292236,10.889
2,30,0.03269406392694064,0.0,10950,358,0,4.803645133972168,11.387
3,176,0.12041547936391213,0.0,10879,1310,0,4.811689138412476,11.825
6,25,0.11704292219746149,0.0,10321,1208,0,4.89002799987793,12.823
6,4,0.11770853125593768,0.0,10526,1239,0,4.811282396316528,12.786
6,166,0.12989530825901513,0.0,10316,1340,0,4.897672414779663,12.78
0,34,0.019801980198019802,0.0,11009,218,0,4.746837377548218,10.197
1,90,0.06682769726247988,0.0,11178,747,0,4.834035158157349,10.867
1,173,0.06598488216985327,0.0,11245,742,0,4.850170373916626,10.875
4,87,0.09745283018867924,0.0,10600,1033,0,4.842007875442505,12.183
2,7,0.10079623597538907,0.0,11052,1114,0,4.827223062515259,11.359
2,119,0.09627773801002147,0.0,11176,1076,0,4.894792556762695,11.372
6,57,0.11794625719769673,0.0,10420,1229,0,4.847966432571411,12.82
3,101,0.1171368574819684,0.0,10953,1283,0,4.863138198852539,11.791
0,31,0.012351086194814296,0.0,11416,141,0,4.7644243240356445,10.216
4,136,0.12710911136107986,0.0,10668,1356,0,4.922048330307007,12.18
4,169,0.1225199811941702,0.0,10635,1303,0,4.812288761138916,12.163
6,134,0.11959311721646544,0.0,10519,1258,0,4.836394786834717,12.799
6,148,0.12266899766899766,0.0,10296,1263,0,4.904512405395508,12.782
2,120,0.09588667937891583,0.0,11013,1056,0,4.8607542514801025,11.335
0,130,0.02205684569174213,0.0,11153,246,0,4.740824460983276,10.208
3,74,0.09947127878842191,0.0,11159,1110,0,4.786174058914185,11.81
4,40,0.10684351109883025,0.0,10857,1160,0,4.841942071914673,12.175
4,106,0.11877252980866994,0.0,10819,1285,0,4.8836610317230225,12.164
3,87,0.10483069977426636,0.0,11075,1161,0,4.844175815582275,11.8
6,50,0.11085405822247928,0.0,10374,1150,0,4.857416152954102,12.801
4,104,0.1197795010744651,0.0,10703,1282,0,4.844241380691528,12.141
3,97,0.1119934282584885,0.0,10956,1227,0,4.861485719680786,11.792
3,124,0.1130936041723854,0.0,10929,1236,0,4.891265869140625,11.8
1,51,0.039151568714096335,0.0,11315,443,0,4.749713182449341,10.863
3,88,0.10454959053685169,0.0,10990,1149,0,4.87066650390625,11.811
1,98,0.06089521165857044,0.0,11528,702,0,4.80507230758667,10.863
0,146,0.02242311441992378,0.0,11283,253,0,4.774744510650635,10.224
3,184,0.11592642440556303,0.0,11145,1292,0,4.851480722427368,11.823
0,196,0.01719858156028369,0.0,11280,194,0,4.836010217666626,10.227
6,15,0.11703239289446186,0.0,10527,1232,0,4.88638973236084,12.82
0,143,0.01917510853835022,0.0,11056,212,0,4.773509740829468,10.207
6,78,0.10801018409714062,0.0,10212,1103,0,4.842050313949585,12.819
6,159,0.12524047710657946,0.0,10396,1302,0,4.826595783233643,12.782
6,64,0.10959169818640287,0.0,10311,1130,0,4.822960138320923,12.773
3,47,0.10934045689019897,0.0,10856,1187,0,4.850454092025757,11.777
1,125,0.06323792486583184,0.0,11180,707,0,4.832522869110107,10.859
3,13,0.11502259036144578,0.0,10624,1222,0,4.818555116653442,11.809
0,80,0.016234664698828522,0.0,10841,176,0,4.777184247970581,10.211
6,177,0.12562814070351758,0.0,10348,1300,0,4.851485967636108,12.815
2,84,0.08202093764223942,0.0,10985,901,0,4.907339334487915,11.34
0,81,0.017980249673933295,0.0,10734,193,0,4.7383623123168945,10.214
0,57,0.015548357242017585,0.0,10805,168,0,4.7755396366119385,10.219
4,114,0.1140826631756125,0.0,10694,1220,0,4.8043529987335205,12.186
4,90,0.1175265775870477,0.0,10253,1205,0,4.876662969589233,12.169
4,195,0.1222074971601666,0.0,10564,1291,0,4.800455808639526,12.169
3,142,0.12339864355689525,0.0,10616,1310,0,4.842474937438965,11.804
0,118,0.019785502958579882,0.0,10816,214,0,4.811826944351196,10.216
2,36,0.08764233712899011,0.0,10714,939,0,4.879780054092407,11.376
3,125,0.11473101117265984,0.0,10651,1222,0,4.83443808555603,11.815
0,169,0.021581429089590133,0.0,11028,238,0,4.791694641113281,10.224
6,40,0.11460240963855421,0.0,10375,1189,0,4.904120683670044,12.821
6,71,0.10362444572970889,0.0,10374,1075,0,4.831876993179321,12.782
0,124,0.01746379991224221,0.0,11395,199,0,4.8030102252960205,10.2
6,169,0.12293074737976295,0.0,10209,1255,0,4.872849941253662,12.808
0,98,0.021929824561403508,0.0,10944,240,0,4.818773508071899,10.195
4,31,0.10076206604572396,0.0,10629,1071,0,4.8834803104400635,12.173
3,193,0.11044271078108844,0.0,10639,1175,0,4.849465370178223,11.8
0,36,0.016029479502533396,0.0,10855,174,0,4.751124620437622,10.217
1,64,0.047272064851079335,0.0,10979,519,0,4.821689128875732,10.877
2,67,0.07485551784239979,0.0,10901,816,0,4.845370769500732,11.376
6,158,0.12071330589849108,0.0,10206,1232,0,4.8954620361328125,12.814
6,7,0.12059498851951682,0.0,10017,1208,0,4.796811819076538,12.784
2,121,0.09415883545236779,0.0,10854,1022,0,4.8859405517578125,11.338
4,128,0.11961310093851753,0.0,10442,1249,0,4.835533857345581,12.172
1,40,0.05151431969988105,0.0,10929,563,0,4.8039631843566895,10.859
6,145,0.12340596445426248,0.0,9959,1229,0,4.899025201797485,12.803
2,193,0.09430955282647417,0.0,10667,1006,0,4.852006673812866,11.34
6,149,0.12376188094047023,0.0,9995,1237,0,4.85652756690979,12.804
4,200,0.11936108422071635,0.0,10330,1233,0,4.806711196899414,12.137
4,137,0.11361179361179362,0.0,10175,1156,0,4.820426940917969,12.159
0,183,0.020328235732935473,0.0,10724,218,0,4.815465688705444,10.21
4,21,0.1163890805164088,0.0,10147,1181,0,4.847985029220581,12.176
6,115,0.1222200158856235,0.0,10072,1231,0,4.8664937019348145,12.793
3,194,0.1193529862174579,0.0,10448,1247,0,4.838226795196533,11.78
2,106,0.09493849187717157,0.0,10649,1011,0,4.800747871398926,11.357
1,46,0.04518321241619983,0.0,10889,492,0,4.764293909072876,10.863
2,41,0.09617930773595612,0.0,10574,1017,0,4.80229640007019,11.366
3,22,0.10817031070195628,0.0,10428,1128,0,4.893760681152344,11.809
0,186,0.022344322344322345,0.0,10920,244,0,4.795733213424683,10.206
1,34,0.059683538447302675,0.0,10807,645,0,4.773829698562622,10.864
0,55,0.013855532976168483,0.0,10826,150,0,4.733113050460815,10.216
3,44,0.10312588535272453,0.0,10589,1092,0,4.840360641479492,11.81
0,200,0.01859986914664922,0.0,10699,199,0,4.801645278930664,10.206
4,102,0.12685274302213667,0.0,10390,1318,0,4.867636203765869,12.178
3,20,0.11317307692307692,0.0,10400,1177,0,4.894296407699585,11.795
2,199,0.09394610557401255,0.0,10836,1018,0,4.847002267837524,11.359
2,87,0.07728927471296555,0.0,10713,828,0,4.772478103637695,11.364
2,94,0.0953759925268566,0.0,10705,1021,0,4.861557245254517,11.364
2,68,0.07998511904761904,0.0,10752,860,0,4.882109880447388,11.365
1,96,0.06042686870553451,0.0,10823,654,0,4.767307281494141,10.866
1,105,0.06133382597450582,0.0,10826,664,0,4.829015731811523,10.874
3,54,0.10746019992595335,0.0,10804,1161,0,4.831402540206909,11.813
0,94,0.011725602437448066,0.0,10831,127,0,4.786796808242798,10.219
6,14,0.12176619334759774,0.0,10282,1252,0,4.883756637573242,12.813
2,109,0.0960467706013363,0.0,10776,1035,0,4.834136724472046,11.333
4,176,0.12173582755673726,0.0,10531,1282,0,4.827645301818848,12.162
2,188,0.09616091109478325,0.0,10888,1047,0,4.826348781585693,11.351
0,167,0.021448212648945923,0.0,10910,234,0,4.734725713729858,10.216
4,4,0.12766163375919473,0.0,10332,1319,0,4.861549139022827,12.171
6,84,0.10868924889543446,0.0,10185,1107,0,4.836019277572632,12.793
0,180,0.018805309734513276,0.0,10848,204,0,4.78739070892334,10.193
4,72,0.10742616840294371,0.0,10463,1124,0,4.879650354385376,12.164
0,145,0.020148365234911623,0.0,10919,220,0,4.735987901687622,10.199
1,106,0.055891647855530475,0.0,11075,619,0,4.795564651489258,10.869
3,59,0.08857786962239339,0.0,10646,943,0,4.838264226913452,11.806
2,40,0.08972463500277213,0.0,10822,971,0,4.828431606292725,11.357
2,75,0.0753456435000464,0.0,10777,812,0,4.833461761474609,11.36
3,10,0.11659693165969316,0.0,10755,1254,0,4.7789905071258545,11.804
2,177,0.09964481136603628,0.0,10417,1038,0,4.860652685165405,11.36
4,175,0.11803921568627451,0.0,10200,1204,0,4.857416152954102,12.174
0,174,0.016522718738265114,0.0,10652,176,0,4.761890888214111,10.208
2,167,0.09578215747881558,0.0,10503,1006,0,4.880316495895386,11.367
2,162,0.09195848287903774,0.0,10309,948,0,4.795737028121948,11.364
1,41,0.051388626487814094,0.0,10586,544,0,4.8263099193573,10.865
3,1,0.11142802814223236,0.0,10518,1172,0,4.817821502685547,11.813
4,142,0.12218712988551125,0.0,10132,1238,0,4.8170247077941895,12.169
4,50,0.10665469420333233,0.0,10023,1069,0,4.795477867126465,12.157
2,74,0.07800282618935468,0.0,10615,828,0,4.782363414764404,11.351
6,156,0.12468373646392066,0.0,9881,1232,0,4.892289638519287,12.803
1,38,0.054711538461538464,0.0,10400,569,0,4.800338506698608,10.834
4,32,0.09991140860320898,0.0,10159,1015,0,4.875367879867554,12.164
1,140,0.06268262795739467,0.0,10609,665,0,4.840929269790649,10.853
2,118,0.09811392646218327,0.0,10498,1030,0,4.82401442527771,11.36
3,188,0.11263391564520799,0.0,10361,1167,0,4.806512832641602,11.802
3,30,0.09202096680256261,0.0,10302,948,0,4.851743459701538,11.8
1,123,0.05711619225384974,0.0,10715,612,0,4.783777236938477,10.857
2,190,0.09989534773094853,0.0,10511,1050,0,4.903554916381836,11.364
0,11,0.020440693858415376,0.0,10665,218,0,4.735132694244385,10.219
6,13,0.12235694959414771,0.0,9979,1221,0,4.821638584136963,12.814
0,163,0.018551154809386884,0.0,10781,200,0,4.729193210601807,10.202
0,192,0.01842451588644482,0.0,10638,196,0,4.814234733581543,10.208
6,174,0.12574789575093803,0.0,9861,1240,0,4.831833362579346,12.817
0,93,0.01081181843601454,0.0,10729,116,0,4.746603965759277,10.193
3,113,0.11202495745887692,0.0,10578,1185,0,4.849756956100464,11.804
6,190,0.11757719714964371,0.0,10104,1188,0,4.805298089981079,12.8
1,189,0.057829759584145546,0.0,10773,623,0,4.824043273925781,10.834
6,46,0.10432645034414946,0.0,10170,1061,0,4.826638221740723,12.809
3,76,0.10219388711794487,0.0,10666,1090,0,4.927546262741089,11.778
2,90,0.03952350170837566,0.0,10829,428,0,4.754032850265503,11.351
0,120,0.016274365575579257,0.0,10876,177,0,4.760311841964722,10.206
0,6,0.020165319284222,0.0,11009,222,0,4.748953819274902,10.213
4,75,0.10960364376393061,0.0,10319,1131,0,4.824023008346558,12.177
4,95,0.10360618202633086,0.0,10482,1086,0,4.790141582489014,12.158
1,81,0.04010744720266766,0.0,10796,433,0,4.79826021194458,10.857
1,4,0.060805860805860805,0.0,10920,664,0,4.752870321273804,10.864
2,125,0.09325997248968364,0.0,10905,1017,0,4.8768932819366455,11.363
0,197,0.01759504056887592,0.0,10969,193,0,4.760438442230225,10.217
3,26,0.09481754658385093,0.0,10304,977,0,4.853375434875488,11.812
0,86,0.016559424678274034,0.0,10568,175,0,4.785253524780273,10.214
4,34,0.1194359171143515,0.0,10424,1245,0,4.870825290679932,12.183
4,122,0.11250598945855295,0.0,10435,1174,0,4.812910556793213,12.165
1,155,0.056760800448849826,0.0,10694,607,0,4.8049163818359375,10.857
3,165,0.11726006191950464,0.0,10336,1212,0,4.8539488315582275,11.807
3,177,0.12021058789119625,0.0,10257,1233,0,4.891662836074829,11.798
1,8,0.05704697986577181,0.0,10430,595,0,4.797818899154663,10.86
6,62,0.1055465258025193,0.0,9844,1039,0,4.859896183013916,12.804
6,1,0.1273209549071618,0.0,9802,1248,0,4.889612197875977,12.774
1,144,0.05847465480493003,0.0,10791,631,0,4.799161434173584,10.834
0,140,0.017879338368868916,0.0,10459,187,0,4.7918922901153564,10.21
2,138,0.09329000191168037,0.0,10462,976,0,4.782460927963257,11.363
2,126,0.09406992466679544,0.0,10354,974,0,4.85868501663208,11.359
3,90,0.09769128029002098,0.0,10482,1024,0,4.830771446228027,11.804
2,128,0.09138555364970459,0.0,10494,959,0,4.815073490142822,11.359
1,129,0.059214903526280775,0.0,10521,623,0,4.818819284439087,10.864
6,119,0.12290222088232339,0.0,9951,1223,0,4.851221561431885,12.814
0,182,0.016811431773606052,0.0,10707,180,0,4.726834774017334,10.187
2,89,0.030414312617702447,0.0,10620,323,0,4.804605722427368,11.355
1,130,0.06076162030987493,0.0,10714,651,0,4.807119607925415,10.86
4,29,0.09896746541983245,0.0,10266,1016,0,4.782353639602661,12.173
0,113,0.016440646479658184,0.0,10766,177,0,4.803790092468262,10.204
4,177,0.11624718440897072,0.0,10211,1187,0,4.806689262390137,12.17
0,129,0.01675873045594982,0.0,10681,179,0,4.808899641036987,10.204
2,152,0.09404328672668072,0.0,10442,982,0,4.861057996749878,11.36
4,167,0.11719847481436886,0.0,9966,1168,0,4.8710997104644775,12.168
4,25,0.10696395246046557,0.0,10181,1089,0,4.828948259353638,12.157
0,106,0.019726285983954695,0.0,10595,209,0,4.780062675476074,10.206
0,70,0.002665904979529658,0.0,10503,28,0,4.735498666763306,10.218
1,48,0.03672185736749607,0.0,10811,397,0,4.760247707366943,10.871
1,115,0.05555031594831651,0.0,10603,589,0,4.825314044952393,10.871
1,102,0.051429117675174454,0.0,10461,538,0,4.865428686141968,10.873
0,115,0.015366430260047281,0.0,10152,156,0,4.717493295669556,10.218
0,171,0.020736231332635784,0.0,10513,218,0,4.767895698547363,10.222
1,91,0.05975563192058037,0.0,10476,626,0,4.792693853378296,10.877
1,124,0.062115384615384614,0.0,10400,646,0,4.812158584594727,10.877
6,44,0.11233885819521179,0.0,9774,1098,0,4.824549436569214,12.823
2,60,0.028446176327325864,0.0,10265,292,0,4.815620183944702,11.339
6,172,0.12421399855684981,0.0,9701,1205,0,4.845689058303833,12.809
0,148,0.018092909535452322,0.0,10225,185,0,4.818300008773804,10.196
1,128,0.05485758127937086,0.0,10427,572,0,4.80391526222229,10.862
4,150,0.114271701814615,0.0,10195,1165,0,4.83924674987793,12.17
2,164,0.09576463619310889,0.0,10129,970,0,4.902897596359253,11.351
4,100,0.11044417767106843,0.0,9996,1104,0,4.806967258453369,12.173
2,169,0.09201321414691022,0.0,10292,947,0,4.778125524520874,11.351
1,87,0.05408537763183311,0.0,10354,560,0,4.753356456756592,10.861
4,18,0.11953792064289302,0.0,9955,1190,0,4.903789758682251,12.177
6,127,0.11974275214373213,0.0,9796,1173,0,4.870852470397949,12.792
1,132,0.05751265083690152,0.0,10276,591,0,4.799099445343018,10.834
4,153,0.12099140111279717,0.0,9885,1196,0,4.869096994400024,12.165
2,83,0.08142023346303502,0.0,10280,837,0,4.855149984359741,12.154
2,113,0.08316967792615867,0.0,10184,847,0,4.812872648239136,11.356
3,146,0.1159520744628181,0.0,10099,1171,0,4.8048930168151855,11.803
3,152,0.11348764527785916,0.0,10239,1162,0,4.8924720287323,11.799
1,52,0.028384705423332032,0.0,10252,291,0,4.783402442932129,10.857
0,156,0.019430550211619855,0.0,10396,202,0,4.781308174133301,10.214
3,7,0.11517403206883066,0.0,10228,1178,0,4.797959804534912,11.815
3,119,0.11319807151466453,0.0,9956,1127,0,4.897573471069336,11.803
4,115,0.12200218927256444,0.0,10049,1226,0,4.818860769271851,12.168
2,86,0.07326693619958584,0.0,10141,743,0,4.736694574356079,11.357
1,97,0.058031389265646195,0.0,10322,599,0,4.854122877120972,10.865
2,137,0.09431425278524778,0.0,10412,982,0,4.833937644958496,11.368
1,85,0.02170557592128111,0.0,10366,225,0,4.8044750690460205,10.869
6,96,0.12299741602067184,0.0,9675,1190,0,4.8779988288879395,12.805
1,200,0.05828402366863905,0.0,10140,591,0,4.836582899093628,10.841
4,178,0.1267706836378567,0.0,9742,1235,0,4.927335500717163,12.166
4,130,0.114404628971678,0.0,9851,1127,0,4.849036455154419,12.156
1,77,0.0,0.0,10279,0,0,4.728845119476318,10.853
1,1,0.055233120526213965,0.0,10338,571,0,4.8248069286346436,10.864
3,127,0.11060752169720348,0.0,10370,1147,0,4.850744009017944,11.808
2,32,0.08560273304050757,0.0,10245,877,0,4.8265159130096436,11.356
2,115,0.08693945638308312,0.0,10191,886,0,4.831363201141357,11.359
0,109,0.01625312560107713,0.0,10398,169,0,4.830851793289185,10.212
1,158,0.0558780127889818,0.0,10165,568,0,4.8446996212005615,10.874
3,63,0.006375772066148635,0.0,10038,64,0,4.796117544174194,11.816
3,179,0.11629512724403235,0.0,10138,1179,0,4.82410192489624,11.803
2,65,0.06827469351141234,0.0,10033,685,0,4.854731798171997,11.363
3,191,0.11502465532857,0.0,9937,1143,0,4.833807706832886,11.812
4,10,0.11755922755325503,0.0,10046,1181,0,4.848076105117798,12.177
2,9,0.09154375614552605,0.0,10170,931,0,4.794572591781616,11.354
4,35,0.11673757393379683,0.0,9637,1125,0,4.854596853256226,12.173
3,111,0.11295073641442356,0.0,9845,1112,0,4.796157598495483,11.804
0,133,0.01744710718941141,0.0,9973,174,0,4.743533611297607,10.213
2,53,0.08313106796116505,0.0,9888,822,0,4.859560012817383,11.369
0,84,0.014829461196243203,0.0,10115,150,0,4.712054252624512,10.219
3,8,0.11460110386352233,0.0,9965,1142,0,4.871164321899414,11.816
6,17,0.12250898399215943,0.0,9183,1125,0,4.848024845123291,12.812
1,190,0.05584415584415584,0.0,10010,559,0,4.870439767837524,10.841
2,133,0.09012917858199389,0.0,10141,914,0,4.785691022872925,11.363
6,125,0.11656761547283911,0.0,9591,1118,0,4.879720687866211,12.801
0,32,0.01242173298323571,0.0,9902,123,0,4.741597652435303,10.195
0,165,0.01800910350286958,0.0,10106,182,0,4.763845682144165,10.212
4,159,0.11646461506579629,0.0,9651,1124,0,4.886641502380371,12.171
3,104,0.11215629522431259,0.0,9674,1085,0,4.792591333389282,11.8
6,95,0.1172114672590712,0.0,9453,1108,0,4.846593379974365,12.805
0,7,0.015292028413575375,0.0,10136,155,0,4.811710834503174,10.189
1,148,0.05193010168822194,0.0,10129,526,0,4.758833169937134,10.858
2,15,0.09284370978917153,0.0,10103,938,0,4.780114650726318,11.365
4,12,0.11564762670957361,0.0,9944,1150,0,4.809845209121704,12.165
3,132,0.1078169881001231,0.0,9748,1051,0,4.902922630310059,11.797
1,44,0.0451575148736955,0.0,10253,463,0,4.786028146743774,10.86
6,112,0.1251472005138636,0.0,9341,1169,0,4.8273138999938965,12.801
1,56,0.04005891016200295,0.0,10185,408,0,4.796903371810913,10.836
6,195,0.12866572881722757,0.0,9241,1189,0,4.854615688323975,12.804
2,117,0.08897504722139378,0.0,10059,895,0,4.793613910675049,11.333
1,3,0.058060654429369515,0.0,10024,582,0,4.824880838394165,10.86
0,10,0.016430989842660823,0.0,10042,165,0,4.826233386993408,10.21
6,147,0.11746798236405627,0.0,9526,1119,0,4.822058200836182,12.812
1,95,0.05121562375448386,0.0,10036,514,0,4.744086265563965,10.836
2,153,0.09195171026156941,0.0,9940,914,0,4.776739120483398,11.357
2,42,0.08712159056848837,0.0,10009,872,0,4.872947692871094,11.357
2,3,0.09356026674629242,0.0,10047,940,0,4.823009967803955,11.355
4,116,0.11752786220871327,0.0,9870,1160,0,4.834917068481445,12.166
0,25,0.01528624238185633,0.0,10009,153,0,4.779068470001221,10.206
0,62,0.005814536340852131,0.0,9975,58,0,4.82230281829834,10.217
6,138,0.12579685507862304,0.0,9412,1184,0,4.868395090103149,12.812
2,144,0.09200752698821432,0.0,10097,929,0,4.799729108810425,11.331
4,22,0.11365963546999795,0.0,9766,1110,0,4.794986963272095,12.158
1,142,0.05757307351638618,0.0,10161,585,0,4.817450761795044,10.853
0,184,0.01587614633665319,0.0,10141,161,0,4.7472474575042725,10.212
4,191,0.1231920703954688,0.0,9887,1218,0,4.851682186126709,12.173
6,153,0.11980645839907436,0.0,9507,1139,0,4.878367185592651,12.791
0,75,0.0083008300830083,0.0,9999,83,0,4.709815979003906,10.193
1,45,0.04823309380844571,0.0,10159,490,0,4.78592324256897,10.856
3,18,0.11484312148028962,0.0,9944,1142,0,4.864315032958984,11.803
2,122,0.09350990699555196,0.0,9892,925,0,4.884144306182861,11.35
6,150,0.11878712097530478,0.0,9597,1140,0,4.768615961074829,12.805
1,101,0.05476237042831997,0.0,10226,560,0,4.778397560119629,10.832
0,78,0.009370950054830027,0.0,10031,94,0,4.762573957443237,10.205
2,98,0.09376265694613203,0.0,9876,926,0,4.821172475814819,11.36
1,27,0.04984239558707644,0.0,10152,506,0,4.7787861824035645,10.864
2,12,0.09736842105263158,0.0,9880,962,0,4.840994358062744,11.365
2,114,0.09055704498063748,0.0,10071,912,0,4.8376853466033936,11.361
0,147,0.014129353233830846,0.0,10050,142,0,4.846218109130859,10.218
0,68,0.008915304606240713,0.0,10095,90,0,4.721478700637817,10.219
1,18,0.05490080534276174,0.0,10182,559,0,4.7913498878479,10.878
4,151,0.11850121852152722,0.0,9848,1167,0,4.882220983505249,12.179
2,157,0.09135559921414538,0.0,10180,930,0,4.8477606773376465,11.356
4,23,0.11764705882352941,0.0,9724,1144,0,4.822728395462036,12.173
1,131,0.060741181133571145,0.0,10092,613,0,4.746452331542969,10.852
6,161,0.12364402317008952,0.0,9495,1174,0,4.912033557891846,12.81
2,178,0.09417926672596107,0.0,10119,953,0,4.784584283828735,11.33
2,28,0.07383149746948496,0.0,10077,744,0,4.7967917919158936,11.354
6,93,0.12073684210526316,0.0,9500,1147,0,4.789082765579224,12.804
2,59,0.024602867105772957,0.0,10324,254,0,4.808362245559692,11.339
2,160,0.09127569587882364,0.0,10167,928,0,4.857858419418335,11.35
2,56,0.07234664070107108,0.0,10270,743,0,4.81031060218811,11.352
0,52,0.009580027095026127,0.0,10334,99,0,4.778097152709961,10.206
3,134,0.11837385412514946,0.0,10036,1188,0,4.794716119766235,11.803
6,22,0.11705202312138728,0.0,9688,1134,0,4.803586483001709,12.8
6,128,0.12368839427662957,0.0,9435,1167,0,4.848015069961548,12.763
6,89,0.11343993085566119,0.0,9256,1050,0,4.825686931610107,12.763
4,76,0.10304280556988138,0.0,9695,999,0,4.815809011459351,12.123
2,82,0.07357859531772576,0.0,10166,748,0,4.766170024871826,11.338
4,14,0.11608877978930142,0.0,9777,1135,0,4.831076145172119,12.154
2,176,0.09548593734360925,0.0,9991,954,0,4.853126287460327,11.342
3,200,0.11141383672277902,0.0,10277,1145,0,4.827481508255005,11.791
4,48,0.10463226330759853,0.0,9844,1030,0,4.736007928848267,12.153
2,64,0.06685878962536022,0.0,10410,696,0,4.767719030380249,11.342
6,35,0.12661365279355571,0.0,9683,1226,0,4.839215517044067,12.793
3,86,0.09902439024390244,0.0,10250,1015,0,4.83610987663269,11.763
4,162,0.1210515793682527,0.0,10004,1211,0,4.861557960510254,12.148
4,173,0.12226169330965068,0.0,10134,1239,0,4.804262399673462,12.14
1,47,0.036093824796553375,0.0,10445,377,0,4.853308916091919,10.839
4,117,0.11624171853041558,0.0,9962,1158,0,4.838026762008667,12.161
0,88,0.009590917987864553,0.0,10218,98,0,4.753535032272339,10.196
4,84,0.10557184750733138,0.0,9889,1044,0,4.847023963928223,12.161
4,73,0.10772713242103098,0.0,9719,1047,0,4.879607915878296,12.145
3,116,0.11126634068456241,0.0,10021,1115,0,4.850142955780029,11.762
6,100,0.11069437404967056,0.0,9865,1092,0,4.827789306640625,12.785
4,139,0.11923153099623687,0.0,10098,1204,0,4.788563966751099,12.117
4,37,0.11306081754735793,0.0,10030,1134,0,4.836955308914185,12.129
3,3,0.10980628324801767,0.0,9963,1094,0,4.846851348876953,11.768
0,56,0.009577626664112633,0.0,10441,100,0,4.775621175765991,10.183
6,187,0.1190601622589822,0.0,9491,1130,0,4.894192934036255,12.794
0,14,0.01304473862208909,0.0,10349,135,0,4.80619215965271,10.171
6,65,0.10008211866146582,0.0,9742,975,0,4.809897184371948,12.79
6,185,0.11692307692307692,0.0,9425,1102,0,4.868088722229004,12.752
3,2,0.10784118116520351,0.0,10024,1081,0,4.894963502883911,11.755
6,56,0.10697380877248343,0.0,9507,1017,0,4.850037574768066,12.769
2,124,0.09361450532124557,0.0,10148,950,0,4.810400485992432,11.308
3,103,0.10738727858293076,0.0,9936,1067,0,4.840644598007202,11.773
6,68,0.09940044177974125,0.0,9507,945,0,4.884304761886597,12.771
0,30,0.007791695433474702,0.0,10139,79,0,4.782407522201538,10.162
4,99,0.10980510347598955,0.0,9954,1093,0,4.81710410118103,12.147
4,1,0.11590106007067137,0.0,9905,1148,0,4.825358629226685,12.133
2,57,0.05507527926177756,0.0,10295,567,0,4.864311933517456,11.328
6,67,0.09809893918706018,0.0,9521,934,0,4.8666746616363525,12.773
1,26,0.0522307917602265,0.0,10243,535,0,4.809191465377808,10.812
1,53,0.02257970733598217,0.0,10319,233,0,4.8403730392456055,10.835
1,120,0.05437421108845519,0.0,10299,560,0,4.823323965072632,10.843
3,164,0.11094586555621654,0.0,10086,1119,0,4.810583829879761,11.785
1,60,0.040015427634750744,0.0,10371,415,0,4.75543212890625,10.838
3,144,0.10920937469610036,0.0,10283,1123,0,4.925161361694336,11.785
0,38,0.00993214672042482,0.0,10169,101,0,4.76488471031189,10.191
4,38,0.10836597368685347,0.0,9957,1079,0,4.856871128082275,12.159
3,157,0.10719239151971469,0.0,10094,1082,0,4.817627906799316,11.781
6,165,0.12108515764114382,0.0,9547,1156,0,4.893004894256592,12.786
0,49,0.008705859336789593,0.0,10223,89,0,4.8140199184417725,10.178
3,186,0.11114381008436335,0.0,10194,1133,0,4.831528186798096,11.784
1,62,0.03208661417322835,0.0,10160,326,0,4.817269802093506,10.842
2,182,0.0912743972445465,0.0,10452,954,0,4.882405519485474,11.347
3,153,0.11636148848198465,0.0,10158,1182,0,4.842996835708618,11.789
2,16,0.0951273854499661,0.0,10323,982,0,4.8100266456604,11.342
1,122,0.05290903862743219,0.0,10433,552,0,4.826187372207642,10.851
0,48,0.0038498556304138597,0.0,10390,40,0,4.764868497848511,10.2
2,79,0.06179504482791864,0.0,10373,641,0,4.787321090698242,11.355
3,105,0.1110011871784725,0.0,10108,1122,0,4.857341289520264,11.796
4,24,0.10845569620253165,0.0,9875,1071,0,4.8910510540008545,12.155
3,117,0.1132990003029385,0.0,9903,1122,0,4.822020053863525,11.789
1,75,0.00570048309178744,0.0,10350,59,0,4.778261661529541,10.847
0,141,0.012115384615384615,0.0,10400,126,0,4.730758428573608,10.204
1,126,0.056,0.0,10250,574,0,4.816946506500244,10.864
1,182,0.04946087644673064,0.0,10109,500,0,4.807685852050781,10.859
6,82,0.11437043312506619,0.0,9443,1080,0,4.86692214012146,12.804
1,37,0.049407881964667055,0.0,10302,509,0,4.751659393310547,10.831
6,12,0.10819051624434865,0.0,9511,1029,0,4.89074969291687,12.794
1,176,0.04848130841121495,0.0,10272,498,0,4.760631561279297,10.826
1,14,0.05176447650614155,0.0,10258,531,0,4.834428787231445,10.846
6,6,0.11917098445595854,0.0,9457,1127,0,4.869577646255493,12.799
4,132,0.10685297441693209,0.0,9733,1040,0,4.869921445846558,12.123
4,68,0.05032844871147044,0.0,9895,498,0,4.744258165359497,12.14
4,111,0.11741214057507987,0.0,10016,1176,0,4.805233955383301,12.143
1,33,0.05058249527033755,0.0,10043,508,0,4.833100318908691,10.833
4,134,0.11211498973305954,0.0,9740,1092,0,4.865128755569458,12.156
0,37,0.008334987100615202,0.0,10078,84,0,4.7704057693481445,10.191
3,56,0.10473109583501819,0.0,9892,1036,0,4.828123092651367,11.794
3,48,0.09832891787242715,0.0,9814,965,0,4.86407470703125,11.784
3,162,0.10872863355921918,0.0,9887,1075,0,4.860555648803711,11.785
1,134,0.05610333267600079,0.0,10142,569,0,4.815990686416626,10.846
3,110,0.11210623841877702,0.0,9714,1089,0,4.881469249725342,11.792
1,172,0.05190989226248776,0.0,10210,530,0,4.796101093292236,10.85
3,171,0.11220253164556962,0.0,9875,1108,0,4.85479474067688,11.798
4,30,0.09772256728778468,0.0,9660,944,0,4.852383375167847,12.155
4,47,0.09951603145795523,0.0,9918,987,0,4.796703577041626,12.148
6,171,0.1175365344467641,0.0,9580,1126,0,4.875396013259888,12.778
3,21,0.11018060740591262,0.0,9911,1092,0,4.8175506591796875,11.763
2,99,0.09107879740617017,0.0,10178,927,0,4.856320858001709,11.336
3,160,0.11327847201056589,0.0,9843,1115,0,4.804324150085449,11.788
0,103,0.012975523444411679,0.0,10173,132,0,4.806695222854614,10.188
4,112,0.11946557440998634,0.0,10254,1225,0,4.808935165405273,12.161
6,45,0.10436121087737302,0.0,9745,1017,0,4.801959276199341,12.782
3,108,0.10779748340433964,0.0,10093,1088,0,4.8816094398498535,11.763
6,192,0.12419337776367291,0.0,9453,1174,0,4.857994556427002,12.785
4,97,0.07487271638215034,0.0,10017,750,0,4.797350168228149,12.117
1,72,0.02587474272272861,0.0,10203,264,0,4.747247695922852,10.833
3,91,0.0946950917203768,0.0,10085,955,0,4.8204710483551025,11.786
2,44,0.08443530218434714,0.0,10209,862,0,4.768969774246216,11.337
2,22,0.09053784860557769,0.0,10040,909,0,4.832110643386841,11.345
4,83,0.10238414697079162,0.0,9689,992,0,4.8533616065979,12.153
4,184,0.11488803711922534,0.0,9914,1139,0,4.891968011856079,12.147
6,86,0.10559006211180125,0.0,9499,1003,0,4.844857931137085,12.77
0,121,0.012732517656420968,0.0,10053,128,0,4.776576519012451,10.174
2,195,0.09629846664713351,0.0,10239,986,0,4.835807800292969,11.34
1,145,0.05363688983214355,0.0,10366,556,0,4.8666298389434814,10.846
1,100,0.04499806875241406,0.0,10356,466,0,4.826811790466309,10.853
3,166,0.11479767647927537,0.0,10157,1166,0,4.887147426605225,11.797
0,185,0.012759787336877718,0.0,10345,132,0,4.7891552448272705,10.198
0,59,0.009571690998743112,0.0,10343,99,0,4.737845420837402,10.208
0,73,0.006949882537196555,0.0,10216,71,0,4.730591773986816,10.208
4,161,0.11004358161648177,0.0,10096,1111,0,4.799723148345947,12.17
4,85,0.10792430514488469,0.0,10146,1095,0,4.908951997756958,12.147
4,42,0.0938559744663874,0.0,10026,941,0,4.820667266845703,12.152
4,11,0.11443924768633695,0.0,10049,1150,0,4.873534679412842,12.151
2,165,0.09088291746641075,0.0,10420,947,0,4.8327507972717285,11.342
4,77,0.10110708337415499,0.0,10207,1032,0,4.86846399307251,12.159
3,106,0.11204077707251395,0.0,10398,1165,0,4.839833498001099,11.781
3,180,0.1103084732526357,0.0,10244,1130,0,4.837041854858398,11.79
0,28,0.01332046332046332,0.0,10360,138,0,4.788353443145752,10.191
6,36,0.11892661109981703,0.0,9838,1170,0,4.86055850982666,12.805
4,107,0.11267196279790738,0.0,10322,1163,0,4.880789279937744,12.125
2,147,0.08752010597029047,0.0,10569,925,0,4.830275535583496,11.332
3,98,0.09985583853916387,0.0,10405,1039,0,4.790002822875977,11.785
6,121,0.11502465532857,0.0,9937,1143,0,4.901066303253174,12.786
4,27,0.08731848983543078,0.0,10330,902,0,4.843991041183472,12.118
1,161,0.04317772938168734,0.0,10561,456,0,4.793477296829224,10.83
0,1,0.012597365131262622,0.0,10399,131,0,4.818872451782227,10.191
2,5,0.09303882195448461,0.0,10458,973,0,4.785456895828247,11.347
0,24,0.011793798744531101,0.0,10514,124,0,4.789122104644775,10.194
0,89,0.008718145238551446,0.0,10438,91,0,4.818022966384888,10.2
6,120,0.12153496069507654,0.0,9668,1175,0,4.871061086654663,12.8
1,137,0.046401697858383176,0.0,10366,481,0,4.824574947357178,10.814
4,81,0.10429146616910537,0.0,10183,1062,0,4.817736387252808,12.152
4,187,0.1117872215133968,0.0,10189,1139,0,4.8483805656433105,12.139
1,92,0.04780838776862634,0.0,10563,505,0,4.8669939041137695,10.836
0,102,0.011512542119056533,0.0,10684,123,0,4.7802348136901855,10.194
6,92,0.11282367447595561,0.0,9732,1098,0,4.800962448120117,12.8
1,136,0.045566269616184533,0.0,10578,482,0,4.740040063858032,10.818
0,193,0.011820781696854146,0.0,10490,124,0,4.822242021560669,10.193
1,133,0.04989275389349995,0.0,10723,535,0,4.760474443435669,10.199
4,143,0.10919984538074991,0.0,10348,1130,0,4.871478796005249,12.159
3,130,0.10988692374601333,0.0,10347,1137,0,4.835357427597046,11.779
3,102,0.10707051220217999,0.0,10367,1110,0,4.850373029708862,11.783
6,72,0.09577692463123863,0.0,9898,948,0,4.852112770080566,12.786
2,93,0.08022922636103152,0.0,10470,840,0,4.84229588508606,11.319
0,138,0.013766730401529637,0.0,10460,144,0,4.782631874084473,10.191
1,151,0.04503398791540786,0.0,10592,477,0,4.791323184967041,10.852
4,108,0.1164127912841723,0.0,9913,1154,0,4.866573810577393,12.155
0,116,0.01116504854368932,0.0,10300,115,0,4.79773211479187,10.187
6,87,0.11287911149081589,0.0,9364,1057,0,4.86849308013916,12.8
1,15,0.046600381641056544,0.0,9957,464,0,4.759496212005615,10.822
6,163,0.1243988457839051,0.0,9357,1164,0,4.811785697937012,12.791
4,133,0.10832902224521469,0.0,9665,1047,0,4.821246147155762,12.124
6,151,0.11787966228492038,0.0,9357,1103,0,4.890176773071289,12.77
4,165,0.11698701298701299,0.0,9625,1126,0,4.825812816619873,12.112
2,200,0.08985336088967621,0.0,10161,913,0,4.832534074783325,11.327
3,138,0.11189658654817208,0.0,9902,1108,0,4.864254474639893,11.78
2,150,0.09153898702059139,0.0,10247,938,0,4.870678663253784,11.329
3,99,0.1085240726124704,0.0,10136,1100,0,4.842728614807129,11.78
1,11,0.05226239873542778,0.0,10122,529,0,4.804486513137817,10.837
6,101,0.11197362824330072,0.0,9404,1053,0,4.924716949462891,12.786
6,30,0.09602964531498147,0.0,9445,907,0,4.822505950927734,12.755
2,186,0.09363487515349979,0.0,9772,915,0,4.832525968551636,11.31
3,123,0.10836265783481681,0.0,9662,1047,0,4.887803077697754,11.775
4,2,0.11480269883459415,0.0,9782,1123,0,4.865826606750488,12.139
6,16,0.11902721234197558,0.0,9334,1111,0,4.82964301109314,12.769
4,13,0.11005929470508687,0.0,9613,1058,0,4.8530967235565186,12.112
3,11,0.10868900886217786,0.0,9817,1067,0,4.838450193405151,11.763
3,67,0.08027923211169284,0.0,9741,782,0,4.8450963497161865,11.775
3,70,0.10267903679766496,0.0,9593,985,0,4.87307596206665,11.772
2,20,0.08653555219364599,0.0,9915,858,0,4.776530742645264,11.335
3,94,0.05733005733005733,0.0,9768,560,0,4.81072998046875,11.783
1,166,0.047416773683690606,0.0,10123,480,0,4.855632543563843,10.835
2,4,0.09209045328967563,0.0,9773,900,0,4.773794651031494,11.341
3,149,0.11767755313634007,0.0,9645,1135,0,4.827564716339111,11.787
3,175,0.10872402369240036,0.0,9961,1083,0,4.895505666732788,11.781
2,183,0.09616927396710791,0.0,9972,959,0,4.830408334732056,11.338
1,67,0.04511428286256113,0.0,10019,452,0,4.799411296844482,10.846
6,59,0.10550887021475257,0.0,9639,1017,0,4.798717498779297,12.795
6,137,0.11507258753202391,0.0,9368,1078,0,4.874946355819702,12.756
3,154,0.11214475567368637,0.0,9782,1097,0,4.878504991531372,11.755
0,29,0.01155314446453687,0.0,9954,115,0,4.791937828063965,10.181
6,116,0.11811189547992836,0.0,9491,1121,0,4.813964128494263,12.794
3,133,0.10455683525287932,0.0,9985,1044,0,4.841944932937622,11.754
6,160,0.11628883291351805,0.0,9528,1108,0,4.8026282787323,12.777
0,199,0.012162296879673015,0.0,10031,122,0,4.790315866470337,10.172
3,145,0.10344478216818642,0.0,9870,1021,0,4.844559192657471,11.78
3,118,0.10921092109210921,0.0,9999,1092,0,4.924311637878418,11.775
3,168,0.10858482871125612,0.0,9808,1065,0,4.8245837688446045,11.775
6,38,0.11717303713383426,0.0,9183,1076,0,4.759732246398926,12.782
1,168,0.049516908212560384,0.0,9936,492,0,4.773388862609863,10.811
6,51,0.10351834028446155,0.0,9351,968,0,4.831831693649292,12.787
3,85,0.0886178861788618,0.0,9840,872,0,4.779415845870972,11.753
2,95,0.08737478924923138,0.0,10083,881,0,4.772135257720947,11.328
4,44,0.09864152473641524,0.0,9864,973,0,4.824965953826904,12.141
2,72,0.08454839025344946,0.0,10219,864,0,4.792812824249268,11.331
2,181,0.08766485647788984,0.0,10312,904,0,4.787110090255737,11.337
1,150,0.04683640509215276,0.0,10526,493,0,4.7814781665802,10.841
3,75,0.09508421464943204,0.0,10212,971,0,4.825973987579346,11.789
0,135,0.012013175741135439,0.0,10322,124,0,4.745360374450684,10.176
2,102,0.08922397233960815,0.0,10412,929,0,4.805872440338135,11.348
4,135,0.10902365423926798,0.0,10273,1120,0,4.814610958099365,12.15
2,66,0.06267003497862417,0.0,10292,645,0,4.869502305984497,11.332
1,66,0.03775510204081633,0.0,10780,407,0,4.802744388580322,10.845
1,159,0.04851726726726727,0.0,10656,517,0,4.743816137313843,10.843
6,33,0.10963722238970958,0.0,9951,1091,0,4.889581680297852,12.793
0,100,0.010157058214991065,0.0,10633,108,0,4.828068971633911,10.168
0,181,0.014430428134556575,0.0,10464,151,0,4.789302825927734,10.198
4,163,0.11828063241106719,0.0,10120,1197,0,4.841611385345459,12.152
2,80,0.041717675864017326,0.0,10619,443,0,4.828042984008789,11.335
1,22,0.04673881812086965,0.0,10441,488,0,4.81725287437439,10.842
3,112,0.10848333971658368,0.0,10444,1133,0,4.86706018447876,11.792
1,108,0.04572940287226002,0.0,10584,484,0,4.756225824356079,10.846
2,171,0.08630071599045346,0.0,10475,904,0,4.867260217666626,11.351
1,197,0.04745730729314086,0.0,10599,503,0,4.799542188644409,10.85
2,180,0.093384074941452,0.0,10248,957,0,4.818822145462036,11.349
4,190,0.11269135802469135,0.0,10125,1141,0,4.800986289978027,12.158
4,152,0.11536180308422302,0.0,10116,1167,0,4.866350889205933,12.147
0,158,0.010741444866920151,0.0,10520,113,0,4.735179901123047,10.18
4,92,0.10959038029132857,0.0,10229,1121,0,4.821978330612183,12.158
4,124,0.10442565887618101,0.0,10055,1050,0,4.855229139328003,12.145
4,188,0.1096465534075376,0.0,10242,1123,0,4.89808201789856,12.141
1,164,0.04691970246042342,0.0,10486,492,0,4.800597429275513,10.83
0,13,0.012129252345304653,0.0,10553,128,0,4.753262996673584,10.198
3,183,0.10857364041029612,0.0,10334,1122,0,4.842328310012817,11.792
0,139,0.011805026656511805,0.0,10504,124,0,4.834773063659668,10.195
3,4,0.11142998515586343,0.0,10105,1126,0,4.878806114196777,11.796
3,53,0.09851694915254237,0.0,10384,1023,0,4.874519348144531,11.784
3,93,0.07283022551986723,0.0,10243,746,0,4.871740341186523,11.783
1,181,0.0445290199809705,0.0,10510,468,0,4.799195051193237,10.845
6,63,0.10375412541254125,0.0,9696,1006,0,4.808849334716797,12.798
3,16,0.11057784603570743,0.0,10418,1152,0,4.881836652755737,11.759
4,194,0.11447084233261338,0.0,10186,1166,0,4.882254600524902,12.142
0,47,0.001352265043948614,0.0,10353,14,0,4.716089725494385,10.185
6,118,0.11492829877230991,0.0,9693,1114,0,4.850334882736206,12.794
6,73,0.09176374412425914,0.0,9786,898,0,4.761502742767334,12.751
1,156,0.0456677836285304,0.0,10445,477,0,4.831740140914917,10.816
0,137,0.011868262288596578,0.0,10111,120,0,4.812947750091553,10.19
6,76,0.11009454101860323,0.0,9837,1083,0,4.811703443527222,12.797
0,166,0.010817075526366621,0.0,10354,112,0,4.802295923233032,10.166
1,83,0.019738751814223514,0.0,10335,204,0,4.812231779098511,10.846
1,154,0.04859589723162717,0.0,10042,488,0,4.813188791275024,10.846
2,77,0.05902472393237565,0.0,10233,604,0,4.774480581283569,11.349
1,167,0.04850855745721271,0.0,10225,496,0,4.782770395278931,10.846
0,22,0.010957551826258637,0.0,10130,111,0,4.78416895866394,10.199
0,90,0.005288932419196866,0.0,10210,54,0,4.764977216720581,10.202
0,26,0.011202317720907774,0.0,10355,116,0,4.768202543258667,10.207
0,131,0.01241753977493209,0.0,10308,128,0,4.782179594039917,10.204
6,173,0.1158256880733945,0.0,9592,1111,0,4.804903745651245,12.807
2,103,0.09084758867304532,0.0,10347,940,0,4.835738658905029,11.324
6,80,0.10573288534229315,0.0,9524,1007,0,4.816263675689697,12.785
4,39,0.10352445024600863,0.0,9959,1031,0,4.8375208377838135,12.125
4,168,0.11828384149369352,0.0,10069,1191,0,4.844128370285034,12.135
0,65,0.005573707476455891,0.0,10406,58,0,4.781152248382568,10.182
4,8,0.11528872045477212,0.0,10027,1156,0,4.806702613830566,12.152
3,34,0.10510805500982318,0.0,10180,1070,0,4.887045621871948,11.777
0,66,0.005876119834312687,0.0,10381,61,0,4.7422096729278564,10.19
4,7,0.11349392871132001,0.0,10212,1159,0,4.793208360671997,12.155
4,94,0.1011325253328035,0.0,10066,1018,0,4.826947212219238,12.144
3,52,0.10238415689290521,0.0,10402,1065,0,4.897315740585327,11.776
0,112,0.01290754374223157,0.0,10459,135,0,4.743485450744629,10.194
2,39,0.08181818181818182,0.0,10230,837,0,4.830343246459961,11.352
3,24,0.1036889332003988,0.0,10030,1040,0,4.864904165267944,11.788
2,174,0.09121851599727705,0.0,10283,938,0,4.833283424377441,11.344
0,132,0.012916706239908824,0.0,10529,136,0,4.809493541717529,10.201
2,62,0.056952380952380956,0.0,10500,598,0,4.751772165298462,11.356
4,33,0.10507880910683012,0.0,10278,1080,0,4.902859687805176,12.157
1,110,0.04323094425483504,0.0,10548,456,0,4.757776260375977,10.841
3,33,0.11131689248464763,0.0,10259,1142,0,4.846865653991699,11.797
0,23,0.00945489628557646,0.0,10365,98,0,4.813613176345825,10.194
2,23,0.08598328369680085,0.0,10409,895,0,4.83282732963562,11.354
2,73,0.0836405977100718,0.0,10306,862,0,4.82594895362854,11.352
4,54,0.10654370646522122,0.0,10193,1086,0,4.727970838546753,12.163
3,55,0.09972166234763413,0.0,10419,1039,0,4.796088457107544,11.784
3,151,0.11434146341463415,0.0,10250,1172,0,4.876789569854736,11.786
3,72,0.09910714285714285,0.0,10080,999,0,4.798709154129028,11.784
2,135,0.08836023789294817,0.0,10593,936,0,4.848241329193115,11.341
0,119,0.010524337530539373,0.0,10642,112,0,4.760132312774658,10.199
2,55,0.07248858447488585,0.0,10512,762,0,4.865667104721069,11.353
6,42,0.10917431192660551,0.0,9810,1071,0,4.814310073852539,12.796
6,3,0.12136717151043798,0.0,9772,1186,0,4.827186107635498,12.759
3,126,0.10064935064935066,0.0,10472,1054,0,4.842424392700195,11.761
0,153,0.01255504544176895,0.0,10673,134,0,4.757208824157715,10.184
4,154,0.10533475852686813,0.0,10291,1084,0,4.814464569091797,12.151
6,123,0.11949049737161342,0.0,9892,1182,0,4.897644281387329,12.775
1,7,0.040110142267095,0.0,10895,437,0,4.841848611831665,10.815
3,128,0.1088553750966744,0.0,10344,1126,0,4.854296445846558,11.779
4,118,0.11753582802547771,0.0,10048,1181,0,4.840007305145264,12.144
0,125,0.011940864291129644,0.0,10552,126,0,4.773704767227173,10.182
0,33,0.010019850647509217,0.0,10579,106,0,4.767648458480835,10.194
2,101,0.08673076923076924,0.0,10400,902,0,4.874484062194824,11.344
2,38,0.07648564117145294,0.0,10551,807,0,4.830657482147217,11.347
3,115,0.10859596058152014,0.0,10249,1113,0,4.837999105453491,11.786
1,70,0.040290556900726394,0.0,10325,416,0,4.791121006011963,10.844
1,116,0.049152055188272495,0.0,10437,513,0,4.782510280609131,10.85
4,123,0.10703827123094012,0.0,9903,1060,0,4.8702168464660645,12.161
4,61,0.09055627425614489,0.0,10049,910,0,4.8440163135528564,12.145
4,17,0.11424611424611425,0.0,10101,1154,0,4.833696603775024,12.14
6,94,0.11009268795056643,0.0,9710,1069,0,4.847354412078857,12.772
1,174,0.047777989700553115,0.0,10486,501,0,4.8271050453186035,10.812
1,99,0.043925939920649915,0.0,10586,465,0,4.80709433555603,10.837
2,19,0.0897411313518696,0.0,10430,936,0,4.869332551956177,11.341
1,84,0.009656347628514627,0.0,10563,102,0,4.742908477783203,10.844
1,20,0.046861767196762966,0.0,10627,498,0,4.792713165283203,10.845
4,80,0.10711053002112039,0.0,9943,1065,0,4.905647039413452,12.155
2,110,0.0856046065259117,0.0,10420,892,0,4.822444200515747,11.336
6,181,0.12161034626616604,0.0,9588,1166,0,4.859370231628418,12.792
3,182,0.11573845088534969,0.0,10109,1170,0,4.857698917388916,11.759
4,89,0.10727816550348954,0.0,10030,1076,0,4.891623258590698,12.142
0,44,0.0018745067087608525,0.0,10136,19,0,4.757586717605591,10.18
3,169,0.10945666107878907,0.0,10141,1110,0,4.836403131484985,11.786
6,11,0.11372867587327376,0.0,9848,1120,0,4.904062986373901,12.781
0,195,0.012966601178781925,0.0,10180,132,0,4.774245977401733,10.165
3,131,0.10105814969420444,0.0,10301,1041,0,4.826682806015015,11.78
2,134,0.08713214079630698,0.0,10398,906,0,4.830015182495117,11.331
6,61,0.10349063363701505,0.0,9769,1011,0,4.899871349334717,12.784
2,29,0.06204588910133843,0.0,10460,649,0,4.832445859909058,11.309
6,168,0.11747938511656317,0.0,9823,1154,0,4.8056252002716064,12.781
0,177,0.01347348303870043,0.0,10465,141,0,4.812903165817261,12.747
1,93,0.04564354564354564,0.0,10582,483,0,4.775608539581299,10.833
6,117,0.12211289487312274,0.0,9655,1179,0,4.847785711288452,12.786
4,6,0.11509176103084733,0.0,10244,1179,0,4.846580743789673,12.112
6,83,0.10538476994173197,0.0,9954,1049,0,4.840511322021484,12.763
2,100,0.0859066859066859,0.0,10395,893,0,4.8229615688323975,11.315
0,179,0.011161358606754546,0.0,10393,116,0,4.760186672210693,10.176
0,67,0.00579352265172381,0.0,10529,61,0,4.733147621154785,10.188
6,21,0.11345185489672181,0.0,9731,1104,0,4.837951898574829,12.788
6,164,0.11447017831522853,0.0,9758,1117,0,4.884891033172607,12.749
2,123,0.08806902707527521,0.0,10083,888,0,4.784724235534668,11.302
4,105,0.11609206955472912,0.0,9949,1155,0,4.86389684677124,12.133
6,183,0.11797235023041475,0.0,9765,1152,0,4.894124507904053,12.76
6,53,0.10609157808667212,0.0,9784,1038,0,4.772607088088989,12.745
2,185,0.08763277693474962,0.0,10544,924,0,4.800741910934448,11.301
6,90,0.10760209854953194,0.0,9721,1046,0,4.86332631111145,12.764
4,141,0.10857142857142857,0.0,10150,1102,0,4.846971035003662,12.108
4,157,0.10948905109489052,0.0,10001,1095,0,4.8192298412323,12.117
6,9,0.12181069958847737,0.0,9720,1184,0,4.848574638366699,12.755
1,9,0.04344562259547715,0.0,10657,463,0,4.762072563171387,10.806
2,112,0.08259101471727343,0.0,10328,853,0,4.838174819946289,11.332
4,180,0.11835080087008108,0.0,10114,1197,0,4.817744731903076,12.137
6,69,0.09386134582103227,0.0,9823,922,0,4.8524370193481445,12.763
3,121,0.09913539005698566,0.0,10178,1009,0,4.845654010772705,11.744
0,5,0.00987319717355532,0.0,10331,102,0,4.745518207550049,10.171
0,79,0.009223162498811449,0.0,10517,97,0,4.775122880935669,10.192
6,98,0.10887382373773145,0.0,9883,1076,0,4.795362710952759,12.793
3,197,0.10786627335299902,0.0,10170,1097,0,4.889801502227783,11.744
0,168,0.009317068485255979,0.0,10411,97,0,4.77271294593811,10.175
2,13,0.09534043176711927,0.0,10237,976,0,4.8169777393341064,11.336
6,132,0.11142118863049096,0.0,9675,1078,0,4.855691194534302,12.784
0,15,0.010080449743142386,0.0,10317,104,0,4.757519960403442,10.168
3,39,0.09199166418576958,0.0,10077,927,0,4.866074085235596,11.776
0,2,0.009048902579899884,0.0,10388,94,0,4.8094940185546875,10.184
3,6,0.1141642779480083,0.0,10117,1155,0,4.822524785995483,11.783
2,35,0.07754984662576687,0.0,10432,809,0,4.7968456745147705,11.328
6,66,0.0984488107549121,0.0,9670,952,0,4.805165529251099,12.784
1,196,0.045894196604816424,0.0,10132,465,0,4.844182252883911,10.815
6,104,0.09818591780260326,0.0,9757,958,0,4.875262498855591,12.779
4,109,0.1150460593654043,0.0,9770,1124,0,4.917251110076904,12.114
2,47,0.07775377969762419,0.0,10186,792,0,4.780992746353149,11.32
0,17,0.009320649562794273,0.0,10407,97,0,4.71915078163147,10.182
0,58,0.006329113924050633,0.0,10270,65,0,4.765284538269043,10.189
4,28,0.09437569171948888,0.0,9939,938,0,4.849509000778198,12.149
6,5,0.1193441924837645,0.0,9393,1121,0,4.831862211227417,12.767
2,21,0.08491597892015512,0.0,10057,854,0,4.823667049407959,11.31
2,189,0.09044725570275924,0.0,10039,908,0,4.897005319595337,11.332
6,29,0.09337878318355541,0.0,9681,904,0,4.805788993835449,12.783
3,95,0.0951617750175298,0.0,9983,950,0,4.784960031509399,11.75
4,158,0.11614988385011615,0.0,9901,1150,0,4.842106103897095,12.134
2,111,0.08409666731631261,0.0,10262,863,0,4.824946165084839,11.324
3,50,0.09766881028938906,0.0,9952,972,0,4.827912092208862,11.774
4,82,0.1,0.0,9800,980,0,4.759674549102783,12.137
3,137,0.10600490196078431,0.0,9792,1038,0,4.839250326156616,11.769
1,109,0.04437060203283816,0.0,10232,454,0,4.813518524169922,10.827
0,175,0.008524397413286302,0.0,10206,87,0,4.779308319091797,10.186
1,82,0.03109464860122819,0.0,10259,319,0,4.772992849349976,10.844
0,191,0.01108821509174762,0.0,10191,113,0,4.84768271446228,10.196
6,2,0.11466974692848893,0.0,9523,1092,0,4.859410524368286,12.797
1,192,0.046727167406835295,0.0,10358,484,0,4.766556024551392,10.821
4,121,0.11543569312493615,0.0,9789,1130,0,4.849775791168213,12.145
3,84,0.08762198253723677,0.0,9735,853,0,4.852813005447388,11.774
3,41,0.08241758241758242,0.0,9828,810,0,4.852771282196045,11.775
2,139,0.08701869063425595,0.0,9791,852,0,4.842262506484985,11.336
0,19,0.008487420430433464,0.0,9897,84,0,4.718693256378174,10.187
4,65,0.0438377025998042,0.0,9193,403,0,4.8456151485443115,12.154
3,61,0.06023710349247036,0.0,9363,564,0,4.772555589675903,11.778
0,64,0.005173305742369374,0.0,9665,50,0,4.791880369186401,10.187
3,195,0.10732984293193717,0.0,9550,1025,0,4.845221757888794,11.794
2,136,0.08903966597077244,0.0,9580,853,0,4.891669750213623,11.34
4,164,0.11691307539058404,0.0,9537,1115,0,4.790740966796875,12.154
0,87,0.006828763579927574,0.0,9665,66,0,4.804382085800171,10.184
2,97,0.0952530322040987,0.0,9564,911,0,4.8530964851379395,11.348
4,174,0.10843890916899292,0.0,9314,1010,0,4.875868797302246,12.152
1,68,0.040808161632326465,0.0,9998,408,0,4.758437395095825,10.837
3,78,0.09827676240208877,0.0,9575,941,0,4.86880087852478,11.794
0,149,0.011520263320304465,0.0,9722,112,0,4.7788779735565186,10.196
2,105,0.08831761169275422,0.0,9647,852,0,4.861651182174683,11.353
3,62,0.03878724516466283,0.0,9565,371,0,4.810816526412964,11.79
2,146,0.09383020223796325,0.0,9741,914,0,4.8042144775390625,11.347
1,117,0.04748941318814277,0.0,9918,471,0,4.874309778213501,10.848
2,10,0.09551078842417425,0.0,9779,934,0,4.809004306793213,11.355
1,135,0.05542655224634023,0.0,9905,549,0,4.800069808959961,10.85
1,162,0.05338829680273477,0.0,9946,531,0,4.756268262863159,10.857
2,92,0.08038553259141494,0.0,10064,809,0,4.8597612380981445,11.358
1,139,0.05341837751644409,0.0,10034,536,0,4.75568413734436,10.853
4,103,0.11300183411453027,0.0,9814,1109,0,4.868691444396973,12.162
4,36,0.10965496058155012,0.0,9767,1071,0,4.821497440338135,12.148
0,95,0.007964161274265804,0.0,10045,80,0,4.766061544418335,10.189
4,131,0.10760992688703531,0.0,9711,1045,0,4.8445963859558105,12.162
6,189,0.11504060861519481,0.0,9727,1119,0,4.823388338088989,12.78
4,199,0.11502493765586035,0.0,9624,1107,0,4.827441215515137,12.122
3,40,0.08740359897172237,0.0,9725,850,0,4.865502119064331,11.774
2,70,0.08247940526421539,0.0,9954,821,0,4.8141188621521,11.336
2,88,0.061836039286430146,0.0,9978,617,0,4.802852392196655,11.347
6,162,0.11774039987305618,0.0,9453,1113,0,4.900184154510498,12.788
1,198,0.04629812438302073,0.0,10130,469,0,4.802854299545288,10.814
1,58,0.03324980724749422,0.0,10376,345,0,4.832034111022949,10.841
2,27,0.07560584818746245,0.0,9986,755,0,4.773521184921265,11.344
2,132,0.0877037037037037,0.0,10125,888,0,4.812695264816284,11.345
2,6,0.08760346866377611,0.0,10148,889,0,4.841431140899658,11.343
2,149,0.08966488879943645,0.0,9937,891,0,4.851422309875488,11.344
4,129,0.11094736842105263,0.0,9500,1054,0,4.766767978668213,12.154
1,114,0.047890421915616876,0.0,10002,479,0,4.778528928756714,10.838
2,131,0.08733580667803069,0.0,9973,871,0,4.822473049163818,11.347
1,193,0.05163629237703312,0.0,10206,527,0,4.831412076950073,10.852
3,28,0.09196787148594378,0.0,9960,916,0,4.795634031295776,11.794
3,150,0.10891693811074919,0.0,9824,1070,0,4.857685565948486,11.786
3,57,0.09963768115942029,0.0,9936,990,0,4.838637590408325,11.784
2,107,0.09026318422896028,0.0,9993,902,0,4.820894002914429,11.344
4,5,0.11155789256624395,0.0,9699,1082,0,4.861201286315918,12.162
6,194,0.11571768781121455,0.0,9238,1069,0,4.864861011505127,12.776
3,83,0.08575742325113236,0.0,9935,852,0,4.794607877731323,11.758
2,33,0.08192228638543604,0.0,10217,837,0,4.7192559242248535,11.335
1,194,0.04876615746180964,0.0,10212,498,0,4.813079357147217,10.845
6,32,0.11604886267902274,0.0,9496,1102,0,4.8476316928863525,12.792
2,191,0.08712677435144396,0.0,10215,890,0,4.86805534362793,11.315
2,155,0.09315310020570085,0.0,10209,951,0,4.77565598487854,11.338
0,128,0.008564678086237449,0.0,10158,87,0,4.813874244689941,10.19
6,113,0.1180327868852459,0.0,9455,1116,0,4.8147687911987305,12.797
4,192,0.11387354205033763,0.0,9774,1113,0,4.827486753463745,12.115
3,100,0.10587287196534703,0.0,9927,1051,0,4.77128005027771,11.771
1,165,0.052377670572019294,0.0,10157,532,0,4.830726861953735,10.835
6,155,0.11861544955677501,0.0,9476,1124,0,4.769481658935547,12.792
3,51,0.10120209596219049,0.0,9733,985,0,4.797753095626831,11.758
6,52,0.10585252482569195,0.0,9466,1002,0,4.841806411743164,12.779
4,41,0.10033891342302557,0.0,9737,977,0,4.886606454849243,12.11
2,96,0.08850518006906759,0.0,10135,897,0,4.831023931503296,11.321
6,91,0.10946555054732775,0.0,9318,1020,0,4.804439544677734,12.773
0,96,0.008127692910301606,0.0,10212,83,0,4.754389762878418,10.163
3,96,0.10019055260254739,0.0,9971,999,0,4.811172246932983,11.782
4,171,0.11788283658787256,0.0,9730,1147,0,4.81945013999939,12.14
1,28,0.04587884806355511,0.0,10070,462,0,4.805649757385254,10.831
0,42,0.001216298398540442,0.0,9866,12,0,4.7588183879852295,10.194
6,58,0.10042283298097252,0.0,9460,950,0,4.855056285858154,12.793
1,103,0.04520386054756746,0.0,10154,459,0,4.813802003860474,10.819
0,101,0.007745779543197617,0.0,10070,78,0,4.7576141357421875,10.187
0,35,0.0068033918359297965,0.0,10142,69,0,4.813522577285767,10.194
6,139,0.11883266848624817,0.0,9526,1132,0,4.864880084991455,12.794
3,129,0.11297458586274307,0.0,9719,1098,0,4.858084201812744,11.76
0,83,0.008881349166749826,0.0,10021,89,0,4.813119411468506,10.187
4,78,0.09609640539705427,0.0,9709,933,0,4.84958815574646,12.148
4,125,0.10904660371611331,0.0,9849,1074,0,4.841122388839722,12.135
3,185,0.10826354555544344,0.0,9911,1073,0,4.853092193603516,11.775
1,118,0.05065776556057334,0.0,10186,516,0,4.798314332962036,10.837
1,177,0.052776683733753445,0.0,10156,536,0,4.762900114059448,10.845
3,189,0.11024875621890547,0.0,10050,1108,0,4.872560024261475,11.79
1,74,0.019463753723932473,0.0,10070,196,0,4.7441675662994385,10.841
6,19,0.11063428930290978,0.0,9554,1057,0,4.832284927368164,12.8
1,13,0.04746651135701806,0.0,10302,489,0,4.78346848487854,10.818
1,79,0.03815517750024584,0.0,10169,388,0,4.766926527023315,10.841
1,191,0.0517359413202934,0.0,10225,529,0,4.781195640563965,10.846
6,141,0.11349306431273644,0.0,9516,1080,0,4.838991403579712,12.798
6,182,0.116183879093199,0.0,9528,1107,0,4.818361043930054,12.755
2,17,0.08775890841268283,0.0,10187,894,0,4.806402921676636,11.311
2,198,0.0930738069360735,0.0,10121,942,0,4.827974796295166,11.332
4,59,0.10062047569803516,0.0,9670,973,0,4.853529453277588,12.146
4,144,0.1127080963705925,0.0,9671,1090,0,4.815091609954834,12.135
4,186,0.11236180904522614,0.0,9950,1118,0,4.829131841659546,12.132
3,23,0.11101064898533253,0.0,9954,1105,0,4.867270231246948,11.769
4,86,0.10039288668320927,0.0,9672,971,0,4.774196624755859,12.141
2,104,0.09092681025241205,0.0,10261,933,0,4.797280788421631,11.327
0,82,0.009965774109120194,0.0,9934,99,0,4.75294041633606,10.189
1,184,0.048821382779366804,0.0,10139,495,0,4.834383726119995,10.849
3,156,0.1115791636699887,0.0,9733,1086,0,4.827289342880249,11.786
1,80,0.0408243375858685,0.0,10190,416,0,4.761844873428345,10.837
6,20,0.11435832274459974,0.0,9444,1080,0,4.826197624206543,12.797
4,93,0.10738255033557047,0.0,9685,1040,0,4.82581090927124,12.119
3,143,0.10275080906148867,0.0,9888,1016,0,4.787256479263306,11.765
6,24,0.11106423373061913,0.0,9481,1053,0,4.790790796279907,12.773
0,114,0.0066356343468356935,0.0,10097,67,0,4.774036884307861,10.16
0,72,0.0016765285996055226,0.0,10140,17,0,4.822616338729858,10.183
1,21,0.048160863168219714,0.0,10195,491,0,4.836096525192261,10.84
1,57,0.040066451675950354,0.0,10233,410,0,4.824639558792114,10.845
1,42,0.042884990253411304,0.0,10260,440,0,4.75182580947876,10.845
3,45,0.0872104533755692,0.0,10102,881,0,4.886823654174805,11.79
3,181,0.10887096774193548,0.0,9920,1080,0,4.836827039718628,11.781
4,113,0.12105151579393682,0.0,9434,1142,0,4.869141101837158,12.142
2,158,0.08458608939667268,0.0,9978,844,0,4.836190700531006,11.33
1,119,0.04845329862849134,0.0,9989,484,0,4.7794458866119385,10.839
4,98,0.07825905001046243,0.0,9558,748,0,4.841256856918335,12.155
4,101,0.11895601538941458,0.0,9617,1144,0,4.8216259479522705,12.138
6,99,0.10738183749336165,0.0,9415,1011,0,4.892004013061523,12.774
2,8,0.09124311083894672,0.0,9798,894,0,4.801468372344971,11.311
1,25,0.04551378446115288,0.0,9975,454,0,4.80476713180542,10.832
2,24,0.08942346731628095,0.0,9852,881,0,4.85114312171936,11.341
6,154,0.11685490877497828,0.0,9208,1076,0,4.8537070751190186,12.791
0,172,0.007103551775887944,0.0,9995,71,0,4.733822822570801,10.166
4,74,0.10728089418155229,0.0,9573,1027,0,4.83228611946106,12.148
2,127,0.09266175431513071,0.0,9907,918,0,4.816982746124268,11.328
3,65,0.056372549019607844,0.0,9792,552,0,4.835079908370972,11.777
0,50,0.0040613260229464924,0.0,9849,40,0,4.75632381439209,10.183
3,64,0.012211390456644433,0.0,9745,119,0,4.786438941955566,11.788
1,19,0.051371920688964554,0.0,9986,513,0,4.85308837890625,10.839
3,77,0.09429331151564738,0.0,9778,922,0,4.904384613037109,11.791
4,198,0.11422550052687039,0.0,9490,1084,0,4.816533088684082,12.151
3,43,0.08728079016327353,0.0,9922,866,0,4.777459621429443,11.78
0,69,0.0037324427855809843,0.0,10181,38,0,4.815284490585327,10.187
4,58,0.10612119347892957,0.0,9753,1035,0,4.812800884246826,12.159
1,195,0.05454180870262683,0.0,9974,544,0,4.775789260864258,10.834
3,167,0.10984279563432463,0.0,9987,1097,0,4.8861870765686035,11.789
3,198,0.10998086413536107,0.0,9929,1092,0,4.892344951629639,11.78
1,179,0.050867743865948535,0.0,10026,510,0,4.827839136123657,10.839
1,170,0.04780837858805275,0.0,10312,493,0,4.778212547302246,10.844
3,15,0.10861680227428683,0.0,10201,1108,0,4.853720664978027,11.794
3,199,0.10372628060171074,0.0,10171,1055,0,4.821103096008301,11.786
6,143,0.11371375503044062,0.0,9691,1102,0,4.838014364242554,12.791
4,71,0.08713029576338929,0.0,10008,872,0,4.874065160751343,12.121
2,50,0.0816643982111608,0.0,10286,840,0,4.854541540145874,11.326
6,188,0.11746065279391571,0.0,9467,1112,0,4.858222246170044,12.779
2,170,0.0921768371081001,0.0,10111,932,0,4.792499780654907,11.312
4,46,0.0862753077627429,0.0,9829,848,0,4.79413914680481,12.144
4,43,0.0947197069895208,0.0,9829,931,0,4.813771963119507,12.132
6,97,0.10952970297029703,0.0,9696,1062,0,4.871472358703613,12.771
0,155,0.007339269987278599,0.0,10219,75,0,4.782111406326294,10.169
3,120,0.101001001001001,0.0,9990,1009,0,4.818576812744141,11.781
4,119,0.11194105178156859,0.0,9907,1109,0,4.870979309082031,12.144
6,196,0.1156504694109151,0.0,9693,1121,0,4.810129404067993,12.767
3,49,0.09965496245179623,0.0,9854,982,0,4.808035373687744,11.751
6,39,0.11308846352819452,0.0,9665,1093,0,4.895045518875122,12.771
3,32,0.1013687760365007,0.0,10082,1022,0,4.889200210571289,11.747
1,187,0.049646087298466375,0.0,10172,505,0,4.761998653411865,10.826
1,6,0.0436971596846205,0.0,10527,460,0,4.790115833282471,10.839
4,51,0.1018935978358882,0.0,9981,1017,0,4.778733968734741,12.144
2,81,0.04777658849858908,0.0,10277,491,0,4.78982949256897,11.325
6,126,0.11728200273482697,0.0,9507,1115,0,4.800720691680908,12.784
0,40,0.0014387109150201418,0.0,10426,15,0,4.7135889530181885,10.161
3,46,0.09312462849217357,0.0,10094,940,0,4.798125982284546,11.777
2,2,0.09431167292119297,0.0,10126,955,0,4.904922008514404,11.333
3,163,0.10931725345263567,0.0,10282,1124,0,4.809323310852051,11.781
0,190,0.004814636494944632,0.0,10385,50,0,4.696550607681274,10.183
1,5,0.050708353688324374,0.0,10235,519,0,4.8128461837768555,10.843
2,166,0.09248612212529739,0.0,10088,933,0,4.838272333145142,11.346
4,56,0.10693993506493507,0.0,9856,1054,0,4.785357236862183,12.155
6,184,0.11671364443052511,0.0,9579,1118,0,4.8376147747039795,12.777
2,61,0.03217106530533616,0.0,10382,334,0,4.80884575843811,11.313
2,197,0.09338292873923258,0.0,10216,954,0,4.852479934692383,11.33
6,47,0.10085452051904209,0.0,9479,956,0,4.835739374160767,12.782
6,170,0.1168141592920354,0.0,9605,1122,0,4.827456712722778,12.749
1,94,0.043953897245555776,0.0,10238,450,0,4.813958644866943,10.81
0,12,0.006408360445627526,0.0,10143,65,0,4.724330425262451,10.183
3,148,0.1076219512195122,0.0,9840,1059,0,4.844068288803101,11.782
6,136,0.11616161616161616,0.0,9306,1081,0,4.829784393310547,12.779
4,9,0.11504424778761062,0.0,9605,1105,0,4.855144262313843,12.112
2,196,0.09284210526315789,0.0,9500,882,0,4.846025705337524,11.322
3,14,0.10570294547733444,0.0,9574,1012,0,4.851170301437378,11.773
6,48,0.10490674955595027,0.0,9008,945,0,4.79980993270874,12.779
2,11,0.09504434011476265,0.0,9585,911,0,4.887604475021362,11.312
3,114,0.11121563708581582,0.0,9567,1064,0,4.8374834060668945,11.771
3,192,0.10930159724397119,0.0,9579,1047,0,4.83993673324585,11.772
1,180,0.04850632911392405,0.0,9875,479,0,4.8227832317352295,10.825
0,21,0.006339468302658487,0.0,9780,62,0,4.744400978088379,10.182
1,63,0.032138566279535444,0.0,9988,321,0,4.750585079193115,10.844
1,152,0.04345267287886219,0.0,10195,443,0,4.706427812576294,10.848
4,127,0.11035125893689773,0.0,9651,1065,0,4.881492853164673,12.151
6,179,0.11721302835459049,0.0,9487,1112,0,4.8615875244140625,12.775
6,49,0.10662189106936719,0.0,9529,1016,0,4.856367826461792,12.749
0,71,9.748488984207447e-05,0.0,10258,1,0,4.771825790405273,10.167
4,3,0.11498292829885519,0.0,9958,1145,0,4.872355222702026,12.144
2,143,0.09581193204267088,0.0,10124,970,0,4.805611848831177,11.318
4,55,0.104206597397357,0.0,9913,1033,0,4.859212398529053,12.14
2,154,0.08826160421429281,0.0,10061,888,0,4.783044338226318,11.324
2,108,0.09321446260525013,0.0,10095,941,0,4.903622627258301,11.333
6,31,0.10815182229890015,0.0,9274,1003,0,4.849501371383667,12.784
4,60,0.10016204172574437,0.0,9874,989,0,4.871408939361572,12.114
6,107,0.11698633040161067,0.0,9437,1104,0,4.9100165367126465,12.761
1,32,0.0351288056206089,0.0,10248,360,0,4.74065089225769,10.804
0,187,0.006726457399103139,0.0,10258,69,0,4.761133193969727,10.177
0,160,0.005241090146750524,0.0,10494,55,0,4.76993989944458,10.183
4,15,0.11533498759305211,0.0,10075,1162,0,4.880373239517212,12.148
4,179,0.11871592973955179,0.0,9906,1176,0,4.857430696487427,12.132
2,34,0.08254973770167277,0.0,10103,834,0,4.818390130996704,11.324
0,164,0.007236588189888074,0.0,10364,75,0,4.7203497886657715,10.183
3,27,0.08785175017158545,0.0,10199,896,0,4.860532522201538,11.788
4,64,0.06539074960127592,0.0,10032,656,0,4.804738521575928,12.144
4,185,0.12007992007992008,0.0,10010,1202,0,4.8772783279418945,12.132
0,198,0.005865102639296188,0.0,10230,60,0,4.7770678997039795,10.173
3,36,0.11275342055328073,0.0,10013,1129,0,4.928959369659424,11.784
1,143,0.05044256210145617,0.0,10507,530,0,4.754864931106567,10.836
3,187,0.10795510004880429,0.0,10245,1106,0,4.847766399383545,11.788
2,31,0.07667064439140811,0.0,10056,771,0,4.823797941207886,11.337
3,109,0.10385226370135028,0.0,10072,1046,0,4.889468669891357,11.782
2,69,0.08071839370396529,0.0,9911,800,0,4.856130361557007,11.335
2,85,0.07604903817402571,0.0,10033,763,0,4.839934825897217,11.342
1,35,0.052528420227361816,0.0,10204,536,0,4.873669624328613,10.844
2,140,0.08818958818958819,0.0,10296,908,0,4.8516926765441895,11.35
0,123,0.006894484412470024,0.0,10008,69,0,4.761007070541382,10.195
6,75,0.07498444306160548,0.0,9642,723,0,4.807786226272583,12.807
6,8,0.11661807580174927,0.0,9604,1120,0,4.8886213302612305,12.76
1,183,0.048716196426828076,0.0,10243,499,0,4.79810357093811,10.815
1,86,0.031381366702512466,0.0,10229,321,0,4.75368070602417,10.836
3,173,0.11143141153081511,0.0,10060,1121,0,4.8191094398498535,11.785
6,199,0.11550183920126117,0.0,9515,1099,0,4.8622047901153564,12.784
6,27,0.10906811533639783,0.0,9572,1044,0,4.875337839126587,12.752
3,158,0.10955138902522824,0.0,10187,1116,0,4.854321479797363,11.75
1,146,0.05369448698315467,0.0,10448,561,0,4.793568134307861,10.823
0,9,0.006045831301803998,0.0,10255,62,0,4.83130669593811,10.183
1,199,0.050332383665717,0.0,10530,530,0,4.82645583152771,10.839
0,150,0.007859104251491337,0.0,10561,83,0,4.7501020431518555,10.19
6,60,0.09587366276107998,0.0,9815,941,0,4.873187780380249,12.781
1,112,0.05062452687358062,0.0,10568,535,0,4.808063268661499,10.81
6,157,0.11009363103199918,0.0,9719,1070,0,4.849877834320068,12.778
0,108,0.005979498861047836,0.0,10536,63,0,4.776787281036377,10.161
2,148,0.09790695367523063,0.0,10081,987,0,4.89324688911438,11.332
1,147,0.05199157410953657,0.0,10444,543,0,4.763312101364136,10.838
2,159,0.08209598620557525,0.0,10439,857,0,4.896941661834717,11.337
0,170,0.005347073692397434,0.0,10286,55,0,4.804566860198975,10.182
0,99,0.005758906783796974,0.0,10245,59,0,4.794782638549805,10.192
6,34,0.11331923890063425,0.0,9460,1072,0,4.81917405128479,12.801
4,189,0.11507582515611062,0.0,10089,1161,0,4.830570697784424,12.114
1,31,0.034330648254698885,0.0,10428,358,0,4.782853364944458,10.825
3,82,0.08744528452049344,0.0,10052,879,0,4.892484664916992,11.777
2,142,0.09405215353061823,0.0,10239,963,0,4.818212985992432,11.33
6,109,0.1124333196553139,0.0,9748,1096,0,4.800921440124512,12.783
2,78,0.05854080553686437,0.0,10403,609,0,4.807672500610352,11.309
3,172,0.10798074994986966,0.0,9974,1077,0,4.90786337852478,11.773
2,18,0.09498031496062992,0.0,10160,965,0,4.796617031097412,11.328
3,89,0.09895833333333333,0.0,10368,1026,0,4.786668539047241,11.778
3,37,0.10116884392495826,0.0,10181,1030,0,4.844831943511963,11.775
4,183,0.11478083588175331,0.0,9810,1126,0,4.828724145889282,12.136
6,70,0.08902413864245926,0.0,9694,863,0,4.8410444259643555,12.13
1,29,0.030447647227259712,0.0,10477,319,0,4.75730299949646,10.81
3,155,0.10851042992850847,0.0,10211,1108,0,4.877053260803223,11.773
6,81,0.1036779018543182,0.0,9761,1012,0,4.88139796257019,12.777
4,57,0.10153199158906578,0.0,9987,1014,0,4.796565055847168,12.113
4,181,0.11973845525132816,0.0,9788,1172,0,4.859327793121338,12.123
4,62,0.09030923773882214,0.0,10154,917,0,4.836957693099976,12.125
4,172,0.11686479951642152,0.0,9926,1160,0,4.825707197189331,12.126
0,178,0.0064847077042198996,0.0,10332,67,0,4.7712531089782715,10.177
3,147,0.10612680842800272,0.0,10299,1093,0,4.821703672409058,11.777
6,10,0.11061361554899767,0.0,9827,1087,0,4.857785224914551,12.777
0,117,0.0066244239631336405,0.0,10416,69,0,4.7407824993133545,10.162
1,171,0.053637309620660295,0.0,10571,567,0,4.814631938934326,10.836
2,63,0.0694973343488195,0.0,10504,730,0,4.854668855667114,11.333
2,76,0.06820328736066503,0.0,10586,722,0,4.808994293212891,11.334
6,23,0.10981236542602277,0.0,9753,1071,0,4.82743501663208,12.783
0,105,0.0068157818949793605,0.0,10417,71,0,4.783586502075195,10.166
4,126,0.10936875749101078,0.0,10012,1095,0,4.879790306091309,12.144
3,58,0.09236043095004898,0.0,10210,943,0,4.8258562088012695,11.767
0,154,0.005454023538417376,0.0,10451,57,0,4.786730527877808,10.179
2,1,0.09440122923268991,0.0,10413,983,0,4.83430814743042,11.338
1,186,0.05112414467253177,0.0,10230,523,0,4.793494701385498,10.843
1,50,0.03703012778658707,0.0,10721,397,0,4.7954137325286865,10.844
6,102,0.1103605944092279,0.0,9623,1062,0,4.879786729812622,12.788
3,38,0.10522136192177883,0.0,10074,1060,0,4.855488300323486,11.748
6,43,0.10927291886195996,0.0,9490,1037,0,4.8478593826293945,12.767
0,27,0.005989705194197473,0.0,10685,64,0,4.746556520462036,10.161
0,53,0.004624386560966402,0.0,10596,49,0,4.7315332889556885,10.182
3,174,0.10919258314529579,0.0,10193,1113,0,4.8196234703063965,11.781
4,170,0.11615446825717751,0.0,9892,1149,0,4.918463706970215,12.139
2,161,0.08773640085786703,0.0,10258,900,0,4.8484344482421875,11.325
6,88,0.10560571068654209,0.0,9526,1006,0,4.853829860687256,12.783
1,188,0.05393956509460604,0.0,10623,573,0,4.786143064498901,10.809
3,12,0.11320011812186238,0.0,10159,1150,0,4.797664642333984,11.772
3,159,0.10887970072848986,0.0,10158,1106,0,4.846715688705444,11.769
3,9,0.10642471799901913,0.0,10195,1085,0,4.8661580085754395,11.772
2,51,0.08059034857753179,0.0,10299,830,0,4.837596416473389,11.33
2,175,0.08800698622161847,0.0,10306,907,0,4.848407983779907,11.334
3,42,0.08328451474321422,0.0,10242,853,0,4.81025767326355,11.336
1,71,0.038394415357766144,0.0,10314,396,0,4.811840295791626,10.83
3,136,0.1073204694648896,0.0,10054,1079,0,4.79243016242981,11.784
0,60,0.004726992089523442,0.0,10366,49,0,4.794782638549805,10.182
1,78,0.029089175011921792,0.0,10485,305,0,4.807365655899048,10.839
4,66,0.029173917494114035,0.0,9769,285,0,4.813981056213379,12.151
