"Freq [GHz]","dB(St(feedline_T1,feedline_T1)) []"
1.2,-11.6872204687283
1.202,-11.722411301451
1.204,-11.7579414114364
1.206,-11.793814180473
1.208,-11.8300330530871
1.21,-11.8666015379474
1.212,-11.9035232093118
1.214,-11.9408017085175
1.216,-11.9784407455157
1.218,-12.0164441004529
1.22,-12.0548156253008
1.222,-12.0935592455355
1.224,-12.1326789618697
1.226,-12.1721788520375
1.228,-12.2120630726364
1.23,-12.2523358610264
1.232,-12.29300153729
1.234,-12.3340645062541
1.236,-12.3755292595783
1.238,-12.4174003779089
1.24,-12.4596825331049
1.242,-12.5023804905358
1.244,-12.5454991114558
1.246,-12.5890433554568
1.248,-12.6330182830037
1.25,-12.6774290580546
1.252,-12.7222809507702
1.254,-12.7675793403161
1.256,-12.8133297177606
1.258,-12.8595376890733
1.26,-12.9062089782282
1.262,-12.9533494304155
1.264,-13.0009650153671
1.266,-13.0490618308001
1.268,-13.0976461059841
1.27,-13.1467242054365
1.272,-13.1963026327533
1.274,-13.2463880345786
1.276,-13.2969872047215
1.278,-13.3481070884258
1.28,-13.3997547867982
1.282,-13.4519375614052
1.284,-13.504662839043
1.286,-13.55793821669
1.288,-13.6117714666509
1.29,-13.6661705418995
1.292,-13.7211435816308
1.294,-13.7766989170324
1.296,-13.8328450772841
1.298,-13.8895907957984
1.3,-13.9469450167128
1.302,-14.0049169016454
1.304,-14.0635158367279
1.306,-14.1227514399295
1.308,-14.1826335686846
1.31,-14.2431723278426
1.312,-14.3043780779525
1.314,-14.3662614439024
1.316,-14.4288333239308
1.318,-14.4921048990285
1.32,-14.556087642753
1.322,-14.6207933314761
1.324,-14.6862340550876
1.326,-14.7524222281812
1.328,-14.8193706017462
1.33,-14.8870922753954
1.332,-14.955600710157
1.334,-15.0249097418617
1.336,-15.0950335951608
1.338,-15.1659868982079
1.34,-15.2377846980448
1.342,-15.3104424767311
1.344,-15.3839761682611
1.346,-15.4584021763144
1.348,-15.5337373928904
1.35,-15.6099992178786
1.352,-15.6872055796234
1.354,-15.7653749565419
1.356,-15.8445263998625
1.358,-15.9246795575529
1.36,-16.0058546995128
1.362,-16.0880727441132
1.364,-16.1713552861677
1.366,-16.2557246264307
1.368,-16.3412038027224
1.37,-16.4278166227899
1.372,-16.5155876990197
1.374,-16.6045424851311
1.376,-16.6947073149837
1.378,-16.7861094436485
1.38,-16.8787770909021
1.382,-16.9727394873164
1.384,-17.0680269231319
1.386,-17.1646708001177
1.388,-17.2627036866395
1.39,-17.3621593761759
1.392,-17.4630729495435
1.394,-17.5654808411176
1.396,-17.6694209093565
1.398,-17.7749325119713
1.4,-17.8820565861087
1.402,-17.9908357339544
1.404,-18.1013143142
1.406,-18.2135385398602
1.408,-18.327556582975
1.41,-18.4434186867833
1.412,-18.5611772860164
1.414,-18.680887136021
1.416,-18.8026054515004
1.418,-18.9263920557403
1.42,-19.0523095412818
1.422,-19.1804234431054
1.424,-19.3108024255086
1.426,-19.4435184839898
1.428,-19.5786471636002
1.43,-19.7162677953946
1.432,-19.8564637528001
1.434,-19.9993227299389
1.436,-20.1449370441875
1.438,-20.2934039655315
1.44,-20.4448260755988
1.442,-20.5993116596139
1.444,-20.7569751349399
1.446,-20.9179375203508
1.448,-21.0823269507349
1.45,-21.2502792425657
1.452,-21.421938516219
1.454,-21.5974578820705
1.456,-21.777000198307
1.458,-21.960738909546
1.46,-22.1488589767189
1.462,-22.3415579102645
1.464,-22.5390469205519
1.466,-22.7415522016621
1.468,-22.9493163672629
1.47,-23.1626000604091
1.472,-23.38168376278
1.474,-23.6068698332588
1.476,-23.8384848110132
1.478,-24.0768820245483
1.48,-24.3224445558056
1.482,-24.575588617562
1.484,-24.8367674135129
1.486,-25.106475563941
1.488,-25.385254196352
1.49,-25.6736968205665
1.492,-25.9724561323657
1.494,-26.2822519199067
1.496,-26.6038802839965
1.498,-26.938224428356
1.5,-27.286267330814
1.502,-27.64910667249
1.504,-28.0279724806753
1.506,-28.4242480323381
1.508,-28.8394946662865
1.51,-29.2754812544245
1.512,-29.7342191654218
1.514,-30.2180035719998
1.516,-30.7294618109036
1.518,-31.2716090080738
1.52,-31.8479099353873
1.522,-32.4623432649445
1.524,-33.1194583822236
1.526,-33.8244022939989
1.528,-34.5828677783532
1.53,-35.4008587608844
1.532,-36.2840536288648
1.534,-37.2363087732759
1.536,-38.2563703609341
1.538,-39.3310239701845
1.54,-40.4219407644908
1.542,-41.4446667808743
1.544,-42.2497453328862
1.546,-42.6458413653734
1.548,-42.5059069678711
1.55,-41.87456935898
1.552,-40.9274660662081
1.554,-39.8435371792476
1.556,-38.7396497131596
1.558,-37.6748977602283
1.56,-36.6732746811446
1.562,-35.7410122348878
1.564,-34.8763031332755
1.566,-34.0741353659523
1.568,-33.3285517828886
1.57,-32.6336497928191
1.572,-31.983984595873
1.574,-31.3746968606183
1.576,-30.8015177325512
1.578,-30.260723395649
1.58,-29.749072834074
1.582,-29.2637439800823
1.584,-28.8022746168671
1.586,-28.3625102415829
1.588,-27.942559186702
1.59,-27.5407544836187
1.592,-27.1556216613909
1.594,-26.785851625505
1.596,-26.4302778189601
1.598,-26.0878569640679
1.6,-25.7576527867761
1.60014285714286,-25.7345114489008
1.60028571428571,-25.7114278149353
1.60042857142857,-25.6884015966161
1.60057142857143,-25.6654325077541
1.60071428571429,-25.6425202642144
1.60085714285714,-25.6196645838976
1.601,-25.5968651867205
1.60114285714286,-25.5741217945975
1.60128571428571,-25.5514341314217
1.60142857142857,-25.528801923047
1.60157142857143,-25.5062248972692
1.60171428571429,-25.4837027838086
1.60185714285714,-25.4612353142921
1.602,-25.4388222222353
1.60214285714286,-25.4164632430257
1.60228571428571,-25.3941581139045
1.60242857142857,-25.3719065739508
1.60257142857143,-25.3497083640639
1.60271428571429,-25.3275632269468
1.60285714285714,-25.30547090709
1.603,-25.2834311507551
1.60314285714286,-25.2614437059587
1.60328571428571,-25.2395083224561
1.60342857142857,-25.2176247517263
1.60357142857143,-25.1957927469557
1.60371428571429,-25.1740120630232
1.60385714285714,-25.1522824564844
1.604,-25.1306036855572
1.60414285714286,-25.1089755101063
1.60428571428571,-25.0873976916285
1.60442857142857,-25.0658699932387
1.60457142857143,-25.0443921796546
1.60471428571429,-25.0229640171829
1.60485714285714,-25.0015852737051
1.605,-24.9802557186636
1.60514285714286,-24.9589751230475
1.60528571428571,-24.9377432593794
1.60542857142857,-24.9165599017013
1.60557142857143,-24.8954248255619
1.60571428571429,-24.8743378080026
1.60585714285714,-24.8532986275448
1.606,-24.8323070641769
1.60614285714286,-24.8113628993414
1.60628571428571,-24.7904659159222
1.60642857142857,-24.7696158982318
1.60657142857143,-24.7488126319994
1.60671428571429,-24.728055904358
1.60685714285714,-24.7073455038324
1.607,-24.6866812203275
1.60714285714286,-24.6660628451159
1.60728571428571,-24.6454901708261
1.60742857142857,-24.6249629914312
1.60757142857143,-24.604481102237
1.60771428571429,-24.5840442998707
1.60785714285714,-24.5636523822694
1.608,-24.5433051486693
1.60814285714286,-24.5230023995941
1.60828571428571,-24.5027439368442
1.60842857142857,-24.4825295634859
1.60857142857143,-24.4623590838407
1.60871428571429,-24.4422323034745
1.60885714285714,-24.4221490291871
1.609,-24.4021090690019
1.60914285714286,-24.3821122321552
1.60928571428571,-24.3621583290864
1.60942857142857,-24.3422471714277
1.60957142857143,-24.3223785719942
1.60971428571429,-24.3025523447736
1.60985714285714,-24.2827683049168
1.61,-24.2630262687283
1.61014285714286,-24.2433260536558
1.61028571428571,-24.2236674782815
1.61042857142857,-24.2040503623125
1.61057142857143,-24.184474526571
1.61071428571429,-24.1649397929857
1.61085714285714,-24.1454459845821
1.611,-24.1259929254737
1.61114285714286,-24.1065804408533
1.61128571428571,-24.0872083569834
1.61142857142857,-24.067876501188
1.61157142857143,-24.048584701844
1.61171428571429,-24.0293327883719
1.61185714285714,-24.0101205912279
1.612,-23.9909479418951
1.61214285714286,-23.9718146728754
1.61228571428571,-23.9527206176807
1.61242857142857,-23.9336656108256
1.61257142857143,-23.9146494878183
1.61271428571429,-23.895672085153
1.61285714285714,-23.876733240302
1.613,-23.8578327917078
1.61314285714286,-23.8389705787749
1.61328571428571,-23.8201464418627
1.61342857142857,-23.8013602222772
1.61357142857143,-23.7826117622637
1.61371428571429,-23.7639009049995
1.61385714285714,-23.7452274945859
1.614,-23.7265913760412
1.61414285714286,-23.7079923952936
1.61428571428571,-23.6894303991734
1.61442857142857,-23.670905235406
1.61457142857143,-23.6524167526054
1.61471428571429,-23.6339648002662
1.61485714285714,-23.6155492287573
1.615,-23.5971698893147
1.61514285714286,-23.5788266340351
1.61528571428571,-23.5605193158683
1.61542857142857,-23.5422477886114
1.61557142857143,-23.5240119069016
1.61571428571429,-23.5058115262096
1.61585714285714,-23.4876465028334
1.616,-23.4695166938918
1.61614285714286,-23.4514219573174
1.61628571428571,-23.4333621518512
1.61642857142857,-23.4153371370357
1.61657142857143,-23.3973467732086
1.61671428571429,-23.3793909214971
1.61685714285714,-23.3614694438115
1.617,-23.343582202839
1.61714285714286,-23.325729062038
1.61728571428571,-23.307909885632
1.61742857142857,-23.2901245386038
1.61757142857143,-23.2723728866895
1.61771428571429,-23.2546547963728
1.61785714285714,-23.2369701348794
1.618,-23.2193187701711
1.61814285714286,-23.2017005709404
1.61828571428571,-23.1841154066045
1.61842857142857,-23.1665631473006
1.61857142857143,-23.1490436638791
1.61871428571429,-23.1315568278999
1.61885714285714,-23.1141025116252
1.619,-23.0966805880158
1.61914285714286,-23.0792909307245
1.61928571428571,-23.0619334140917
1.61942857142857,-23.0446079131399
1.61957142857143,-23.0273143035686
1.61971428571429,-23.0100524617492
1.61985714285714,-22.9928222647198
1.62,-22.9756235901806
1.62014285714286,-22.9584563164885
1.62028571428571,-22.9413203226523
1.62042857142857,-22.9242154883281
1.62057142857143,-22.907141693814
1.62071428571429,-22.8900988200455
1.62085714285714,-22.8730867485911
1.621,-22.8561053616471
1.62114285714286,-22.839154542033
1.62128571428571,-22.8222341731871
1.62142857142857,-22.805344139162
1.62157142857143,-22.7884843246194
1.62171428571429,-22.7716546148264
1.62185714285714,-22.7548548956505
1.622,-22.7380850535554
1.62214285714286,-22.7213449755966
1.62228571428571,-22.7046345494168
1.62242857142857,-22.687953663242
1.62257142857143,-22.6713022058768
1.62271428571429,-22.6546800667005
1.62285714285714,-22.6380871356625
1.623,-22.6215233032786
1.62314285714286,-22.6049884606265
1.62328571428571,-22.5884824993417
1.62342857142857,-22.5720053116138
1.62357142857143,-22.555556790182
1.62371428571429,-22.5391368283314
1.62385714285714,-22.5227453198888
1.624,-22.5063821592192
1.62414285714286,-22.4900472412213
1.62428571428571,-22.473740461324
1.62442857142857,-22.4574617154825
1.62457142857143,-22.4412109001747
1.62471428571429,-22.4249879123968
1.62485714285714,-22.4087926496602
1.625,-22.3926250099878
1.62514285714286,-22.3764848919096
1.62528571428571,-22.3603721944597
1.62542857142857,-22.3442868171727
1.62557142857143,-22.3282286600797
1.62571428571429,-22.3121976237049
1.62585714285714,-22.2961936090623
1.626,-22.2802165176518
1.62614285714286,-22.2642662514561
1.62628571428571,-22.2483427129369
1.62642857142857,-22.2324458050319
1.62657142857143,-22.216575431151
1.62671428571429,-22.200731495173
1.62685714285714,-22.1849139014425
1.627,-22.1691225547664
1.62714285714286,-22.1533573604107
1.62728571428571,-22.1376182240971
1.62742857142857,-22.1219050519999
1.62757142857143,-22.1062177507428
1.62771428571429,-22.0905562273955
1.62785714285714,-22.0749203894709
1.628,-22.0593101449217
1.62814285714286,-22.0437254021373
1.62828571428571,-22.0281660699408
1.62842857142857,-22.012632057586
1.62857142857143,-21.9971232747541
1.62871428571429,-21.981639631551
1.62885714285714,-21.9661810385042
1.629,-21.9507474065597
1.62914285714286,-21.9353386470791
1.62928571428571,-21.919954671837
1.62942857142857,-21.9045953930174
1.62957142857143,-21.8892607232118
1.62971428571429,-21.8739505754153
1.62985714285714,-21.8586648630246
1.63,-21.8434034998346
1.63014285714286,-21.8281664000362
1.63028571428571,-21.8129534782129
1.63042857142857,-21.7977646493384
1.63057142857143,-21.7825998287738
1.63071428571429,-21.7674589322651
1.63085714285714,-21.75234187594
1.631,-21.7372485763058
1.63114285714286,-21.7221789502465
1.63128571428571,-21.70713291502
1.63142857142857,-21.6921103882557
1.63157142857143,-21.6771112879521
1.63171428571429,-21.6621355324737
1.63185714285714,-21.6471830405488
1.632,-21.6322537312672
1.63214285714286,-21.6173475240771
1.63228571428571,-21.6024643387829
1.63242857142857,-21.587604095543
1.63257142857143,-21.5727667148668
1.63271428571429,-21.5579521176126
1.63285714285714,-21.5431602249852
1.633,-21.5283909585332
1.63314285714286,-21.5136442401469
1.63328571428571,-21.4989199920558
1.63342857142857,-21.4842181368264
1.63357142857143,-21.4695385973595
1.63371428571429,-21.4548812968882
1.63385714285714,-21.4402461589756
1.634,-21.4256331075122
1.63414285714286,-21.411042066714
1.63428571428571,-21.39647296112
1.63442857142857,-21.38192571559
1.63457142857143,-21.3674002553024
1.63471428571429,-21.352896505752
1.63485714285714,-21.3384143927478
1.635,-21.3239538424108
1.63514285714286,-21.3095147811718
1.63528571428571,-21.2950971357694
1.63542857142857,-21.2807008332476
1.63557142857143,-21.2663258009537
1.63571428571429,-21.2519719665368
1.63585714285714,-21.2376392579445
1.636,-21.2233276034223
1.63614285714286,-21.2090369315102
1.63628571428571,-21.1947671710414
1.63642857142857,-21.1805182511401
1.63657142857143,-21.1662901012195
1.63671428571429,-21.1520826509795
1.63685714285714,-21.1378958304051
1.637,-21.1237295697644
1.63714285714286,-21.1095837996061
1.63728571428571,-21.0954584507582
1.63742857142857,-21.0813534543257
1.63757142857143,-21.0672687416886
1.63771428571429,-21.0532042445002
1.63785714285714,-21.039159894685
1.638,-21.0251356244372
1.63814285714286,-21.0111313662181
1.63828571428571,-20.9971470527547
1.63842857142857,-20.9831826170381
1.63857142857143,-20.9692379923208
1.63871428571429,-20.9553131121158
1.63885714285714,-20.9414079101941
1.639,-20.9275223205832
1.63914285714286,-20.9136562775652
1.63928571428571,-20.8998097156751
1.63942857142857,-20.8859825696987
1.63957142857143,-20.8721747746713
1.63971428571429,-20.8583862658756
1.63985714285714,-20.84461697884
1.64,-20.830866849337
1.64014285714286,-20.8171358133814
1.64028571428571,-20.8034238072283
1.64042857142857,-20.7897307673719
1.64057142857143,-20.7760566305434
1.64071428571429,-20.7624013337095
1.64085714285714,-20.7487648140706
1.641,-20.7351470090593
1.64114285714286,-20.7215478563384
1.64128571428571,-20.7079672937997
1.64142857142857,-20.6944052595621
1.64157142857143,-20.6808616919698
1.64171428571429,-20.667336529591
1.64185714285714,-20.6538297112162
1.642,-20.6403411758565
1.64214285714286,-20.6268708627421
1.64228571428571,-20.6134187113204
1.64242857142857,-20.599984661255
1.64257142857143,-20.5865686524236
1.64271428571429,-20.5731706249167
1.64285714285714,-20.559790519036
1.643,-20.5464282752928
1.64314285714286,-20.5330838344065
1.64328571428571,-20.519757137303
1.64342857142857,-20.5064481251133
1.64357142857143,-20.493156739172
1.64371428571429,-20.4798829210157
1.64385714285714,-20.4666266123812
1.644,-20.4533877552048
1.64414285714286,-20.44016629162
1.64428571428571,-20.4269621639565
1.64442857142857,-20.4137753147386
1.64457142857143,-20.4006056866836
1.64471428571429,-20.3874532227006
1.64485714285714,-20.374317865889
1.645,-20.3611995595367
1.64514285714286,-20.3480982471192
1.64528571428571,-20.3350138722978
1.64542857142857,-20.3219463789183
1.64557142857143,-20.3088957110097
1.64571428571429,-20.2958618127826
1.64585714285714,-20.2828446286277
1.646,-20.2698441031149
1.64614285714286,-20.2568601809914
1.64628571428571,-20.2438928071805
1.64642857142857,-20.2309419267802
1.64657142857143,-20.2180074850621
1.64671428571429,-20.2050894274694
1.64685714285714,-20.1921876996164
1.647,-20.1793022472862
1.64714285714286,-20.1664330164302
1.64728571428571,-20.1535799531663
1.64742857142857,-20.1407430037776
1.64757142857143,-20.127922114711
1.64771428571429,-20.1151172325764
1.64785714285714,-20.1023283041446
1.648,-20.0895552763465
1.64814285714286,-20.0767980962717
1.64828571428571,-20.064056711167
1.64842857142857,-20.0513310684355
1.64857142857143,-20.0386211156349
1.64871428571429,-20.0259268004765
1.64885714285714,-20.0132480708234
1.649,-20.0005848746901
1.64914285714286,-19.9879371602405
1.64928571428571,-19.9753048757868
1.64942857142857,-19.9626879697884
1.64957142857143,-19.9500863908505
1.64971428571429,-19.9375000877228
1.64985714285714,-19.9249290092983
1.65,-19.9123731046124
1.65014285714286,-19.8998323228409
1.65028571428571,-19.8873066132992
1.65042857142857,-19.8747959254414
1.65057142857143,-19.8623002088584
1.65071428571429,-19.8498194132771
1.65085714285714,-19.8373534885588
1.651,-19.8249023846988
1.65114285714286,-19.812466051824
1.65128571428571,-19.8000444401925
1.65142857142857,-19.7876375001924
1.65157142857143,-19.7752451823401
1.65171428571429,-19.7628674372795
1.65185714285714,-19.7505042157804
1.652,-19.7381554687381
1.65214285714286,-19.7258211471712
1.65228571428571,-19.7135012022209
1.65242857142857,-19.7011955851501
1.65257142857143,-19.6889042473416
1.65271428571429,-19.6766271402973
1.65285714285714,-19.6643642156369
1.653,-19.6521154250968
1.65314285714286,-19.6398807205289
1.65328571428571,-19.6276600538992
1.65342857142857,-19.6154533772871
1.65357142857143,-19.6032606428838
1.65371428571429,-19.5910818029911
1.65385714285714,-19.5789168100209
1.654,-19.566765616493
1.65414285714286,-19.5546281750349
1.65428571428571,-19.5425044383801
1.65442857142857,-19.5303943593669
1.65457142857143,-19.5182978909378
1.65471428571429,-19.5062149861375
1.65485714285714,-19.4941455981127
1.655,-19.48208968011
1.65514285714286,-19.4700471854755
1.65528571428571,-19.4580180676532
1.65542857142857,-19.4460022801842
1.65557142857143,-19.4339997767053
1.65571428571429,-19.4220105109477
1.65585714285714,-19.4100344367364
1.656,-19.3980715079885
1.65614285714286,-19.3861216787126
1.65628571428571,-19.3741849030069
1.65642857142857,-19.3622611350588
1.65657142857143,-19.3503503291437
1.65671428571429,-19.3384524396231
1.65685714285714,-19.3265674209443
1.657,-19.3146952276391
1.65714285714286,-19.3028358143224
1.65728571428571,-19.290989135691
1.65742857142857,-19.2791551465229
1.65757142857143,-19.2673338016758
1.65771428571429,-19.2555250560863
1.65785714285714,-19.2437288647682
1.658,-19.2319451828119
1.65814285714286,-19.2201739653832
1.65828571428571,-19.2084151677218
1.65842857142857,-19.1966687451406
1.65857142857143,-19.1849346530242
1.65871428571429,-19.173212846828
1.65885714285714,-19.1615032820772
1.659,-19.1498059143651
1.65914285714286,-19.1381206993526
1.65928571428571,-19.1264475927667
1.65942857142857,-19.1147865503994
1.65957142857143,-19.1031375281066
1.65971428571429,-19.0915004818069
1.65985714285714,-19.0798753674808
1.66,-19.068262141169
1.66014285714286,-19.0566607589716
1.66028571428571,-19.0450711770469
1.66042857142857,-19.0334933516102
1.66057142857143,-19.0219272389327
1.66071428571429,-19.0103727953405
1.66085714285714,-18.998829977213
1.661,-18.9872987409821
1.66114285714286,-18.9757790431313
1.66128571428571,-18.9642708401937
1.66142857142857,-18.9527740887518
1.66157142857143,-18.9412887454356
1.66171428571429,-18.9298147669218
1.66185714285714,-18.9183521099328
1.662,-18.9069007312351
1.66214285714286,-18.8954605876382
1.66228571428571,-18.8840316359937
1.66242857142857,-18.8726138331942
1.66257142857143,-18.8612071361715
1.66271428571429,-18.849811501896
1.66285714285714,-18.8384268873754
1.663,-18.8270532496535
1.66314285714286,-18.8156905458087
1.66328571428571,-18.8043387329533
1.66342857142857,-18.7929977682321
1.66357142857143,-18.7816676088209
1.66371428571429,-18.7703482119258
1.66385714285714,-18.7590395347818
1.664,-18.7477415346514
1.66414285714286,-18.7364541688236
1.66428571428571,-18.7251773946127
1.66442857142857,-18.7139111693568
1.66457142857143,-18.7026554504171
1.66471428571429,-18.691410195176
1.66485714285714,-18.6801753610365
1.665,-18.6689509054204
1.66514285714286,-18.6577367857676
1.66528571428571,-18.6465329595344
1.66542857142857,-18.6353393841926
1.66557142857143,-18.6241560172278
1.66571428571429,-18.6129828161388
1.66585714285714,-18.6018197384355
1.666,-18.5906667416386
1.66614285714286,-18.5795237832774
1.66628571428571,-18.568390820889
1.66642857142857,-18.557267812017
1.66657142857143,-18.5461547142101
1.66671428571429,-18.535051485021
1.66685714285714,-18.5239580820047
1.667,-18.5128744627174
1.66714285714286,-18.5018005847156
1.66728571428571,-18.4907364055539
1.66742857142857,-18.4796818827845
1.66757142857143,-18.4686369739554
1.66771428571429,-18.4576016366091
1.66785714285714,-18.4465758282815
1.668,-18.4355595065003
1.66814285714286,-18.4245526287838
1.66828571428571,-18.4135551526393
1.66842857142857,-18.4025670355619
1.66857142857143,-18.3915882350332
1.66871428571429,-18.3806187085198
1.66885714285714,-18.3696584134717
1.669,-18.3587073073213
1.66914285714286,-18.3477653474818
1.66928571428571,-18.3368324913456
1.66942857142857,-18.3259086962831
1.66957142857143,-18.3149939196412
1.66971428571429,-18.3040881187418
1.66985714285714,-18.2931912508806
1.67,-18.2823032733251
1.67014285714286,-18.2714241433137
1.67028571428571,-18.2605538180538
1.67042857142857,-18.2496922547207
1.67057142857143,-18.2388394104557
1.67071428571429,-18.2279952423648
1.67085714285714,-18.2171597075171
1.671,-18.2063327629435
1.67114285714286,-18.1955143656348
1.67128571428571,-18.1847044725405
1.67142857142857,-18.1739030405669
1.67157142857143,-18.1631100265759
1.67171428571429,-18.152325387383
1.67185714285714,-18.1415490797561
1.672,-18.1307810604137
1.67214285714286,-18.1200212860232
1.67228571428571,-18.1092697131996
1.67242857142857,-18.0985262985036
1.67257142857143,-18.0877909984398
1.67271428571429,-18.0770637694554
1.67285714285714,-18.0663445679385
1.673,-18.0556333502161
1.67314285714286,-18.0449300725526
1.67328571428571,-18.0342346911482
1.67342857142857,-18.0235471621371
1.67357142857143,-18.0128674415855
1.67371428571429,-18.0021954854903
1.67385714285714,-17.9915312497769
1.674,-17.9808746902979
1.67414285714286,-17.9702257628309
1.67428571428571,-17.9595844230768
1.67442857142857,-17.9489506266581
1.67457142857143,-17.9383243291171
1.67471428571429,-17.9277054859136
1.67485714285714,-17.9170940524239
1.675,-17.9064899839379
1.67514285714286,-17.895893235658
1.67528571428571,-17.8853037626969
1.67542857142857,-17.8747215200755
1.67557142857143,-17.8641464627214
1.67571428571429,-17.8535785454666
1.67585714285714,-17.8430177230453
1.676,-17.8324639500926
1.67614285714286,-17.821917181142
1.67628571428571,-17.8113773706234
1.67642857142857,-17.8008444728612
1.67657142857143,-17.7903184420722
1.67671428571429,-17.7797992323634
1.67685714285714,-17.76928679773
1.677,-17.7587810920536
1.67714285714286,-17.7482820690992
1.67728571428571,-17.737789682514
1.67742857142857,-17.7273038858247
1.67757142857143,-17.7168246324354
1.67771428571429,-17.7063518756254
1.67785714285714,-17.695885568547
1.678,-17.6854256642232
1.67814285714286,-17.6749721155453
1.67828571428571,-17.664524875271
1.67842857142857,-17.6540838960217
1.67857142857143,-17.6436491302801
1.67871428571429,-17.6332205303882
1.67885714285714,-17.6227980485447
1.679,-17.6123816368026
1.67914285714286,-17.6019712470666
1.67928571428571,-17.5915668310911
1.67942857142857,-17.5811683404771
1.67957142857143,-17.5707757266704
1.67971428571429,-17.5603889409583
1.67985714285714,-17.5500079344677
1.68,-17.539632658162
1.68014285714286,-17.5292630628391
1.68028571428571,-17.5188990991281
1.68042857142857,-17.508540717487
1.68057142857143,-17.4981878682
1.68071428571429,-17.4878405013747
1.68085714285714,-17.4774985669393
1.681,-17.4671620146402
1.68114285714286,-17.4568307940385
1.68128571428571,-17.4465048545079
1.68142857142857,-17.4361841452314
1.68157142857143,-17.4258686151986
1.68171428571429,-17.4155582132025
1.68185714285714,-17.4052528878369
1.682,-17.3949525874933
1.68214285714286,-17.3846572603578
1.68228571428571,-17.374366854408
1.68242857142857,-17.3640813174102
1.68257142857143,-17.3538005969159
1.68271428571429,-17.3435246402591
1.68285714285714,-17.3332533945527
1.683,-17.3229868066853
1.68314285714286,-17.3127248233185
1.68328571428571,-17.3024673908828
1.68342857142857,-17.292214455575
1.68357142857143,-17.2819659633542
1.68371428571429,-17.271721859939
1.68385714285714,-17.2614820908036
1.684,-17.2512466011745
1.68414285714286,-17.2410153360272
1.68428571428571,-17.230788240082
1.68442857142857,-17.2205652578012
1.68457142857143,-17.2103463333849
1.68471428571429,-17.2001314107676
1.68485714285714,-17.1899204336142
1.685,-17.1797133453167
1.68514285714286,-17.1695100889898
1.68528571428571,-17.1593106074675
1.68542857142857,-17.149114843299
1.68557142857143,-17.1389227387449
1.68571428571429,-17.128734235773
1.68585714285714,-17.1185492760543
1.686,-17.1083678009593
1.68614285714286,-17.0981897515532
1.68628571428571,-17.0880150685922
1.68642857142857,-17.0778436925193
1.68657142857143,-17.0676755634595
1.68671428571429,-17.0575106212161
1.68685714285714,-17.0473488052659
1.687,-17.0371900547548
1.68714285714286,-17.0270343084937
1.68728571428571,-17.0168815049532
1.68742857142857,-17.0067315822599
1.68757142857143,-16.9965844781908
1.68771428571429,-16.9864401301693
1.68785714285714,-16.9762984752602
1.688,-16.9661594501646
1.68814285714286,-16.9560229912156
1.68828571428571,-16.9458890343725
1.68842857142857,-16.9357575152168
1.68857142857143,-16.9256283689462
1.68871428571429,-16.9155015303698
1.68885714285714,-16.9053769339031
1.689,-16.8952545135624
1.68914285714286,-16.8851342029598
1.68928571428571,-16.8750159352973
1.68942857142857,-16.8648996433617
1.68957142857143,-16.8547852595191
1.68971428571429,-16.844672715709
1.68985714285714,-16.8345619434386
1.69,-16.8244528737774
1.69014285714286,-16.814345437351
1.69028571428571,-16.8042395643353
1.69042857142857,-16.7941351844506
1.69057142857143,-16.7840322269552
1.69071428571429,-16.7739306206398
1.69085714285714,-16.7638302938207
1.691,-16.7537311743339
1.69114285714286,-16.7436331895285
1.69128571428571,-16.7335362662601
1.69142857142857,-16.7234403308845
1.69157142857143,-16.7133453092511
1.69171428571429,-16.7032511266958
1.69185714285714,-16.6931577080343
1.692,-16.6830649775553
1.69214285714286,-16.6729728590135
1.69228571428571,-16.6628812756222
1.69242857142857,-16.6527901500466
1.69257142857143,-16.6426994043959
1.69271428571429,-16.6326089602163
1.69285714285714,-16.6225187384833
1.693,-16.6124286595942
1.69314285714286,-16.6023386433605
1.69328571428571,-16.5922486089995
1.69342857142857,-16.5821584751276
1.69357142857143,-16.5720681597506
1.69371428571429,-16.5619775802569
1.69385714285714,-16.5518866534088
1.694,-16.5417952953339
1.69414285714286,-16.531703421517
1.69428571428571,-16.5216109467912
1.69442857142857,-16.5115177853293
1.69457142857143,-16.5014238506351
1.69471428571429,-16.4913290555339
1.69485714285714,-16.4812333121641
1.695,-16.4711365319674
1.69514285714286,-16.46103862568
1.69528571428571,-16.4509395033224
1.69542857142857,-16.4408390741903
1.69557142857143,-16.4307372468449
1.69571428571429,-16.4206339291025
1.69585714285714,-16.410529028025
1.696,-16.4004224499093
1.69614285714286,-16.3903141002772
1.69628571428571,-16.3802038838648
1.69642857142857,-16.3700917046119
1.69657142857143,-16.3599774656514
1.69671428571429,-16.349861069298
1.69685714285714,-16.3397424170373
1.697,-16.3296214095146
1.69714285714286,-16.3194979465233
1.69728571428571,-16.3093719269934
1.69742857142857,-16.2992432489797
1.69757142857143,-16.2891118096499
1.69771428571429,-16.2789775052725
1.69785714285714,-16.2688402312043
1.698,-16.2586998818783
1.69814285714286,-16.2485563507906
1.69828571428571,-16.2384095304878
1.69842857142857,-16.228259312554
1.69857142857143,-16.2181055875976
1.69871428571429,-16.2079482452374
1.69885714285714,-16.1977871740895
1.699,-16.1876222617532
1.69914285714286,-16.1774533947972
1.69928571428571,-16.1672804587447
1.69942857142857,-16.1571033380598
1.69957142857143,-16.146921916132
1.69971428571429,-16.1367360752619
1.69985714285714,-16.1265456966454
1.7,-16.1163506603591
1.70014285714286,-16.106150845344
1.70028571428571,-16.0959461293898
1.70042857142857,-16.0857363891192
1.70057142857143,-16.0755214999709
1.70071428571429,-16.0653013361836
1.70085714285714,-16.0550757707785
1.701,-16.044844675543
1.70114285714286,-16.0346079210125
1.70128571428571,-16.0243653764531
1.70142857142857,-16.0141169098437
1.70157142857143,-16.0038623878577
1.70171428571429,-15.9936016758445
1.70185714285714,-15.9833346378106
1.702,-15.9730611364009
1.70214285714286,-15.9627810328785
1.70228571428571,-15.9524941871061
1.70242857142857,-15.9422004575248
1.70257142857143,-15.9318997011349
1.70271428571429,-15.9215917734742
1.70285714285714,-15.9112765285979
1.703,-15.9009538190565
1.70314285714286,-15.8906234958749
1.70328571428571,-15.8802854085297
1.70342857142857,-15.8699394049272
1.70357142857143,-15.8595853313807
1.70371428571429,-15.8492230325873
1.70385714285714,-15.8388523516041
1.704,-15.828473129825
1.70414285714286,-15.8180852069561
1.70428571428571,-15.807688420991
1.70442857142857,-15.7972826081858
1.70457142857143,-15.7868676030338
1.70471428571429,-15.7764432382396
1.70485714285714,-15.7660093446924
1.705,-15.7555657514401
1.70514285714286,-15.7451122856614
1.70528571428571,-15.7346487726382
1.70542857142857,-15.7241750357282
1.70557142857143,-15.7136908963358
1.70571428571429,-15.7031961738829
1.70585714285714,-15.6926906857799
1.706,-15.6821742473957
1.70614285714286,-15.6716466720268
1.70628571428571,-15.6611077708666
1.70642857142857,-15.6505573529736
1.70657142857143,-15.6399952252398
1.70671428571429,-15.6294211923578
1.70685714285714,-15.6188350567874
1.707,-15.6082366187225
1.70714285714286,-15.5976256760563
1.70728571428571,-15.5870020243466
1.70742857142857,-15.5763654567806
1.70757142857143,-15.5657157641384
1.70771428571429,-15.5550527347565
1.70785714285714,-15.5443761544906
1.708,-15.5336858066775
1.70814285714286,-15.5229814720965
1.70828571428571,-15.5122629289303
1.70842857142857,-15.5015299527248
1.70857142857143,-15.4907823163487
1.70871428571429,-15.4800197899521
1.70885714285714,-15.4692421409242
1.709,-15.4584491338508
1.70914285714286,-15.4476405304706
1.70928571428571,-15.4368160896311
1.70942857142857,-15.4259755672433
1.70957142857143,-15.4151187162359
1.70971428571429,-15.4042452865087
1.70985714285714,-15.3933550248851
1.71,-15.3824476750637
1.71014285714286,-15.3715229775692
1.71028571428571,-15.3605806697022
1.71042857142857,-15.3496204854887
1.71057142857143,-15.3386421556276
1.71071428571429,-15.3276454074385
1.71085714285714,-15.3166299648078
1.711,-15.3055955481342
1.71114285714286,-15.2945418742726
1.71128571428571,-15.2834686564781
1.71142857142857,-15.2723756043479
1.71157142857143,-15.2612624237629
1.71171428571429,-15.2501288168278
1.71185714285714,-15.2389744818106
1.712,-15.2277991130803
1.71214285714286,-15.216602401044
1.71228571428571,-15.2053840320832
1.71242857142857,-15.1941436884876
1.71257142857143,-15.1828810483897
1.71271428571429,-15.171595785696
1.71285714285714,-15.1602875700189
1.713,-15.1489560666061
1.71314285714286,-15.1376009362693
1.71328571428571,-15.1262218353113
1.71342857142857,-15.1148184154518
1.71357142857143,-15.1033903237525
1.71371428571429,-15.0919372025394
1.71385714285714,-15.0804586893254
1.714,-15.0689544167299
1.71414285714286,-15.057424012398
1.71428571428571,-15.0458670989178
1.71442857142857,-15.0342832937363
1.71457142857143,-15.0226722090736
1.71471428571429,-15.0110334518354
1.71485714285714,-14.9993666235243
1.715,-14.9876713201493
1.71514285714286,-14.9759471321333
1.71528571428571,-14.9641936442189
1.71542857142857,-14.9524104353737
1.71557142857143,-14.9405970786915
1.71571428571429,-14.9287531412939
1.71585714285714,-14.9168781842289
1.716,-14.9049717623676
1.71614285714286,-14.8930334242996
1.71628571428571,-14.881062712226
1.71642857142857,-14.8690591618501
1.71657142857143,-14.8570223022671
1.71671428571429,-14.8449516558506
1.71685714285714,-14.8328467381376
1.717,-14.8207070577111
1.71714285714286,-14.8085321160808
1.71728571428571,-14.7963214075613
1.71742857142857,-14.7840744191481
1.71757142857143,-14.7717906303911
1.71771428571429,-14.7594695132663
1.71785714285714,-14.7471105320442
1.718,-14.7347131431566
1.71814285714286,-14.7222767950604
1.71828571428571,-14.709800928099
1.71842857142857,-14.6972849743614
1.71857142857143,-14.6847283575376
1.71871428571429,-14.6721304927728
1.71885714285714,-14.6594907865179
1.719,-14.6468086363772
1.71914285714286,-14.6340834309538
1.71928571428571,-14.6213145496916
1.71942857142857,-14.6085013627148
1.71957142857143,-14.5956432306638
1.71971428571429,-14.5827395045285
1.71985714285714,-14.5697895254789
1.72,-14.5567926246915
1.72014285714286,-14.5437481231731
1.72028571428571,-14.5306553315818
1.72042857142857,-14.5175135500435
1.72057142857143,-14.5043220679661
1.72071428571429,-14.4910801638499
1.72085714285714,-14.4777871050946
1.721,-14.4644421478019
1.72114285714286,-14.4510445365767
1.72128571428571,-14.4375935043214
1.72142857142857,-14.42408827203
1.72157142857143,-14.4105280485758
1.72171428571429,-14.3969120304965
1.72185714285714,-14.3832394017751
1.722,-14.369509333617
1.72214285714286,-14.355720984223
1.72228571428571,-14.3418734985584
1.72242857142857,-14.327966008118
1.72257142857143,-14.3139976306866
1.72271428571429,-14.2999674700958
1.72285714285714,-14.2858746159763
1.723,-14.2717181435062
1.72314285714286,-14.2574971131544
1.72328571428571,-14.2432105704199
1.72342857142857,-14.2288575455671
1.72357142857143,-14.2144370533558
1.72371428571429,-14.1999480927674
1.72385714285714,-14.1853896467262
1.724,-14.1707606818159
1.72414285714286,-14.1560601479924
1.72428571428571,-14.1412869782905
1.72442857142857,-14.1264400885276
1.72457142857143,-14.1115183770009
1.72471428571429,-14.096520724182
1.72485714285714,-14.0814459924043
1.725,-14.0662930255483
1.72514285714286,-14.0510606487197
1.72528571428571,-14.035747667925
1.72542857142857,-14.0203528697403
1.72557142857143,-14.0048750209776
1.72571428571429,-13.9893128683441
1.72585714285714,-13.9736651380986
1.726,-13.9579305357032
1.72614285714286,-13.9421077454691
1.72628571428571,-13.9261954301996
1.72642857142857,-13.9101922308271
1.72657142857143,-13.8940967660478
1.72671428571429,-13.8779076319501
1.72685714285714,-13.8616234016403
1.727,-13.8452426248637
1.72714285714286,-13.8287638276217
1.72728571428571,-13.8121855117864
1.72742857142857,-13.7955061547101
1.72757142857143,-13.7787242088329
1.72771428571429,-13.761838101286
1.72785714285714,-13.7448462334937
1.728,-13.7277469807711
1.72814285714286,-13.7105386919212
1.72828571428571,-13.6932196888284
1.72842857142857,-13.6757882660525
1.72857142857143,-13.6582426904193
1.72871428571429,-13.6405812006114
1.72885714285714,-13.6228020067598
1.729,-13.6049032900332
1.72914285714286,-13.5868832022299
1.72928571428571,-13.5687398653706
1.72942857142857,-13.5504713712925
1.72957142857143,-13.5320757812463
1.72971428571429,-13.5135511254968
1.72985714285714,-13.4948954029271
1.73,-13.4761065806475
1.73014285714286,-13.457182593611
1.73028571428571,-13.4381213442354
1.73042857142857,-13.418920702032
1.73057142857143,-13.3995785032451
1.73071428571429,-13.3800925505004
1.73085714285714,-13.3604606124652
1.731,-13.3406804235219
1.73114285714286,-13.3207496834545
1.73128571428571,-13.3006660571533
1.73142857142857,-13.2804271743348
1.73157142857143,-13.2600306292823
1.73171428571429,-13.2394739806085
1.73185714285714,-13.2187547510402
1.732,-13.1978704272298
1.73214285714286,-13.1768184595945
1.73228571428571,-13.1555962621866
1.73242857142857,-13.1342012125968
1.73257142857143,-13.1126306518939
1.73271428571429,-13.0908818846046
1.73285714285714,-13.0689521787347
1.733,-13.0468387658385
1.73314285714286,-13.0245388411369
1.73328571428571,-13.0020495636898
1.73342857142857,-12.9793680566268
1.73357142857143,-12.9564914074423
1.73371428571429,-12.933416668356
1.73385714285714,-12.9101408567488
1.734,-12.886660955675
1.73414285714286,-12.8629739144612
1.73428571428571,-12.8390766493937
1.73442857142857,-12.8149660445042
1.73457142857143,-12.7906389524605
1.73471428571429,-12.7660921955669
1.73485714285714,-12.7413225668868
1.735,-12.7163268314923
1.73514285714286,-12.6911017278511
1.73528571428571,-12.6656439693599
1.73542857142857,-12.6399502460363
1.73557142857143,-12.6140172263764
1.73571428571429,-12.5878415593929
1.73585714285714,-12.5614198768439
1.736,-12.5347487956656
1.73614285714286,-12.5078249206233
1.73628571428571,-12.4806448471934
1.73642857142857,-12.4532051646939
1.73657142857143,-12.4255024596771
1.73671428571429,-12.3975333196033
1.73685714285714,-12.3692943368135
1.737,-12.3407821128182
1.73714285714286,-12.3119932629252
1.73728571428571,-12.2829244212257
1.73742857142857,-12.2535722459622
1.73757142857143,-12.2239334252998
1.73771428571429,-12.1940046835295
1.73785714285714,-12.1637827877262
1.738,-12.1332645548898
1.73814285714286,-12.1024468596004
1.73828571428571,-12.0713266422149
1.73842857142857,-12.0399009176393
1.73857142857143,-12.0081667847092
1.73871428571429,-11.9761214362132
1.73885714285714,-11.943762169597
1.739,-11.9110863983845
1.73914285714286,-11.8780916643578
1.73928571428571,-11.8447756505365
1.73942857142857,-11.8111361949992
1.73957142857143,-11.7771713055925
1.73971428571429,-11.7428791755744
1.73985714285714,-11.7082582002373
1.74,-11.6733069945649
1.74014285714286,-11.6380244119667
1.74028571428571,-11.6024095641501
1.74042857142857,-11.5664618421753
1.74057142857143,-11.5301809387532
1.74071428571429,-11.4935668718371
1.74085714285714,-11.4566200095648
1.741,-11.4193410966058
1.74114285714286,-11.381731281969
1.74128571428571,-11.3437921483243
1.74142857142857,-11.3055257428919
1.74157142857143,-11.2669346099501
1.74171428571429,-11.2280218250099
1.74185714285714,-11.1887910307035
1.742,-11.1492464744265
1.74214285714286,-11.1093930477718
1.74228571428571,-11.0692363277844
1.74242857142857,-11.0287826200627
1.74257142857143,-10.9880390037166
1.74271428571429,-10.947013378192
1.74285714285714,-10.9057145119506
1.743,-10.8641520929861
1.74314285714286,-10.8223367811392
1.74328571428571,-10.7802802621581
1.74342857142857,-10.7379953034298
1.74357142857143,-10.6954958112846
1.74371428571429,-10.6527968897537
1.74385714285714,-10.6099149006258
1.744,-10.5668675246242
1.74414285714286,-10.5236738234857
1.74428571428571,-10.4803543026876
1.74442857142857,-10.4369309745276
1.74457142857143,-10.3934274212139
1.74471428571429,-10.3498688575781
1.74485714285714,-10.3062821929676
1.745,-10.262696091823
1.74514285714286,-10.2191410323819
1.74528571428571,-10.1756493628952
1.74542857142857,-10.1322553546713
1.74557142857143,-10.0889952512044
1.74571428571429,-10.0459073125703
1.74585714285714,-10.0030318542085
1.746,-9.96041127914219
1.74614285714286,-9.91809010262281
1.74628571428571,-9.87611496812523
1.74642857142857,-9.8345346535615
1.74657142857143,-9.79340006653512
1.74671428571429,-9.75276422741766
1.74685714285714,-9.71268223899999
1.747,-9.67321124145959
1.74714285714286,-9.634410351386
1.74728571428571,-9.59634058363323
1.74742857142857,-9.55906475481217
1.74757142857143,-9.52264736730616
1.74771428571429,-9.48715447279684
1.74785714285714,-9.45265351441439
1.748,-9.41921314679057
1.74814285714286,-9.38690303349165
1.74828571428571,-9.35579362154117
1.74842857142857,-9.32595589301024
1.74857142857143,-9.297461093953
1.74871428571429,-9.27038044131048
1.74885714285714,-9.24478480875654
1.749,-9.22074439285903
1.74914285714286,-9.19832836133497
1.74928571428571,-9.17760448559646
1.74942857142857,-9.1586387602061
1.74957142857143,-9.14149501227553
1.74971428571429,-9.12623450423993
1.74985714285714,-9.11291553380057
1.75,-9.10159303515696
1.75014285714286,-9.09231818591757
1.75028571428571,-9.08513802428114
1.75042857142857,-9.0800950812031
1.75057142857143,-9.07722703231219
1.75071428571429,-9.07656637427196
1.75085714285714,-9.07814013015038
1.751,-9.08196958809092
1.75114285714286,-9.08807007724405
1.75128571428571,-9.09645078446037
1.75142857142857,-9.10711461472507
1.75157142857143,-9.12005809770633
1.75171428571429,-9.13527134211345
1.75185714285714,-9.15273803886086
1.752,-9.17243551327955
1.75214285714286,-9.19433482587759
1.75228571428571,-9.21840092040634
1.75242857142857,-9.24459281728063
1.75257142857143,-9.2728638497459
1.75271428571429,-9.30316193957508
1.75285714285714,-9.3354299085725
1.753,-9.36960582171712
1.75314285714286,-9.40562335745126
1.75328571428571,-9.44341220037838
1.75342857142857,-9.48289845150058
1.75357142857143,-9.52400505109367
1.75371428571429,-9.5666522093709
1.75385714285714,-9.6107578402347
1.754,-9.65623799363711
1.75414285714286,-9.70300728235898
1.75428571428571,-9.75097929935375
1.75442857142857,-9.80006702219686
1.75457142857143,-9.85018320158795
1.75471428571429,-9.90124073128314
1.75485714285714,-9.95315299728004
1.755,-10.0058342045035
1.75514285714286,-10.0591996796684
1.75528571428571,-10.113166149396
1.75542857142857,-10.1676519930317
1.75557142857143,-10.2225774699657
1.75571428571429,-10.2778649215636
1.75585714285714,-10.3334389480923
1.756,-10.389226561268
1.75614285714286,-10.4451573132527
1.75628571428571,-10.5011634030984
1.75642857142857,-10.5571797617691
1.75657142857143,-10.6131441169757
1.75671428571429,-10.6689970391312
1.75685714285714,-10.7246819697827
1.757,-10.7801452339004
1.75714285714286,-10.8353360374068
1.75728571428571,-10.8902064513172
1.75742857142857,-10.9447113838308
1.75757142857143,-10.9988085416767
1.75771428571429,-11.0524583819598
1.75785714285714,-11.1056240557018
1.758,-11.1582713442027
1.75814285714286,-11.2103685892837
1.75828571428571,-11.2618866183994
1.75842857142857,-11.3127986655383
1.75857142857143,-11.3630802887581
1.75871428571429,-11.4127092851321
1.75885714285714,-11.4616656038141
1.759,-11.5099312578639
1.75914285714286,-11.5574902354105
1.75928571428571,-11.6043284106712
1.75942857142857,-11.6504334552847
1.75957142857143,-11.6957947503683
1.75971428571429,-11.7404032996518
1.75985714285714,-11.7842516439986
1.76,-11.8273337775832
1.76014285714286,-11.8696450659477
1.76028571428571,-11.9111821661311
1.76042857142857,-11.9519429490275
1.76057142857143,-11.9919264240996
1.76071428571429,-12.0311326665499
1.76085714285714,-12.0695627470218
1.761,-12.1072186638876
1.76114285714286,-12.144103278154
1.76128571428571,-12.1802202510045
1.76142857142857,-12.2155739839768
1.76157142857143,-12.2501695617669
1.76171428571429,-12.2840126976309
1.76185714285714,-12.3171096813542
1.762,-12.3494673297433
1.76214285714286,-12.3810929395894
1.76228571428571,-12.4119942430482
1.76242857142857,-12.4421793653723
1.76257142857143,-12.4716567849328
1.76271428571429,-12.5004352954568
1.76285714285714,-12.528523970412
1.763,-12.5559321294626
1.76314285714286,-12.5826693069221
1.76328571428571,-12.6087452221262
1.76342857142857,-12.6341697516502
1.76357142857143,-12.6589529032949
1.76371428571429,-12.6831047917647
1.76385714285714,-12.7066356159636
1.764,-12.7295556378362
1.76414285714286,-12.7518751626801
1.76428571428571,-12.7736045208598
1.76442857142857,-12.794754050853
1.76457142857143,-12.8153340835624
1.76471428571429,-12.8353549278272
1.76485714285714,-12.8548268570706
1.765,-12.873760097025
1.76514285714286,-12.892164814471
1.76528571428571,-12.910051106939
1.76542857142857,-12.9274289933137
1.76557142857143,-12.944308405293
1.76571428571429,-12.9606991796477
1.76585714285714,-12.9766110512367
1.766,-12.9920536467292
1.76614285714286,-13.0070364789917
1.76628571428571,-13.0215689420967
1.76642857142857,-13.0356603069131
1.76657142857143,-13.0493197172416
1.76671428571429,-13.0625561864572
1.76685714285714,-13.0753785946253
1.767,-13.0877956860592
1.76714285714286,-13.0998160672868
1.76728571428571,-13.111448205399
1.76742857142857,-13.1227004267507
1.76757142857143,-13.1335809159892
1.76771428571429,-13.1440977153848
1.76785714285714,-13.1542587244405
1.768,-13.1640716997594
1.76814285714286,-13.1735442551478
1.76828571428571,-13.1826838619366
1.76842857142857,-13.1914978495007
1.76857142857143,-13.1999934059605
1.76871428571429,-13.2081775790496
1.76885714285714,-13.2160572771325
1.769,-13.2236392703593
1.76914285714286,-13.2309301919436
1.76928571428571,-13.2379365395516
1.76942857142857,-13.2446646767905
1.76957142857143,-13.2511208347855
1.76971428571429,-13.2573111138365
1.76985714285714,-13.2632414851426
1.77,-13.2689177925888
1.77014285714286,-13.2743457545845
1.77028571428571,-13.2795309659475
1.77042857142857,-13.2844788998261
1.77057142857143,-13.2891949096528
1.77071428571429,-13.2936842311242
1.77085714285714,-13.297951984201
1.771,-13.3020031751234
1.77114285714286,-13.305842698437
1.77128571428571,-13.3094753390248
1.77142857142857,-13.3129057741422
1.77157142857143,-13.3161385754501
1.77171428571429,-13.3191782110439
1.77185714285714,-13.3220290474746
1.772,-13.32469535176
1.77214285714286,-13.3271812933827
1.77228571428571,-13.3294909462734
1.77242857142857,-13.3316282907771
1.77257142857143,-13.3335972155998
1.77271428571429,-13.3354015197358
1.77285714285714,-13.3370449143719
1.773,-13.3385310247687
1.77314285714286,-13.3398633921174
1.77328571428571,-13.3410454753717
1.77342857142857,-13.3420806530521
1.77357142857143,-13.3429722250243
1.77371428571429,-13.3437234142492
1.77385714285714,-13.3443373685049
1.774,-13.34481716208
1.77414285714286,-13.3451657974376
1.77428571428571,-13.3453862068502
1.77442857142857,-13.3454812540051
1.77457142857143,-13.3454537355798
1.77471428571429,-13.3453063827881
1.77485714285714,-13.345041862896
1.775,-13.3446627807087
1.77514285714286,-13.3441716800271
1.77528571428571,-13.3435710450753
1.77542857142857,-13.342863301899
1.77557142857143,-13.3420508197343
1.77571428571429,-13.3411359123482
1.77585714285714,-13.3401208393503
1.776,-13.3390078074764
1.77614285714286,-13.3377989718436
1.77628571428571,-13.3364964371789
1.77642857142857,-13.3351022590198
1.77657142857143,-13.3336184448876
1.77671428571429,-13.3320469554358
1.77685714285714,-13.3303897055706
1.777,-13.3286485655474
1.77714285714286,-13.3268253620405
1.77728571428571,-13.3249218791897
1.77742857142857,-13.3229398596209
1.77757142857143,-13.3208810054438
1.77771428571429,-13.3187469792257
1.77785714285714,-13.3165394049427
1.778,-13.3142598689075
1.77814285714286,-13.3119099206757
1.77828571428571,-13.30949107393
1.77842857142857,-13.3070048073436
1.77857142857143,-13.3044525654222
1.77871428571429,-13.3018357593256
1.77885714285714,-13.29915576767
1.779,-13.29641393731
1.77914285714286,-13.2936115841016
1.77928571428571,-13.2907499936473
1.77942857142857,-13.2878304220213
1.77957142857143,-13.2848540964786
1.77971428571429,-13.2818222161457
1.77985714285714,-13.2787359526939
1.78,-13.2755964509966
1.78014285714286,-13.2724048297703
1.78028571428571,-13.2691621821991
1.78042857142857,-13.2658695765441
1.78057142857143,-13.2625280567375
1.78071428571429,-13.2591386429621
1.78085714285714,-13.2557023322159
1.781,-13.2522200988629
1.78114285714286,-13.2486928951703
1.78128571428571,-13.2451216518315
1.78142857142857,-13.2415072784773
1.78157142857143,-13.2378506641729
1.78171428571429,-13.2341526779031
1.78185714285714,-13.2304141690456
1.782,-13.2266359678322
1.78214285714286,-13.222818885798
1.78228571428571,-13.2189637162197
1.78242857142857,-13.2150712345433
1.78257142857143,-13.2111421988002
1.78271428571429,-13.2071773500136
1.78285714285714,-13.2031774125942
1.783,-13.1991430947263
1.78314285714286,-13.1950750887441
1.78328571428571,-13.1909740714984
1.78342857142857,-13.1868407047145
1.78357142857143,-13.1826756353404
1.78371428571429,-13.1784794958873
1.78385714285714,-13.1742529047607
1.784,-13.1699964665836
1.78414285714286,-13.1657107725112
1.78428571428571,-13.1613964005386
1.78442857142857,-13.1570539158
1.78457142857143,-13.1526838708605
1.78471428571429,-13.1482868060008
1.78485714285714,-13.1438632494951
1.785,-13.1394137178813
1.78514285714286,-13.1349387162251
1.78528571428571,-13.1304387383772
1.78542857142857,-13.1259142672245
1.78557142857143,-13.121365774934
1.78571428571429,-13.1167937231922
1.78585714285714,-13.1121985634374
1.786,-13.1075807370861
1.78614285714286,-13.102940675755
1.78628571428571,-13.098278801476
1.78642857142857,-13.0935955269071
1.78657142857143,-13.088891255537
1.78671428571429,-13.0841663818859
1.78685714285714,-13.0794212916998
1.787,-13.0746563621414
1.78714285714286,-13.0698719619756
1.78728571428571,-13.06506845175
1.78742857142857,-13.0602461839723
1.78757142857143,-13.0554055032815
1.78771428571429,-13.0505467466168
1.78785714285714,-13.0456702433806
1.788,-13.0407763155988
1.78814285714286,-13.0358652780764
1.78828571428571,-13.0309374385495
1.78842857142857,-13.0259930978336
1.78857142857143,-13.0210325499681
1.78871428571429,-13.0160560823579
1.78885714285714,-13.0110639759101
1.789,-13.0060565051692
1.78914285714286,-13.0010339384472
1.78928571428571,-12.9959965379519
1.78942857142857,-12.9909445599112
1.78957142857143,-12.9858782546949
1.78971428571429,-12.9807978669329
1.78985714285714,-12.9757036356312
1.79,-12.9705957942845
1.79014285714286,-12.9654745709865
1.79028571428571,-12.9603401885369
1.79042857142857,-12.9551928645466
1.79057142857143,-12.9500328115395
1.79071428571429,-12.9448602370523
1.79085714285714,-12.9396753437318
1.791,-12.9344783294296
1.79114285714286,-12.9292693872947
1.79128571428571,-12.9240487058637
1.79142857142857,-12.9188164691489
1.79157142857143,-12.913572856724
1.79171428571429,-12.9083180438081
1.79185714285714,-12.9030522013473
1.792,-12.8977754960943
1.79214285714286,-12.8924880906858
1.79228571428571,-12.8871901437192
1.79242857142857,-12.8818818098256
1.79257142857143,-12.8765632397424
1.79271428571429,-12.8712345803834
1.79285714285714,-12.8658959749074
1.793,-12.860547562785
1.79314285714286,-12.8551894798641
1.79328571428571,-12.8498218584329
1.79342857142857,-12.8444448272822
1.79357142857143,-12.8390585117658
1.79371428571429,-12.8336630338595
1.79385714285714,-12.8282585122181
1.794,-12.8228450622315
1.79414285714286,-12.8174227960796
1.79428571428571,-12.811991822785
1.79442857142857,-12.8065522482648
1.79457142857143,-12.8011041753814
1.79471428571429,-12.7956477039911
1.79485714285714,-12.7901829309923
1.795,-12.7847099503723
1.79514285714286,-12.7792288532523
1.79528571428571,-12.7737397279319
1.79542857142857,-12.7682426599319
1.79557142857143,-12.7627377320364
1.79571428571429,-12.7572250243337
1.79585714285714,-12.7517046142556
1.796,-12.7461765766162
1.79614285714286,-12.7406409836495
1.79628571428571,-12.735097905046
1.79642857142857,-12.7295474079881
1.79657142857143,-12.7239895571843
1.79671428571429,-12.7184244149035
1.79685714285714,-12.7128520410069
1.797,-12.7072724929801
1.79714285714286,-12.7016858259633
1.79728571428571,-12.696092092782
1.79742857142857,-12.690491343975
1.79757142857143,-12.6848836278233
1.79771428571429,-12.6792689903769
1.79785714285714,-12.6736474754811
1.798,-12.6680191248025
1.79814285714286,-12.6623839778533
1.79828571428571,-12.6567420720159
1.79842857142857,-12.6510934425653
1.79857142857143,-12.6454381226922
1.79871428571429,-12.6397761435242
1.79885714285714,-12.6341075341472
1.799,-12.628432321625
1.79914285714286,-12.6227505310196
1.79928571428571,-12.617062185409
1.79942857142857,-12.611367305906
1.79957142857143,-12.6056659116753
1.79971428571429,-12.5999580199503
1.79985714285714,-12.5942436460489
1.8,-12.5885228033892
1.80014285714286,-12.582795503504
1.80028571428571,-12.5770617560551
1.80042857142857,-12.5713215688463
1.80057142857143,-12.5655749478368
1.80071428571429,-12.5598218971528
1.80085714285714,-12.5540624190997
1.801,-12.5482965141725
1.80114285714286,-12.5425241810666
1.80128571428571,-12.5367454166874
1.80142857142857,-12.5309602161594
1.80157142857143,-12.5251685728354
1.80171428571429,-12.5193704783032
1.80185714285714,-12.5135659223949
1.802,-12.5077548931924
1.80214285714286,-12.501937377034
1.80228571428571,-12.4961133585209
1.80242857142857,-12.4902828205214
1.80257142857143,-12.4844457441763
1.80271428571429,-12.478602108903
1.80285714285714,-12.4727518923986
1.803,-12.4668950706433
1.80314285714286,-12.4610316179031
1.80328571428571,-12.4551615067312
1.80342857142857,-12.44928470797
1.80357142857143,-12.4434011907518
1.80371428571429,-12.4375109224988
1.80385714285714,-12.4316138689239
1.804,-12.4257099940288
1.80414285714286,-12.4197992601039
1.80428571428571,-12.4138816277257
1.80442857142857,-12.4079570557552
1.80457142857143,-12.4020255013347
1.80471428571429,-12.3960869198847
1.80485714285714,-12.3901412651
1.805,-12.3841884889451
1.80514285714286,-12.3782285416497
1.80528571428571,-12.3722613717031
1.80542857142857,-12.3662869258483
1.80557142857143,-12.3603051490752
1.80571428571429,-12.3543159846142
1.80585714285714,-12.348319373928
1.806,-12.3423152567038
1.80614285714286,-12.3363035708448
1.80628571428571,-12.3302842524608
1.80642857142857,-12.3242572358585
1.80657142857143,-12.3182224535313
1.80671428571429,-12.3121798361483
1.80685714285714,-12.3061293125433
1.807,-12.3000708097022
1.80714285714286,-12.2940042527513
1.80728571428571,-12.2879295649434
1.80742857142857,-12.2818466676446
1.80757142857143,-12.2757554803201
1.80771428571429,-12.2696559205189
1.80785714285714,-12.263547903859
1.808,-12.2574313440108
1.80814285714286,-12.2513061526808
1.80828571428571,-12.2451722395942
1.80842857142857,-12.2390295124773
1.80857142857143,-12.2328778770385
1.80871428571429,-12.2267172369495
1.80885714285714,-12.2205474938259
1.809,-12.2143685472059
1.80914285714286,-12.2081802945298
1.80928571428571,-12.2019826311183
1.80942857142857,-12.1957754501499
1.80957142857143,-12.1895586426378
1.80971428571429,-12.1833320974059
1.80985714285714,-12.177095701065
1.81,-12.1708493379866
1.81014285714286,-12.1645928902778
1.81028571428571,-12.158326237754
1.81042857142857,-12.1520492579118
1.81057142857143,-12.1457618259008
1.81071428571429,-12.1394638144942
1.81085714285714,-12.13315509406
1.811,-12.126835532529
1.81114285714286,-12.1205049953649
1.81128571428571,-12.1141633455311
1.81142857142857,-12.1078104434582
1.81157142857143,-12.1014461470097
1.81171428571429,-12.0950703114473
1.81185714285714,-12.0886827893959
1.812,-12.0822834308059
1.81214285714286,-12.0758720829167
1.81228571428571,-12.0694485902177
1.81242857142857,-12.0630127944093
1.81257142857143,-12.0565645343624
1.81271428571429,-12.050103646077
1.81285714285714,-12.0436299626398
1.813,-12.037143314181
1.81314285714286,-12.0306435278302
1.81328571428571,-12.0241304276699
1.81342857142857,-12.0176038346901
1.81357142857143,-12.0110635667397
1.81371428571429,-12.0045094384782
1.81385714285714,-11.9979412613257
1.814,-11.9913588434112
1.81414285714286,-11.9847619895208
1.81428571428571,-11.9781505010439
1.81442857142857,-11.9715241759183
1.81457142857143,-11.964882808574
1.81471428571429,-11.9582261898759
1.81485714285714,-11.951554107065
1.815,-11.944866343698
1.81514285714286,-11.938162679586
1.81528571428571,-11.9314428907314
1.81542857142857,-11.9247067492637
1.81557142857143,-11.9179540233729
1.81571428571429,-11.9111844772429
1.81585714285714,-11.9043978709822
1.816,-11.8975939605532
1.81614285714286,-11.8907724977001
1.81628571428571,-11.8839332298747
1.81642857142857,-11.8770759001618
1.81657142857143,-11.8702002472008
1.81671428571429,-11.8633060051076
1.81685714285714,-11.8563929033928
1.817,-11.8494606668799
1.81714285714286,-11.8425090156206
1.81728571428571,-11.8355376648072
1.81742857142857,-11.8285463246859
1.81757142857143,-11.8215347004647
1.81771428571429,-11.8145024922216
1.81785714285714,-11.80744939481
1.818,-11.8003750977613
1.81814285714286,-11.7932792851864
1.81828571428571,-11.7861616356741
1.81842857142857,-11.7790218221877
1.81857142857143,-11.7718595119586
1.81871428571429,-11.7646743663786
1.81885714285714,-11.757466040888
1.819,-11.7502341848634
1.81914285714286,-11.7429784415009
1.81928571428571,-11.7356984476976
1.81942857142857,-11.7283938339308
1.81957142857143,-11.7210642241329
1.81971428571429,-11.7137092355656
1.81985714285714,-11.7063284786895
1.82,-11.6989215570311
1.82014285714286,-11.6914880670475
1.82028571428571,-11.6840275979872
1.82042857142857,-11.6765397317484
1.82057142857143,-11.6690240427328
1.82071428571429,-11.6614800976984
1.82085714285714,-11.6539074556058
1.821,-11.6463056674643
1.82114285714286,-11.638674276172
1.82128571428571,-11.6310128163531
1.82142857142857,-11.6233208141922
1.82157142857143,-11.6155977872631
1.82171428571429,-11.607843244356
1.82185714285714,-11.6000566852989
1.822,-11.5922376007754
1.82214285714286,-11.5843854721389
1.82228571428571,-11.576499771222
1.82242857142857,-11.5685799601417
1.82257142857143,-11.5606254911007
1.82271428571429,-11.5526358061832
1.82285714285714,-11.5446103371466
1.823,-11.5365485052094
1.82314285714286,-11.528449720832
1.82328571428571,-11.5203133834952
1.82342857142857,-11.5121388814716
1.82357142857143,-11.503925591593
1.82371428571429,-11.495672879013
1.82385714285714,-11.4873800969619
1.824,-11.4790465864991
1.82414285714286,-11.4706716762583
1.82428571428571,-11.4622546821872
1.82442857142857,-11.4537949072813
1.82457142857143,-11.4452916413125
1.82471428571429,-11.4367441605507
1.82485714285714,-11.4281517274802
1.825,-11.4195135905094
1.82514285714286,-11.4108289836731
1.82528571428571,-11.4020971263311
1.82542857142857,-11.3933172228569
1.82557142857143,-11.3844884623223
1.82571428571429,-11.3756100181727
1.82585714285714,-11.3666810478987
1.826,-11.3577006926974
1.82614285714286,-11.3486680771279
1.82628571428571,-11.3395823087603
1.82642857142857,-11.3304424778159
1.82657142857143,-11.3212476568006
1.82671428571429,-11.3119969001309
1.82685714285714,-11.3026892437511
1.827,-11.2933237047451
1.82714285714286,-11.2838992809364
1.82728571428571,-11.2744149504845
1.82742857142857,-11.2648696714703
1.82757142857143,-11.2552623814743
1.82771428571429,-11.2455919971463
1.82785714285714,-11.2358574137678
1.828,-11.226057504805
1.82814285714286,-11.216191121454
1.82828571428571,-11.2062570921773
1.82842857142857,-11.1962542222324
1.82857142857143,-11.1861812931918
1.82871428571429,-11.1760370624546
1.82885714285714,-11.1658202627496
1.829,-11.1555296016306
1.82914285714286,-11.145163760963
1.82928571428571,-11.1347213964027
1.82942857142857,-11.1242011368668
1.82957142857143,-11.1136015839959
1.82971428571429,-11.1029213116098
1.82985714285714,-11.0921588651556
1.83,-11.0813127611461
1.83014285714286,-11.0703814865955
1.83028571428571,-11.0593634984449
1.83042857142857,-11.0482572229824
1.83057142857143,-11.037061055258
1.83071428571429,-11.025773358492
1.83085714285714,-11.0143924634794
1.831,-11.0029166679881
1.83114285714286,-10.9913442361558
1.83128571428571,-10.9796733978809
1.83142857142857,-10.9679023482132
1.83157142857143,-10.956029246742
1.83171428571429,-10.9440522169829
1.83185714285714,-10.9319693457671
1.832,-10.9197786826295
1.83214285714286,-10.9074782392002
1.83228571428571,-10.8950659886018
1.83242857142857,-10.8825398648493
1.83257142857143,-10.8698977622586
1.83271428571429,-10.8571375348627
1.83285714285714,-10.8442569958406
1.833,-10.8312539169543
1.83314285714286,-10.8181260280057
1.83328571428571,-10.8048710163071
1.83342857142857,-10.7914865261712
1.83357142857143,-10.777970158427
1.83371428571429,-10.7643194699567
1.83385714285714,-10.7505319732644
1.834,-10.7366051360754
1.83414285714286,-10.7225363809732
1.83428571428571,-10.7083230850739
1.83442857142857,-10.6939625797484
1.83457142857143,-10.6794521503904
1.83471428571429,-10.664789036243
1.83485714285714,-10.649970430281
1.835,-10.6349934791617
1.83514285714286,-10.6198552832474
1.83528571428571,-10.6045528967066
1.83542857142857,-10.5890833277035
1.83557142857143,-10.5734435386783
1.83571428571429,-10.5576304467339
1.83585714285714,-10.5416409241335
1.836,-10.5254717989193
1.83614285714286,-10.5091198556643
1.83628571428571,-10.4925818363669
1.83642857142857,-10.475854441502
1.83657142857143,-10.4589343312382
1.83671428571429,-10.44181812684
1.83685714285714,-10.4245024122629
1.837,-10.4069837359642
1.83714285714286,-10.3892586129402
1.83728571428571,-10.3713235270105
1.83742857142857,-10.3531749333685
1.83757142857143,-10.3348092614176
1.83771428571429,-10.3162229179127
1.83785714285714,-10.2974122904349
1.838,-10.2783737512171
1.83814285714286,-10.2591036613523
1.83828571428571,-10.2395983754067
1.83842857142857,-10.2198542464718
1.83857142857143,-10.1998676316801
1.83871428571429,-10.1796348982239
1.83885714285714,-10.1591524299033
1.839,-10.1384166342483
1.83914285714286,-10.1174239502458
1.83928571428571,-10.0961708567151
1.83942857142857,-10.0746538813736
1.83957142857143,-10.0528696106377
1.83971428571429,-10.0308147002046
1.83985714285714,-10.0084858864593
1.84,-9.98587999876794
1.84014285714286,-9.96299397269867
1.84028571428571,-9.93982486423268
1.84042857142857,-9.91636986501702
1.84057142857143,-9.89262631872385
1.84071428571429,-9.86859173856863
1.84085714285714,-9.84426382605835
1.841,-9.81964049102528
1.84114285714286,-9.79471987301615
1.84128571428571,-9.76950036410064
1.84142857142857,-9.74398063316231
1.84157142857143,-9.71815965174558
1.84171428571429,-9.69203672151287
1.84185714285714,-9.66561150338713
1.842,-9.63888404843462
1.84214285714286,-9.61185483055119
1.84228571428571,-9.58452478100691
1.84242857142857,-9.55689532490058
1.84257142857143,-9.5289684195693
1.84271428571429,-9.50074659499119
1.84285714285714,-9.47223299621029
1.843,-9.44343142780401
1.84314285714286,-9.41434640039502
1.84328571428571,-9.38498317920445
1.84342857142857,-9.35534783461763
1.84357142857143,-9.32544729471855
1.84371428571429,-9.29528939972753
1.84385714285714,-9.26488295824669
1.844,-9.23423780519977
1.84414285714286,-9.20336486130549
1.84428571428571,-9.1722761939074
1.84442857142857,-9.14098507892577
1.84457142857143,-9.10950606366978
1.84471428571429,-9.07785503019197
1.84485714285714,-9.04604925881628
1.845,-9.01410749142644
1.84514285714286,-8.98204999403001
1.84528571428571,-8.94989861805898
1.84542857142857,-8.91767685980159
1.84557142857143,-8.88540991728855
1.84571428571429,-8.85312474389336
1.84585714285714,-8.82085009782594
1.846,-8.78861658663119
1.84614285714286,-8.75645670573686
1.84628571428571,-8.72440487001463
1.84642857142857,-8.6924974372674
1.84657142857143,-8.66077272248036
1.84671428571429,-8.62927100164023
1.84685714285714,-8.59803450386792
1.847,-8.56710739059433
1.84714285714286,-8.53653572049459
1.84728571428571,-8.50636739889772
1.84742857142857,-8.47665211042545
1.84757142857143,-8.44744123365961
1.84771428571429,-8.4187877367288
1.84785714285714,-8.39074605280945
1.848,-8.36337193468827
1.84814285714286,-8.33672228771072
1.84828571428571,-8.31085498066351
1.84842857142857,-8.28582863438818
1.84857142857143,-8.26170238822001
1.84871428571429,-8.2385356446712
1.84885714285714,-8.2163877931353
1.849,-8.19531791378194
1.84914285714286,-8.17538446321416
1.84928571428571,-8.15664494388586
1.84942857142857,-8.13915555971156
1.84957142857143,-8.12297086071754
1.84971428571429,-8.10814338000064
1.84985714285714,-8.0947232666379
1.85,-8.08275791853428
1.852,-8.08518575859096
1.854,-8.39262404802487
1.856,-8.8695642418542
1.858,-9.3516632011521
1.86,-9.74940616178213
1.862,-10.0437891199105
1.864,-10.2482400201931
1.866,-10.3837150520061
1.868,-10.4689721886629
1.87,-10.5183611459812
1.872,-10.5422154349178
1.874,-10.547813029991
1.876,-10.5402574123964
1.878,-10.5231430725852
1.88,-10.4990239391528
1.882,-10.469734214017
1.884,-10.4366063847492
1.886,-10.4006196253097
1.888,-10.3625014980955
1.89,-10.3227983084154
1.892,-10.2819242935583
1.894,-10.2401963982336
1.896,-10.1978591357499
1.898,-10.1551025568694
1.9,-10.1120753751021
1.902,-10.068894651557
1.904,-10.0256530103585
1.906,-9.98242406362582
1.908,-9.93926652570568
1.91,-9.89622735892823
1.912,-9.85334419746108
1.914,-9.81064722854068
1.916,-9.76816066258717
1.918,-9.72590388948292
1.92,-9.68389239355831
1.922,-9.64213848179804
1.924,-9.60065186653264
1.926,-9.55944013407047
1.928,-9.51850912340572
1.93,-9.47786323364082
1.932,-9.43750567460226
1.934,-9.39743867196322
1.936,-9.35766363576063
1.938,-9.31818129932656
1.94,-9.27899183420465
1.942,-9.240094945495
1.944,-9.20148995118687
1.946,-9.16317584834312
1.948,-9.12515136845069
1.95,-9.08741502381414
1.952,-9.04996514652085
1.954,-9.01279992122723
1.956,-8.97591741279023
1.958,-8.93931558958744
1.96,-8.90299234322128
1.962,-8.8669455051838
1.964,-8.83117286096014
1.966,-8.79567216196921
1.968,-8.76044113567407
1.97,-8.72547749414008
1.972,-8.6907789412745
1.974,-8.65634317894341
1.976,-8.6221679121313
1.978,-8.58825085328256
1.98,-8.55458972594241
1.982,-8.52118226779684
1.984,-8.48802623319546
1.986,-8.45511939522835
1.988,-8.42245954741688
1.99,-8.39004450506872
1.992,-8.35787210633944
1.994,-8.32594021303563
1.996,-8.29424671118805
1.998,-8.26278951141803
2,-8.23156654911456
2.002,-8.20057578443492
2.004,-8.16981520213682
2.006,-8.13928281124509
2.008,-8.10897664455101
2.01,-8.0788947579368
2.012,-8.04903522951182
2.014,-8.0193961585398
2.016,-7.989975664128
2.018,-7.96077188363911
2.02,-7.93178297077404
2.022,-7.90300709325761
2.024,-7.87444243003932
2.026,-7.8460871678951
2.028,-7.81793949728251
2.03,-7.78999760725717
2.032,-7.7622596792004
2.034,-7.73472387902964
2.036,-7.70738834745907
2.038,-7.68025118773589
2.04,-7.65331045008422
2.042,-7.62656411182129
2.044,-7.60001005173902
2.046,-7.57364601682113
2.048,-7.54746957862338
2.05,-7.52147807557923
2.052,-7.49566853594491
2.054,-7.47003757382554
2.056,-7.44458124734281
2.058,-7.419294862913
2.06,-7.39417270183104
2.062,-7.36920763332683
2.064,-7.34439055937945
2.066,-7.31970960651351
2.068,-7.29514893125953
2.07,-7.27068692650193
2.072,-7.24629348428799
2.074,-7.2219257505105
2.076,-7.19752143727461
2.078,-7.1729881423397
2.08,-7.14818612507946
2.082,-7.12290048562719
2.084,-7.09679689100933
2.086,-7.06935458567421
2.088,-7.03977838006021
2.09,-7.00692948729729
2.092,-6.96943213201309
2.094,-6.9263335986715
2.096,-6.87867906931031
2.098,-6.83100292798827
2.1,-6.78967694143554
2.102,-6.75822222129601
2.104,-6.73563893141825
2.106,-6.71920221525275
2.108,-6.7069821980282
2.11,-6.69811853371973
2.112,-6.69201301130257
2.114,-6.68766241855958
2.116,-6.6836423026454
2.118,-6.67857493749482
2.12,-6.67156512682242
2.122,-6.66230031680269
2.124,-6.65089306600306
2.126,-6.63766701233921
2.128,-6.62300065537644
2.13,-6.60724546766506
2.132,-6.59069540446069
2.134,-6.57358315559615
2.136,-6.55608734626523
2.138,-6.53834268862851
2.14,-6.52044970306885
2.142,-6.50248289262307
2.144,-6.48449722002736
2.146,-6.46653308519397
2.148,-6.44862008631558
2.15,-6.43077983396922
2.152,-6.41302804385988
2.154,-6.39537608695626
2.156,-6.37783213466519
2.158,-6.36040200335058
2.16,-6.34308977644968
2.162,-6.32589826249517
2.164,-6.30882933227769
2.166,-6.29188416708933
2.168,-6.27506344158269
2.17,-6.25836745855378
2.172,-6.24179624836347
2.174,-6.22534964233234
2.176,-6.2090273269618
2.178,-6.19282888401506
2.18,-6.17675382015678
2.182,-6.16080158887365
2.184,-6.14497160668064
2.186,-6.12926326509246
2.188,-6.11367593945297
2.19,-6.09820899543167
2.192,-6.08286179378643
2.194,-6.06763369383806
2.196,-6.05252405598702
2.198,-6.03753224351898
2.2,-6.02265762388275
