"Freq [GHz]","dB(St(feedline_T2,feedline_T1)) []"
1.2,-0.403852691490543
1.202,-0.401449218553623
1.204,-0.399044404937418
1.206,-0.396638392392833
1.208,-0.394231324166652
1.21,-0.391823344990314
1.212,-0.389414601068331
1.214,-0.387005240066487
1.216,-0.384595411099641
1.218,-0.382185264719308
1.22,-0.379774952900998
1.222,-0.377364629031221
1.224,-0.374954447894276
1.226,-0.372544565658806
1.228,-0.370135139864121
1.23,-0.367726329406248
1.232,-0.365318294523812
1.234,-0.362911196783687
1.236,-0.360505199066441
1.238,-0.358100465551591
1.24,-0.355697161702649
1.242,-0.353295454252008
1.244,-0.350895511185627
1.246,-0.348497501727563
1.248,-0.346101596324327
1.25,-0.343707966629068
1.252,-0.341316785485632
1.254,-0.338928226912423
1.256,-0.336542466086149
1.258,-0.334159679325444
1.26,-0.331780044074299
1.262,-0.329403738885393
1.264,-0.327030943403294
1.266,-0.324661838347522
1.268,-0.322296605495517
1.27,-0.319935427665441
1.272,-0.317578488698901
1.274,-0.315225973443557
1.276,-0.312878067735597
1.278,-0.310534958382152
1.28,-0.308196833143546
1.282,-0.3058638807155
1.284,-0.303536290711223
1.286,-0.301214253643365
1.288,-0.298897960905964
1.29,-0.296587604756233
1.292,-0.294283378296278
1.294,-0.291985475454718
1.296,-0.289694090968303
1.298,-0.287409420363306
1.3,-0.285131659936991
1.302,-0.28286100673888
1.304,-0.280597658552034
1.306,-0.278341813874217
1.308,-0.27609367189902
1.31,-0.273853432496877
1.312,-0.271621296196059
1.314,-0.269397464163586
1.316,-0.267182138186083
1.318,-0.264975520650585
1.32,-0.262777814525259
1.322,-0.260589223340127
1.324,-0.258409951167671
1.326,-0.256240202603454
1.328,-0.254080182746643
1.33,-0.251930097180536
1.332,-0.249790151952994
1.334,-0.247660553556914
1.336,-0.245541508910583
1.338,-0.243433225338027
1.34,-0.241335910549409
1.342,-0.239249772621253
1.344,-0.237175019976781
1.346,-0.235111861366162
1.348,-0.233060505846751
1.35,-0.231021162763348
1.352,-0.228994041728388
1.354,-0.226979352602232
1.356,-0.224977305473318
1.358,-0.222988110638419
1.36,-0.2210119785829
1.362,-0.21904911996091
1.364,-0.217099745575715
1.366,-0.215164066359939
1.368,-0.213242293355882
1.37,-0.211334637695889
1.372,-0.209441310582707
1.374,-0.207562523269939
1.376,-0.205698487042512
1.378,-0.203849413197197
1.38,-0.202015513023242
1.382,-0.200196997782991
1.384,-0.198394078692669
1.386,-0.196606966903173
1.388,-0.194835873481018
1.39,-0.193081009389357
1.392,-0.191342585469063
1.394,-0.189620812420007
1.396,-0.187915900782419
1.398,-0.186228060918398
1.4,-0.184557502993521
1.402,-0.182904436958687
1.404,-0.181269072532075
1.406,-0.179651619181254
1.408,-0.17805228610558
1.41,-0.176471282218656
1.412,-0.174908816131167
1.414,-0.173365096133766
1.416,-0.171840330180368
1.418,-0.170334725871573
1.42,-0.168848490438434
1.422,-0.167381830726486
1.424,-0.165934953180083
1.426,-0.164508063827043
1.428,-0.163101368263673
1.43,-0.161715071640092
1.432,-0.160349378645976
1.434,-0.15900449349672
1.436,-0.157680619919965
1.438,-0.15637796114259
1.44,-0.155096719878208
1.442,-0.15383709831515
1.444,-0.152599298104899
1.446,-0.151383520351169
1.448,-0.1501899655995
1.45,-0.149018833827492
1.452,-0.147870324435678
1.454,-0.146744636239075
1.456,-0.145641967459403
1.458,-0.14456251571814
1.46,-0.143506478030316
1.462,-0.142474050799116
1.464,-0.141465429811421
1.466,-0.140480810234222
1.468,-0.139520386612061
1.47,-0.138584352865431
1.472,-0.13767290229031
1.474,-0.136786227558846
1.476,-0.135924520721169
1.478,-0.135087973208557
1.48,-0.134276775837909
1.482,-0.133491118817615
1.484,-0.132731191754893
1.486,-0.131997183664808
1.488,-0.131289282980818
1.49,-0.130607677567149
1.492,-0.129952554733039
1.494,-0.129324101248845
1.496,-0.128722503364367
1.498,-0.128147946829271
1.5,-0.127600616915823
1.502,-0.127080698444135
1.504,-0.126588375810019
1.506,-0.126123833015532
1.508,-0.125687253702531
1.51,-0.125278821189261
1.512,-0.124898718510318
1.514,-0.124547128460023
1.516,-0.124224233639618
1.518,-0.123930216508299
1.52,-0.123665259438559
1.522,-0.123429544775962
1.524,-0.123223254903675
1.526,-0.123046572312106
1.528,-0.12289967967396
1.53,-0.12278275992504
1.532,-0.122695996351273
1.534,-0.122639572682306
1.536,-0.122613673192122
1.538,-0.122618482807246
1.54,-0.122654187222987
1.542,-0.122720973028389
1.544,-0.12281902784037
1.546,-0.122948540447866
1.548,-0.123109700966669
1.55,-0.123302701005718
1.552,-0.123527733845735
1.554,-0.123784994631175
1.556,-0.124074680576475
1.558,-0.124396991187714
1.56,-0.124752128500984
1.562,-0.125140297338668
1.564,-0.125561705585216
1.566,-0.126016564483874
1.568,-0.126505088956269
1.57,-0.127027497946586
1.572,-0.127584014792567
1.574,-0.128174867625534
1.576,-0.128800289802049
1.578,-0.129460520369912
1.58,-0.13015580457163
1.582,-0.130886394388673
1.584,-0.131652549130343
1.586,-0.132454536071289
1.588,-0.133292631142266
1.59,-0.13416711967928
1.592,-0.135078297236608
1.594,-0.136026470470072
1.596,-0.137011958097417
1.598,-0.138035091943625
1.6,-0.139096218079732
1.60014285714286,-0.139173476043239
1.60028571428571,-0.139250929817454
1.60042857142857,-0.139328579537744
1.60057142857143,-0.139406425339911
1.60071428571429,-0.13948446736021
1.60085714285714,-0.139562705735343
1.601,-0.139641140602467
1.60114285714286,-0.139719772099185
1.60128571428571,-0.13979860036356
1.60142857142857,-0.139877625534117
1.60157142857143,-0.139956847749833
1.60171428571429,-0.14003626715017
1.60185714285714,-0.140115883875044
1.602,-0.140195698064847
1.60214285714286,-0.140275709860431
1.60228571428571,-0.140355919403143
1.60242857142857,-0.140436326834797
1.60257142857143,-0.140516932297705
1.60271428571429,-0.140597735934639
1.60285714285714,-0.140678737888885
1.603,-0.140759938304198
1.60314285714286,-0.140841337324842
1.60328571428571,-0.14092293509557
1.60342857142857,-0.141004731761647
1.60357142857143,-0.141086727468817
1.60371428571429,-0.14116892236336
1.60385714285714,-0.141251316592044
1.604,-0.141333910302158
1.60414285714286,-0.141416703641509
1.60428571428571,-0.141499696758409
1.60442857142857,-0.141582889801704
1.60457142857143,-0.141666282920761
1.60471428571429,-0.141749876265488
1.60485714285714,-0.141833669986287
1.605,-0.141917664234149
1.60514285714286,-0.142001859160553
1.60528571428571,-0.142086254917543
1.60542857142857,-0.142170851657715
1.60557142857143,-0.142255649534193
1.60571428571429,-0.142340648700669
1.60585714285714,-0.142425849311376
1.606,-0.142511251521103
1.60614285714286,-0.142596855485228
1.60628571428571,-0.142682661359657
1.60642857142857,-0.142768669300885
1.60657142857143,-0.142854879465981
1.60671428571429,-0.142941292012575
1.60685714285714,-0.14302790709889
1.607,-0.143114724883726
1.60714285714286,-0.143201745526461
1.60728571428571,-0.143288969187074
1.60742857142857,-0.143376396026132
1.60757142857143,-0.143464026204804
1.60771428571429,-0.143551859884849
1.60785714285714,-0.143639897228635
1.608,-0.143728138399149
1.60814285714286,-0.143816583559965
1.60828571428571,-0.1439052328753
1.60842857142857,-0.143994086509974
1.60857142857143,-0.144083144629425
1.60871428571429,-0.144172407399737
1.60885714285714,-0.144261874987615
1.609,-0.144351547560392
1.60914285714286,-0.144441425286043
1.60928571428571,-0.14453150833319
1.60942857142857,-0.144621796871109
1.60957142857143,-0.144712291069701
1.60971428571429,-0.144802991099555
1.60985714285714,-0.14489389713188
1.61,-0.144985009338591
1.61014285714286,-0.145076327892234
1.61028571428571,-0.145167852966054
1.61042857142857,-0.145259584733943
1.61057142857143,-0.14535152337049
1.61071428571429,-0.145443669050969
1.61085714285714,-0.145536021951336
1.611,-0.145628582248243
1.61114285714286,-0.145721350119028
1.61128571428571,-0.145814325741747
1.61142857142857,-0.14590750929515
1.61157142857143,-0.146000900958693
1.61171428571429,-0.146094500912562
1.61185714285714,-0.146188309337642
1.612,-0.146282326415566
1.61214285714286,-0.146376552328661
1.61228571428571,-0.146470987260015
1.61242857142857,-0.14656563139344
1.61257142857143,-0.146660484913494
1.61271428571429,-0.146755548005483
1.61285714285714,-0.146850820855452
1.613,-0.14694630365021
1.61314285714286,-0.147041996577333
1.61328571428571,-0.147137899825152
1.61342857142857,-0.147234013582768
1.61357142857143,-0.147330338040066
1.61371428571429,-0.147426873387695
1.61385714285714,-0.147523619817102
1.614,-0.147620577520527
1.61414285714286,-0.147717746690982
1.61428571428571,-0.147815127522303
1.61442857142857,-0.147912720209124
1.61457142857143,-0.148010524946876
1.61471428571429,-0.148108541931827
1.61485714285714,-0.148206771361043
1.615,-0.148305213432432
1.61514285714286,-0.148403868344716
1.61528571428571,-0.148502736297472
1.61542857142857,-0.148601817491107
1.61557142857143,-0.148701112126873
1.61571428571429,-0.148800620406872
1.61585714285714,-0.148900342534085
1.616,-0.149000278712328
1.61614285714286,-0.149100429146289
1.61628571428571,-0.149200794041547
1.61642857142857,-0.149301373604558
1.61657142857143,-0.149402168042641
1.61671428571429,-0.149503177564024
1.61685714285714,-0.149604402377831
1.617,-0.149705842694089
1.61714285714286,-0.149807498723717
1.61728571428571,-0.149909370678573
1.61742857142857,-0.150011458771416
1.61757142857143,-0.150113763215936
1.61771428571429,-0.150216284226754
1.61785714285714,-0.150319022019436
1.618,-0.150421976810479
1.61814285714286,-0.150525148817341
1.61828571428571,-0.15062853825842
1.61842857142857,-0.150732145353093
1.61857142857143,-0.150835970321708
1.61871428571429,-0.15094001338557
1.61885714285714,-0.151044274766969
1.619,-0.151148754689194
1.61914285714286,-0.151253453376532
1.61928571428571,-0.151358371054235
1.61942857142857,-0.1514635079486
1.61957142857143,-0.151568864286911
1.61971428571429,-0.151674440297497
1.61985714285714,-0.151780236209692
1.62,-0.151886252253868
1.62014285714286,-0.151992488661446
1.62028571428571,-0.152098945664883
1.62042857142857,-0.152205623497693
1.62057142857143,-0.152312522394449
1.62071428571429,-0.152419642590801
1.62085714285714,-0.152526984323454
1.621,-0.15263454783021
1.62114285714286,-0.152742333349964
1.62128571428571,-0.152850341122677
1.62142857142857,-0.152958571389451
1.62157142857143,-0.153067024392474
1.62171428571429,-0.153175700375051
1.62185714285714,-0.153284599581634
1.622,-0.153393722257774
1.62214285714286,-0.153503068650187
1.62228571428571,-0.15361263900673
1.62242857142857,-0.153722433576405
1.62257142857143,-0.153832452609388
1.62271428571429,-0.15394269635702
1.62285714285714,-0.154053165071819
1.623,-0.154163859007499
1.62314285714286,-0.154274778418939
1.62328571428571,-0.154385923562259
1.62342857142857,-0.154497294694758
1.62357142857143,-0.154608892074962
1.62371428571429,-0.154720715962626
1.62385714285714,-0.154832766618731
1.624,-0.15494504430551
1.62414285714286,-0.155057549286442
1.62428571428571,-0.155170281826252
1.62442857142857,-0.155283242190957
1.62457142857143,-0.155396430647821
1.62471428571429,-0.155509847465424
1.62485714285714,-0.155623492913601
1.625,-0.155737367263526
1.62514285714286,-0.15585147078766
1.62528571428571,-0.155965803759784
1.62542857142857,-0.156080366455014
1.62557142857143,-0.15619515914979
1.62571428571429,-0.156310182121926
1.62585714285714,-0.156425435650561
1.626,-0.156540920016211
1.62614285714286,-0.156656635500764
1.62628571428571,-0.15677258238748
1.62642857142857,-0.156888760961033
1.62657142857143,-0.157005171507478
1.62671428571429,-0.157121814314288
1.62685714285714,-0.157238689670369
1.627,-0.157355797866026
1.62714285714286,-0.157473139193031
1.62728571428571,-0.157590713944596
1.62742857142857,-0.157708522415388
1.62757142857143,-0.157826564901555
1.62771428571429,-0.157944841700716
1.62785714285714,-0.158063353111978
1.628,-0.158182099435955
1.62814285714286,-0.15830108097476
1.62828571428571,-0.158420298032037
1.62842857142857,-0.158539750912957
1.62857142857143,-0.158659439924235
1.62871428571429,-0.158779365374124
1.62885714285714,-0.158899527572466
1.629,-0.159019926830646
1.62914285714286,-0.159140563461651
1.62928571428571,-0.159261437780065
1.62942857142857,-0.159382550102063
1.62957142857143,-0.159503900745458
1.62971428571429,-0.159625490029672
1.62985714285714,-0.159747318275781
1.63,-0.1598693858065
1.63014285714286,-0.159991692946213
1.63028571428571,-0.16011424002098
1.63042857142857,-0.160237027358544
1.63057142857143,-0.160360055288343
1.63071428571429,-0.160483324141524
1.63085714285714,-0.160606834250965
1.631,-0.160730585951265
1.63114285714286,-0.160854579578775
1.63128571428571,-0.160978815471601
1.63142857142857,-0.161103293969616
1.63157142857143,-0.161228015414485
1.63171428571429,-0.161352980149657
1.63185714285714,-0.161478188520392
1.632,-0.16160364087377
1.63214285714286,-0.16172933755872
1.63228571428571,-0.161855278925972
1.63242857142857,-0.161981465328168
1.63257142857143,-0.16210789711979
1.63271428571429,-0.162234574657212
1.63285714285714,-0.162361498298717
1.633,-0.162488668404472
1.63314285714286,-0.162616085336607
1.63328571428571,-0.162743749459158
1.63342857142857,-0.162871661138139
1.63357142857143,-0.162999820741515
1.63371428571429,-0.163128228639226
1.63385714285714,-0.163256885203238
1.634,-0.163385790807493
1.63414285714286,-0.163514945827975
1.63428571428571,-0.163644350642688
1.63442857142857,-0.16377400563172
1.63457142857143,-0.163903911177191
1.63471428571429,-0.164034067663321
1.63485714285714,-0.164164475476439
1.635,-0.164295135004954
1.63514285714286,-0.16442604663943
1.63528571428571,-0.164557210772564
1.63542857142857,-0.164688627799209
1.63557142857143,-0.164820298116392
1.63571428571429,-0.164952222123332
1.63585714285714,-0.165084400221464
1.636,-0.165216832814408
1.63614285714286,-0.165349520308066
1.63628571428571,-0.165482463110568
1.63642857142857,-0.165615661632319
1.63657142857143,-0.165749116286007
1.63671428571429,-0.165882827486627
1.63685714285714,-0.166016795651498
1.637,-0.166151021200266
1.63714285714286,-0.166285504554941
1.63728571428571,-0.166420246139893
1.63742857142857,-0.166555246381885
1.63757142857143,-0.166690505710091
1.63771428571429,-0.166826024556108
1.63785714285714,-0.166961803353966
1.638,-0.167097842540157
1.63814285714286,-0.167234142553656
1.63828571428571,-0.167370703835933
1.63842857142857,-0.167507526830965
1.63857142857143,-0.167644611985261
1.63871428571429,-0.167781959747899
1.63885714285714,-0.167919570570502
1.639,-0.168057444907298
1.63914285714286,-0.168195583215123
1.63928571428571,-0.168333985953443
1.63942857142857,-0.168472653584354
1.63957142857143,-0.168611586572641
1.63971428571429,-0.168750785385767
1.63985714285714,-0.168890250493897
1.64,-0.169029982369926
1.64014285714286,-0.169169981489512
1.64028571428571,-0.169310248331056
1.64042857142857,-0.169450783375761
1.64057142857143,-0.169591587107641
1.64071428571429,-0.169732660013542
1.64085714285714,-0.169874002583157
1.641,-0.170015615309057
1.64114285714286,-0.170157498686704
1.64128571428571,-0.170299653214489
1.64142857142857,-0.170442079393722
1.64157142857143,-0.170584777728692
1.64171428571429,-0.170727748726676
1.64185714285714,-0.170870992897934
1.642,-0.171014510755781
1.64214285714286,-0.171158302816569
1.64228571428571,-0.171302369599731
1.64242857142857,-0.171446711627798
1.64257142857143,-0.171591329426428
1.64271428571429,-0.171736223524433
1.64285714285714,-0.171881394453766
1.643,-0.172026842749612
1.64314285714286,-0.172172568950353
1.64328571428571,-0.172318573597623
1.64342857142857,-0.172464857236321
1.64357142857143,-0.172611420414648
1.64371428571429,-0.172758263684118
1.64385714285714,-0.172905387599596
1.644,-0.173052792719317
1.64414285714286,-0.173200479604905
1.64428571428571,-0.173348448821423
1.64442857142857,-0.173496700937376
1.64457142857143,-0.173645236524738
1.64471428571429,-0.173794056159002
1.64485714285714,-0.173943160419187
1.645,-0.174092549887871
1.64514285714286,-0.174242225151215
1.64528571428571,-0.174392186799
1.64542857142857,-0.174542435424641
1.64557142857143,-0.174692971625243
1.64571428571429,-0.174843796001593
1.64585714285714,-0.174994909158206
1.646,-0.175146311703384
1.64614285714286,-0.175298004249175
1.64628571428571,-0.175449987411478
1.64642857142857,-0.17560226181003
1.64657142857143,-0.17575482806844
1.64671428571429,-0.175907686814244
1.64685714285714,-0.176060838678891
1.647,-0.176214284297827
1.64714285714286,-0.17636802431049
1.64728571428571,-0.176522059360355
1.64742857142857,-0.176676390094959
1.64757142857143,-0.176831017165948
1.64771428571429,-0.176985941229092
1.64785714285714,-0.17714116294432
1.648,-0.177296682975784
1.64814285714286,-0.177452501991847
1.64828571428571,-0.177608620665144
1.64842857142857,-0.177765039672604
1.64857142857143,-0.177921759695498
1.64871428571429,-0.178078781419487
1.64885714285714,-0.178236105534584
1.649,-0.178393732735294
1.64914285714286,-0.178551663720578
1.64928571428571,-0.178709899193908
1.64942857142857,-0.17886843986331
1.64957142857143,-0.179027286441401
1.64971428571429,-0.179186439645413
1.64985714285714,-0.179345900197227
1.65,-0.179505668823462
1.65014285714286,-0.179665746255441
1.65028571428571,-0.179826133229275
1.65042857142857,-0.179986830485889
1.65057142857143,-0.18014783877106
1.65071428571429,-0.180309158835467
1.65085714285714,-0.180470791434721
1.651,-0.180632737329403
1.65114285714286,-0.180794997285115
1.65128571428571,-0.180957572072526
1.65142857142857,-0.181120462467388
1.65157142857143,-0.181283669250602
1.65171428571429,-0.181447193208256
1.65185714285714,-0.181611035131665
1.652,-0.181775195817415
1.65214285714286,-0.181939676067404
1.65228571428571,-0.182104476688889
1.65242857142857,-0.182269598494537
1.65257142857143,-0.182435042302451
1.65271428571429,-0.182600808936245
1.65285714285714,-0.182766899225064
1.653,-0.18293331400364
1.65314285714286,-0.183100054112339
1.65328571428571,-0.183267120397208
1.65342857142857,-0.183434513710024
1.65357142857143,-0.183602234908349
1.65371428571429,-0.183770284855557
1.65385714285714,-0.183938664420907
1.654,-0.184107374479585
1.65414285714286,-0.184276415912736
1.65428571428571,-0.18444578960756
1.65442857142857,-0.184615496457301
1.65457142857143,-0.184785537361355
1.65471428571429,-0.184955913225299
1.65485714285714,-0.185126624960941
1.655,-0.185297673486354
1.65514285714286,-0.185469059725998
1.65528571428571,-0.18564078461069
1.65542857142857,-0.185812849077712
1.65557142857143,-0.185985254070854
1.65571428571429,-0.186158000540465
1.65585714285714,-0.186331089443512
1.656,-0.186504521743649
1.65614285714286,-0.186678298411249
1.65628571428571,-0.186852420423474
1.65642857142857,-0.187026888764367
1.65657142857143,-0.187201704424841
1.65671428571429,-0.187376868402805
1.65685714285714,-0.187552381703201
1.657,-0.187728245338051
1.65714285714286,-0.187904460326539
1.65728571428571,-0.188081027695066
1.65742857142857,-0.188257948477316
1.65757142857143,-0.188435223714304
1.65771428571429,-0.188612854454479
1.65785714285714,-0.188790841753743
1.658,-0.188969186675546
1.65814285714286,-0.189147890290945
1.65828571428571,-0.189326953678676
1.65842857142857,-0.189506377925204
1.65857142857143,-0.18968616412482
1.65871428571429,-0.189866313379683
1.65885714285714,-0.190046826799912
1.659,-0.190227705503637
1.65914285714286,-0.190408950617096
1.65928571428571,-0.190590563274674
1.65942857142857,-0.190772544619002
1.65957142857143,-0.190954895801029
1.65971428571429,-0.191137617980084
1.65985714285714,-0.191320712323952
1.66,-0.191504180008971
1.66014285714286,-0.191688022220081
1.66028571428571,-0.191872240150924
1.66042857142857,-0.192056835003907
1.66057142857143,-0.19224180799029
1.66071428571429,-0.192427160330269
1.66085714285714,-0.192612893253038
1.661,-0.192799007996906
1.66114285714286,-0.192985505809346
1.66128571428571,-0.193172387947092
1.66142857142857,-0.193359655676228
1.66157142857143,-0.193547310272272
1.66171428571429,-0.193735353020246
1.66185714285714,-0.193923785214793
1.662,-0.194112608160247
1.66214285714286,-0.194301823170713
1.66228571428571,-0.19449143157018
1.66242857142857,-0.1946814346926
1.66257142857143,-0.194871833881984
1.66271428571429,-0.19506263049248
1.66285714285714,-0.195253825888493
1.663,-0.195445421444763
1.66314285714286,-0.195637418546466
1.66328571428571,-0.195829818589315
1.66342857142857,-0.196022622979648
1.66357142857143,-0.196215833134532
1.66371428571429,-0.196409450481875
1.66385714285714,-0.196603476460507
1.664,-0.196797912520302
1.66414285714286,-0.196992760122267
1.66428571428571,-0.197188020738667
1.66442857142857,-0.197383695853106
1.66457142857143,-0.197579786960653
1.66471428571429,-0.197776295567937
1.66485714285714,-0.197973223193265
1.665,-0.198170571366739
1.66514285714286,-0.198368341630364
1.66528571428571,-0.198566535538147
1.66542857142857,-0.198765154656228
1.66557142857143,-0.198964200562989
1.66571428571429,-0.199163674849187
1.66585714285714,-0.199363579118048
1.666,-0.199563914985394
1.66614285714286,-0.199764684079789
1.66628571428571,-0.199965888042628
1.66642857142857,-0.200167528528268
1.66657142857143,-0.200369607204173
1.66671428571429,-0.200572125751029
1.66685714285714,-0.200775085862869
1.667,-0.200978489247197
1.66714285714286,-0.201182337625141
1.66728571428571,-0.201386632731575
1.66742857142857,-0.201591376315239
1.66757142857143,-0.201796570138889
1.66771428571429,-0.202002215979446
1.66785714285714,-0.202208315628108
1.668,-0.20241487089051
1.66814285714286,-0.202621883586865
1.66828571428571,-0.202829355552088
1.66842857142857,-0.203037288635983
1.66857142857143,-0.203245684703335
1.66871428571429,-0.203454545634121
1.66885714285714,-0.203663873323603
1.669,-0.203873669682512
1.66914285714286,-0.204083936637199
1.66928571428571,-0.204294676129786
1.66942857142857,-0.204505890118342
1.66957142857143,-0.20471758057699
1.66971428571429,-0.204929749496139
1.66985714285714,-0.205142398882603
1.67,-0.205355530759773
1.67014285714286,-0.205569147167789
1.67028571428571,-0.205783250163723
1.67042857142857,-0.205997841821712
1.67057142857143,-0.206212924233185
1.67071428571429,-0.206428499506976
1.67085714285714,-0.206644569769568
1.671,-0.206861137165211
1.67114285714286,-0.207078203856155
1.67128571428571,-0.207295772022805
1.67142857142857,-0.207513843863906
1.67157142857143,-0.207732421596735
1.67171428571429,-0.207951507457319
1.67185714285714,-0.208171103700592
1.672,-0.208391212600581
1.67214285714286,-0.20861183645067
1.67228571428571,-0.208832977563724
1.67242857142857,-0.209054638272336
1.67257142857143,-0.209276820929011
1.67271428571429,-0.209499527906396
1.67285714285714,-0.209722761597458
1.673,-0.209946524415737
1.67314285714286,-0.210170818795515
1.67328571428571,-0.210395647192077
1.67342857142857,-0.210621012081908
1.67357142857143,-0.210846915962918
1.67371428571429,-0.211073361354664
1.67385714285714,-0.211300350798606
1.674,-0.211527886858297
1.67414285714286,-0.211755972119647
1.67428571428571,-0.211984609191155
1.67442857142857,-0.212213800704149
1.67457142857143,-0.212443549313019
1.67471428571429,-0.212673857695475
1.67485714285714,-0.212904728552797
1.675,-0.213136164610081
1.67514285714286,-0.213368168616493
1.67528571428571,-0.213600743345539
1.67542857142857,-0.21383389159532
1.67557142857143,-0.214067616188795
1.67571428571429,-0.214301919974071
1.67585714285714,-0.214536805824626
1.676,-0.214772276639638
1.67614285714286,-0.215008335344247
1.67628571428571,-0.21524498488982
1.67642857142857,-0.215482228254265
1.67657142857143,-0.215720068442308
1.67671428571429,-0.215958508485772
1.67685714285714,-0.216197551443908
1.677,-0.21643720040366
1.67714285714286,-0.216677458480008
1.67728571428571,-0.216918328816254
1.67742857142857,-0.217159814584325
1.67757142857143,-0.217401918985126
1.67771428571429,-0.217644645248826
1.67785714285714,-0.217887996635207
1.678,-0.218131976433979
1.67814285714286,-0.21837658796513
1.67828571428571,-0.218621834579252
1.67842857142857,-0.218867719657871
1.67857142857143,-0.219114246613858
1.67871428571429,-0.219361418891678
1.67885714285714,-0.219609239967843
1.679,-0.219857713351219
1.67914285714286,-0.220106842583419
1.67928571428571,-0.220356631239149
1.67942857142857,-0.220607082926607
1.67957142857143,-0.220858201287857
1.67971428571429,-0.221109989999211
1.67985714285714,-0.221362452771632
1.68,-0.221615593351103
1.68014285714286,-0.221869415519065
1.68028571428571,-0.222123923092809
1.68042857142857,-0.222379119925886
1.68057142857143,-0.22263500990851
1.68071428571429,-0.222891596968033
1.68085714285714,-0.223148885069309
1.681,-0.223406878215186
1.68114285714286,-0.223665580446903
1.68128571428571,-0.223924995844586
1.68142857142857,-0.224185128527656
1.68157142857143,-0.224445982655305
1.68171428571429,-0.224707562426974
1.68185714285714,-0.224969872082825
1.682,-0.225232915904201
1.68214285714286,-0.225496698214116
1.68228571428571,-0.225761223377771
1.68242857142857,-0.226026495803031
1.68257142857143,-0.226292519940944
1.68271428571429,-0.226559300286234
1.68285714285714,-0.226826841377851
1.683,-0.227095147799477
1.68314285714286,-0.227364224180072
1.68328571428571,-0.227634075194404
1.68342857142857,-0.227904705563616
1.68357142857143,-0.228176120055785
1.68371428571429,-0.228448323486458
1.68385714285714,-0.228721320719262
1.684,-0.228995116666477
1.68414285714286,-0.229269716289607
1.68428571428571,-0.229545124599992
1.68442857142857,-0.229821346659437
1.68457142857143,-0.230098387580791
1.68471428571429,-0.230376252528579
1.68485714285714,-0.230654946719676
1.685,-0.230934475423885
1.68514285714286,-0.231214843964644
1.68528571428571,-0.231496057719658
1.68542857142857,-0.23177812212158
1.68557142857143,-0.232061042658699
1.68571428571429,-0.232344824875602
1.68585714285714,-0.232629474373915
1.686,-0.23291499681299
1.68614285714286,-0.233201397910614
1.68628571428571,-0.23348868344378
1.68642857142857,-0.233776859249397
1.68657142857143,-0.234065931225048
1.68671428571429,-0.234355905329767
1.68685714285714,-0.234646787584811
1.687,-0.234938584074435
1.68714285714286,-0.235231300946713
1.68728571428571,-0.235524944414321
1.68742857142857,-0.235819520755395
1.68757142857143,-0.236115036314327
1.68771428571429,-0.236411497502653
1.68785714285714,-0.236708910799878
1.688,-0.237007282754371
1.68814285714286,-0.237306619984243
1.68828571428571,-0.237606929178257
1.68842857142857,-0.23790821709673
1.68857142857143,-0.238210490572459
1.68871428571429,-0.238513756511679
1.68885714285714,-0.238818021894996
1.689,-0.239123293778388
1.68914285714286,-0.239429579294146
1.68928571428571,-0.239736885651916
1.68942857142857,-0.2400452201397
1.68957142857143,-0.240354590124877
1.68971428571429,-0.24066500305527
1.68985714285714,-0.240976466460189
1.69,-0.241288987951523
1.69014285714286,-0.24160257522482
1.69028571428571,-0.241917236060456
1.69042857142857,-0.242232978324665
1.69057142857143,-0.242549809970799
1.69071428571429,-0.242867739040411
1.69085714285714,-0.243186773664487
1.691,-0.243506922064619
1.69114285714286,-0.243828192554259
1.69128571428571,-0.244150593539922
1.69142857142857,-0.244474133522495
1.69157142857143,-0.24479882109847
1.69171428571429,-0.245124664961285
1.69185714285714,-0.245451673902619
1.692,-0.245779856813758
1.69214285714286,-0.246109222686933
1.69228571428571,-0.246439780616732
1.69242857142857,-0.246771539801503
1.69257142857143,-0.247104509544779
1.69271428571429,-0.247438699256725
1.69285714285714,-0.247774118455654
1.693,-0.248110776769486
1.69314285714286,-0.248448683937302
1.69328571428571,-0.248787849810896
1.69342857142857,-0.249128284356312
1.69357142857143,-0.249469997655515
1.69371428571429,-0.249812999907975
1.69385714285714,-0.250157301432324
1.694,-0.250502912668055
1.69414285714286,-0.250849844177234
1.69428571428571,-0.251198106646224
1.69442857142857,-0.251547710887464
1.69457142857143,-0.251898667841278
1.69471428571429,-0.252250988577676
1.69485714285714,-0.252604684298237
1.695,-0.252959766337992
1.69514285714286,-0.253316246167335
1.69528571428571,-0.253674135394006
1.69542857142857,-0.254033445765025
1.69557142857143,-0.254394189168777
1.69571428571429,-0.254756377637018
1.69585714285714,-0.255120023346994
1.696,-0.255485138623538
1.69614285714286,-0.255851735941265
1.69628571428571,-0.25621982792675
1.69642857142857,-0.256589427360767
1.69657142857143,-0.256960547180558
1.69671428571429,-0.257333200482172
1.69685714285714,-0.257707400522794
1.697,-0.258083160723134
1.69714285714286,-0.258460494669908
1.69728571428571,-0.258839416118265
1.69742857142857,-0.259219938994333
1.69757142857143,-0.259602077397792
1.69771428571429,-0.259985845604474
1.69785714285714,-0.260371258069026
1.698,-0.260758329427603
1.69814285714286,-0.261147074500645
1.69828571428571,-0.261537508295649
1.69842857142857,-0.261929646010045
1.69857142857143,-0.262323503034066
1.69871428571429,-0.262719094953745
1.69885714285714,-0.263116437553875
1.699,-0.263515546821111
1.69914285714286,-0.26391643894704
1.69928571428571,-0.264319130331407
1.69942857142857,-0.264723637585283
1.69957142857143,-0.265129977534399
1.69971428571429,-0.26553816722247
1.69985714285714,-0.265948223914615
1.7,-0.266360165100809
1.70014285714286,-0.266774008499431
1.70028571428571,-0.267189772060877
1.70042857142857,-0.267607473971165
1.70057142857143,-0.268027132655748
1.70071428571429,-0.268448766783252
1.70085714285714,-0.268872395269385
1.701,-0.269298037280838
1.70114285714286,-0.26972571223937
1.70128571428571,-0.27015543982583
1.70142857142857,-0.270587239984344
1.70157142857143,-0.27102113292661
1.70171428571429,-0.27145713913615
1.70185714285714,-0.271895279372788
1.702,-0.272335574677083
1.70214285714286,-0.27277804637493
1.70228571428571,-0.273222716082266
1.70242857142857,-0.273669605709717
1.70257142857143,-0.274118737467585
1.70271428571429,-0.27457013387065
1.70285714285714,-0.275023817743275
1.703,-0.275479812224539
1.70314285714286,-0.275938140773413
1.70328571428571,-0.276398827174159
1.70342857142857,-0.276861895541697
1.70357142857143,-0.277327370327178
1.70371428571429,-0.277795276323636
1.70385714285714,-0.278265638671725
1.704,-0.278738482865608
1.70414285714286,-0.279213834758913
1.70428571428571,-0.279691720570892
1.70442857142857,-0.280172166892584
1.70457142857143,-0.280655200693204
1.70471428571429,-0.281140849326604
1.70485714285714,-0.281629140537881
1.705,-0.282120102470109
1.70514285714286,-0.28261376367123
1.70528571428571,-0.283110153101016
1.70542857142857,-0.283609300138285
1.70557142857143,-0.284111234588151
1.70571428571429,-0.284615986689483
1.70585714285714,-0.285123587122495
1.706,-0.285634067016512
1.70614285714286,-0.286147457957859
1.70628571428571,-0.286663791997957
1.70642857142857,-0.287183101661514
1.70657142857143,-0.287705419955018
1.70671428571429,-0.288230780375211
1.70685714285714,-0.288759216917927
1.707,-0.28929076408703
1.70714285714286,-0.28982545690348
1.70728571428571,-0.290363330914722
1.70742857142857,-0.290904422204161
1.70757142857143,-0.291448767400898
1.70771428571429,-0.291996403689643
1.70785714285714,-0.292547368820836
1.708,-0.293101701120999
1.70814285714286,-0.293659439503314
1.70828571428571,-0.294220623478386
1.70842857142857,-0.294785293165284
1.70857142857143,-0.295353489302798
1.70871428571429,-0.295925253260952
1.70885714285714,-0.296500627052705
1.709,-0.297079653346002
1.70914285714286,-0.297662375476034
1.70928571428571,-0.298248837457745
1.70942857142857,-0.29883908399865
1.70957142857143,-0.299433160511924
1.70971428571429,-0.300031113129768
1.70985714285714,-0.300632988717068
1.71,-0.301238834885394
1.71014285714286,-0.301848700007238
1.71028571428571,-0.302462633230648
1.71042857142857,-0.30308068449413
1.71057142857143,-0.303702904541882
1.71071428571429,-0.304329344939455
1.71085714285714,-0.304960058089626
1.711,-0.30559509724876
1.71114285714286,-0.306234516543469
1.71128571428571,-0.306878370987645
1.71142857142857,-0.307526716499948
1.71157142857143,-0.308179609921608
1.71171428571429,-0.308837109034709
1.71185714285714,-0.309499272580815
1.712,-0.310166160280118
1.71214285714286,-0.310837832850937
1.71228571428571,-0.311514352029749
1.71242857142857,-0.312195780591609
1.71257142857143,-0.312882182371117
1.71271428571429,-0.313573622283825
1.71285714285714,-0.314270166348165
1.713,-0.314971881707916
1.71314285714286,-0.315678836655133
1.71328571428571,-0.316391100653706
1.71342857142857,-0.317108744363411
1.71357142857143,-0.317831839664573
1.71371428571429,-0.31856045968328
1.71385714285714,-0.319294678817269
1.714,-0.32003457276234
1.71414285714286,-0.320780218539496
1.71428571428571,-0.321531694522672
1.71442857142857,-0.322289080467199
1.71457142857143,-0.323052457538888
1.71471428571429,-0.3238219083439
1.71485714285714,-0.324597516959277
1.715,-0.325379368964308
1.71514285714286,-0.326167551472548
1.71528571428571,-0.326962153164757
1.71542857142857,-0.327763264322573
1.71557142857143,-0.328570976863028
1.71571428571429,-0.329385384374009
1.71585714285714,-0.33020658215045
1.716,-0.331034667231596
1.71614285714286,-0.331869738439108
1.71628571428571,-0.332711896416155
1.71642857142857,-0.333561243667493
1.71657142857143,-0.334417884600613
1.71671428571429,-0.335281925567832
1.71685714285714,-0.336153474909573
1.717,-0.337032642998685
1.71714285714286,-0.337919542285941
1.71728571428571,-0.338814287346695
1.71742857142857,-0.339716994928722
1.71757142857143,-0.340627784001401
1.71771428571429,-0.341546775806047
1.71785714285714,-0.342474093907651
1.718,-0.343409864247969
1.71814285714286,-0.344354215199942
1.71828571428571,-0.345307277623686
1.71842857142857,-0.346269184923803
1.71857142857143,-0.347240073108356
1.71871428571429,-0.348220080849333
1.71885714285714,-0.349209349544775
1.719,-0.350208023382537
1.71914285714286,-0.351216249405779
1.71928571428571,-0.352234177580283
1.71942857142857,-0.353261960863473
1.71957142857143,-0.354299755275431
1.71971428571429,-0.355347719971778
1.71985714285714,-0.356406017318601
1.72,-0.357474812969397
1.72014285714286,-0.358554275944136
1.72028571428571,-0.359644578710577
1.72042857142857,-0.360745897267719
1.72057142857143,-0.361858411231696
1.72071428571429,-0.362982303924003
1.72085714285714,-0.364117762462183
1.721,-0.365264977853125
1.72114285714286,-0.366424145088902
1.72128571428571,-0.36759546324539
1.72142857142857,-0.368779135583664
1.72157142857143,-0.369975369654275
1.72171428571429,-0.371184377404487
1.72185714285714,-0.372406375288595
1.722,-0.373641584381453
1.72214285714286,-0.374890230495203
1.72228571428571,-0.376152544299425
1.72242857142857,-0.377428761444746
1.72257142857143,-0.378719122690097
1.72271428571429,-0.380023874033593
1.72285714285714,-0.381343266847319
1.723,-0.382677558016064
1.72314285714286,-0.384027010080109
1.72328571428571,-0.385391891382262
1.72342857142857,-0.386772476219233
1.72357142857143,-0.38816904499754
1.72371428571429,-0.389581884394041
1.72385714285714,-0.391011287521233
1.724,-0.392457554097629
1.72414285714286,-0.393920990623103
1.72428571428571,-0.39540191055968
1.72442857142857,-0.396900634517695
1.72457142857143,-0.398417490447626
1.72471428571429,-0.399952813837833
1.72485714285714,-0.401506947918298
1.725,-0.403080243870526
1.72514285714286,-0.404673061044075
1.72528571428571,-0.406285767179605
1.72542857142857,-0.407918738638872
1.72557142857143,-0.409572360641895
1.72571428571429,-0.411247027511418
1.72585714285714,-0.412943142925039
1.726,-0.414661120175256
1.72614285714286,-0.416401382437558
1.72628571428571,-0.41816436304706
1.72642857142857,-0.419950505783752
1.72657142857143,-0.421760265166863
1.72671428571429,-0.423594106758451
1.72685714285714,-0.425452507476708
1.727,-0.427335955919216
1.72714285714286,-0.429244952696511
1.72728571428571,-0.431180010776342
1.72742857142857,-0.433141655838905
1.72757142857143,-0.435130426643643
1.72771428571429,-0.437146875407708
1.72785714285714,-0.439191568196693
1.728,-0.44126508532809
1.72814285714286,-0.44336802178771
1.72828571428571,-0.445500987659712
1.72842857142857,-0.447664608570595
1.72857142857143,-0.449859526147736
1.72871428571429,-0.452086398492826
1.72885714285714,-0.454345900670849
1.729,-0.456638725215146
1.72914285714286,-0.458965582648938
1.72928571428571,-0.461327202024145
1.72942857142857,-0.463724331477849
1.72957142857143,-0.466157738807165
1.72971428571429,-0.468628212063073
1.72985714285714,-0.471136560163872
1.73,-0.473683613528912
1.73014285714286,-0.476270224733354
1.73028571428571,-0.478897269184581
1.73042857142857,-0.481565645821036
1.73057142857143,-0.484276277834233
1.73071428571429,-0.487030113414723
1.73085714285714,-0.48982812652275
1.731,-0.492671317684534
1.73114285714286,-0.495560714814882
1.73128571428571,-0.498497374067061
1.73142857142857,-0.501482380710837
1.73157142857143,-0.504516850039425
1.73171428571429,-0.507601928306583
1.73185714285714,-0.510738793694385
1.732,-0.513928657312974
1.73214285714286,-0.517172764233135
1.73228571428571,-0.520472394552582
1.73242857142857,-0.523828864497176
1.73257142857143,-0.527243527557926
1.73271428571429,-0.530717775664895
1.73285714285714,-0.53425304039904
1.733,-0.537850794242931
1.73314285714286,-0.541512551871534
1.73328571428571,-0.545239871484091
1.73342857142857,-0.549034356178045
1.73357142857143,-0.552897655366055
1.73371428571429,-0.556831466237246
1.73385714285714,-0.56083753526352
1.734,-0.564917659752002
1.73414285714286,-0.569073689444479
1.73428571428571,-0.573307528164785
1.73442857142857,-0.577621135514818
1.73457142857143,-0.582016528620209
1.73471428571429,-0.586495783925923
1.73485714285714,-0.591061039042809
1.735,-0.59571449464517
1.73514285714286,-0.60045841642007
1.73528571428571,-0.605295137068224
1.73542857142857,-0.610227058356744
1.73557142857143,-0.615256653223524
1.73571428571429,-0.62038646793281
1.73585714285714,-0.625619124281289
1.736,-0.630957321854097
1.73614285714286,-0.636403840329001
1.73628571428571,-0.64196154182756
1.73642857142857,-0.64763337331119
1.73657142857143,-0.653422369019562
1.73671428571429,-0.65933165294849
1.73685714285714,-0.665364441363691
1.737,-0.671524045346477
1.73714285714286,-0.677813873366237
1.73728571428571,-0.684237433874205
1.73742857142857,-0.690798337912016
1.73757142857143,-0.697500301727551
1.73771428571429,-0.704347149389478
1.73785714285714,-0.711342815390567
1.738,-0.718491347229185
1.73814285714286,-0.725796907955809
1.73828571428571,-0.73326377867078
1.73842857142857,-0.74089636095733
1.73857142857143,-0.748699179231819
1.73871428571429,-0.756676882991231
1.73885714285714,-0.764834248935354
1.739,-0.773176182938838
1.73914285714286,-0.781707721844712
1.73928571428571,-0.790434035048664
1.73942857142857,-0.799360425839219
1.73957142857143,-0.808492332455699
1.73971428571429,-0.817835328821203
1.73985714285714,-0.827395124903658
1.74,-0.83717756665305
1.74014285714286,-0.847188635457315
1.74028571428571,-0.857434447053911
1.74042857142857,-0.867921249827185
1.74057142857143,-0.878655422415571
1.74071428571429,-0.889643470544342
1.74085714285714,-0.900892022992047
1.741,-0.912407826590463
1.74114285714286,-0.924197740147536
1.74128571428571,-0.936268727174072
1.74142857142857,-0.948627847283081
1.74157142857143,-0.961282246120318
1.74171428571429,-0.974239143671631
1.74185714285714,-0.987505820780773
1.742,-1.00108960369698
1.74214285714286,-1.01499784645844
1.74228571428571,-1.02923791090235
1.74242857142857,-1.04381714407756
1.74257142857143,-1.05874285282029
1.74271428571429,-1.07402227523708
1.74285714285714,-1.08966254882365
1.743,-1.10567067493325
1.74314285714286,-1.12205347929105
1.74328571428571,-1.13881756823929
1.74342857142857,-1.15596928038206
1.74357142857143,-1.17351463328945
1.74371428571429,-1.19145926491012
1.74385714285714,-1.20980836933592
1.744,-1.22856662656073
1.74414285714286,-1.24773812587671
1.74428571428571,-1.26732628256171
1.74442857142857,-1.28733374752554
1.74457142857143,-1.30776230960932
1.74471428571429,-1.32861279026402
1.74485714285714,-1.34988493038297
1.745,-1.3715772691219
1.74514285714286,-1.39368701461613
1.74528571428571,-1.41620990659848
1.74542857142857,-1.43914007103484
1.74557142857143,-1.46246986703134
1.74571428571429,-1.48618972642666
1.74585714285714,-1.51028798667115
1.746,-1.53475071781173
1.74614285714286,-1.55956154464492
1.74628571428571,-1.58470146538069
1.74642857142857,-1.6101486684661
1.74657142857143,-1.63587834955905
1.74671428571429,-1.66186253100764
1.74685714285714,-1.68806988658616
1.747,-1.7144655746498
1.74714285714286,-1.74101108329603
1.74728571428571,-1.76766409154812
1.74742857142857,-1.79437835099472
1.74757142857143,-1.82110359271202
1.74771428571429,-1.84778546464308
1.74785714285714,-1.87436550489546
1.748,-1.90078115661285
1.74814285714286,-1.92696583015664
1.74828571428571,-1.95284901827388
1.74842857142857,-1.97835646969459
1.74857142857143,-2.00341042617102
1.74871428571429,-2.02792992732084
1.74885714285714,-2.05183118673928
1.749,-2.07502804169587
1.74914285714286,-2.0974324773202
1.74928571428571,-2.11895522451936
1.74942857142857,-2.13950642897657
1.74957142857143,-2.15899638649363
1.74971428571429,-2.17733633771426
1.74985714285714,-2.19443931296637
1.75,-2.21022101568122
1.75014285714286,-2.22460073067651
1.75028571428571,-2.23750224164162
1.75042857142857,-2.24885474054279
1.75057142857143,-2.25859371048319
1.75071428571429,-2.26666176290155
1.75085714285714,-2.27300940995541
1.751,-2.27759575356056
1.75114285714286,-2.28038907386924
1.75128571428571,-2.28136730195532
1.75142857142857,-2.28051836408121
1.75157142857143,-2.27784038805768
1.75171428571429,-2.27334176576365
1.75185714285714,-2.2670410697093
1.752,-2.2589668254471
1.75214285714286,-2.24915714548823
1.75228571428571,-2.23765923399812
1.75242857142857,-2.22452877477339
1.75257142857143,-2.20982921771575
1.75271428571429,-2.1936309811195
1.75285714285714,-2.17601058851629
1.753,-2.15704975955222
1.75314285714286,-2.13683447442439
1.75328571428571,-2.11545403081799
1.75342857142857,-2.09300011114119
1.75357142857143,-2.06956587624587
1.75371428571429,-2.04524509985399
1.75385714285714,-2.02013135569696
1.754,-1.99431726702744
1.75414285714286,-1.96789382578572
1.75428571428571,-1.94094978638119
1.75442857142857,-1.91357113686598
1.75457142857143,-1.88584064828593
1.75471428571429,-1.85783750123933
1.75485714285714,-1.82963698717562
1.755,-1.80131028074513
1.75514285714286,-1.77292427855253
1.75528571428571,-1.74454149896836
1.75542857142857,-1.71622003719327
1.75557142857143,-1.68801356951569
1.75571428571429,-1.65997140063931
1.75585714285714,-1.63213854804186
1.756,-1.60455585753736
1.75614285714286,-1.57726014452235
1.75628571428571,-1.55028435576209
1.75642857142857,-1.52365774699928
1.75657142857143,-1.49740607211898
1.75671428571429,-1.47155178006917
1.75685714285714,-1.44611421619402
1.757,-1.42110982508747
1.75714285714286,-1.39655235249686
1.75728571428571,-1.37245304420713
1.75742857142857,-1.34882084020145
1.75757142857143,-1.32566256272579
1.75771428571429,-1.3029830971871
1.75785714285714,-1.28078556507541
1.758,-1.25907148833396
1.75814285714286,-1.23784094480125
1.75828571428571,-1.21709271451902
1.75842857142857,-1.1968244168446
1.75857142857143,-1.17703263842554
1.75871428571429,-1.15771305219131
1.75885714285714,-1.13886052759609
1.759,-1.12046923240569
1.75914285714286,-1.1025327263702
1.75928571428571,-1.08504404715494
1.75942857142857,-1.06799578892649
1.75957142857143,-1.05138017400238
1.75971428571429,-1.03518911798041
1.75985714285714,-1.01941428876177
1.76,-1.00404715987671
1.76014285714286,-0.989079058512759
1.76028571428571,-0.97450120863207
1.76042857142857,-0.96030476954978
1.76057142857143,-0.946480870328562
1.76071428571429,-0.933020640326887
1.76085714285714,-0.919915236220187
1.761,-0.907155865794589
1.76114285714286,-0.894733808795368
1.76128571428571,-0.882640435092712
1.76142857142857,-0.87086722040993
1.76157142857143,-0.859405759840795
1.76171428571429,-0.848247779367757
1.76185714285714,-0.837385145574192
1.762,-0.826809873730826
1.76214285714286,-0.816514134420471
1.76228571428571,-0.80649025885266
1.76242857142857,-0.796730743006256
1.76257142857143,-0.787228250726928
1.76271428571429,-0.777975615894662
1.76285714285714,-0.768965843766754
1.763,-0.760192111591582
1.76314285714286,-0.751647768580392
1.76328571428571,-0.743326335315481
1.76342857142857,-0.735221502666199
1.76357142857143,-0.727327130276918
1.76371428571429,-0.719637244685342
1.76385714285714,-0.712146037123043
1.764,-0.704847861045604
1.76414285714286,-0.697737229434199
1.76428571428571,-0.690808811906702
1.76442857142857,-0.684057431672062
1.76457142857143,-0.677478062357754
1.76471428571429,-0.671065824737753
1.76485714285714,-0.664815983384519
1.765,-0.65872394326602
1.76514285714286,-0.6527852463069
1.76528571428571,-0.646995567929944
1.76542857142857,-0.64135071359244
1.76557142857143,-0.635846615329986
1.76571428571429,-0.630479328319038
1.76585714285714,-0.625245027467425
1.766,-0.620140004041355
1.76614285714286,-0.615160662335885
1.76628571428571,-0.610303516394949
1.76642857142857,-0.605565186785978
1.76657142857143,-0.600942397433243
1.76671428571429,-0.596431972513672
1.76685714285714,-0.592030833417708
1.767,-0.587735995777575
1.76714285714286,-0.583544566564656
1.76728571428571,-0.579453741257032
1.76742857142857,-0.575460801078249
1.76757142857143,-0.571563110307654
1.76771428571429,-0.567758113662402
1.76785714285714,-0.564043333751157
1.768,-0.560416368598801
1.76814285714286,-0.556874889242077
1.76828571428571,-0.553416637394843
1.76842857142857,-0.550039423182454
1.76857142857143,-0.546741122944036
1.76871428571429,-0.54351967710144
1.76885714285714,-0.540373088093859
1.769,-0.537299418376571
1.76914285714286,-0.534296788482497
1.76928571428571,-0.531363375145212
1.76942857142857,-0.528497409481862
1.76957142857143,-0.525697175234542
1.76971428571429,-0.52296100706863
1.76985714285714,-0.520287288926527
1.77,-0.517674452435323
1.77014285714286,-0.515120975366866
1.77028571428571,-0.512625380148674
1.77042857142857,-0.510186232424371
1.77057142857143,-0.507802139661895
1.77071428571429,-0.505471749808311
1.77085714285714,-0.503193749989543
1.771,-0.500966865253819
1.77114285714286,-0.49878985735727
1.77128571428571,-0.496661523590634
1.77142857142857,-0.49458069564522
1.77157142857143,-0.492546238517393
1.77171428571429,-0.490557049450081
1.77185714285714,-0.488612056909847
1.772,-0.486710219598854
1.77214285714286,-0.48485052550009
1.77228571428571,-0.483031990954932
1.77242857142857,-0.481253659771958
1.77257142857143,-0.479514602365845
1.77271428571429,-0.477813914925476
1.77285714285714,-0.476150718610024
1.773,-0.474524158772309
1.77314285714286,-0.472933404208289
1.77328571428571,-0.471377646431841
1.77342857142857,-0.46985609897398
1.77357142857143,-0.46836799670567
1.77371428571429,-0.46691259518326
1.77385714285714,-0.465489170016023
1.774,-0.464097016254747
1.77414285714286,-0.462735447800846
1.77428571428571,-0.461403796835101
1.77442857142857,-0.460101413265558
1.77457142857143,-0.458827664193601
1.77471428571429,-0.457581933397949
1.77485714285714,-0.456363620835608
1.775,-0.455172142159328
1.77514285714286,-0.454006928250996
1.77528571428571,-0.452867424770458
1.77542857142857,-0.451753091718983
1.77557142857143,-0.450663403017211
1.77571428571429,-0.449597846096775
1.77585714285714,-0.448555921505302
1.776,-0.447537142524247
1.77614285714286,-0.446541034799066
1.77628571428571,-0.445567135981493
1.77642857142857,-0.444614995383268
1.77657142857143,-0.443684173640985
1.77671428571429,-0.442774242391862
1.77685714285714,-0.441884783959677
1.777,-0.441015391050961
1.77714285714286,-0.440165666460706
1.77728571428571,-0.439335222787504
1.77742857142857,-0.438523682157684
1.77757142857143,-0.437730675958207
1.77771428571429,-0.436955844577931
1.77785714285714,-0.43619883715705
1.778,-0.43545931134431
1.77814285714286,-0.434736933061932
1.77828571428571,-0.434031376277761
1.77842857142857,-0.433342322784506
1.77857142857143,-0.432669461985933
1.77871428571429,-0.432012490689429
1.77885714285714,-0.431371112905194
1.779,-0.430745039651534
1.77914285714286,-0.430133988765968
1.77928571428571,-0.429537684722342
1.77942857142857,-0.428955858453312
1.77957142857143,-0.428388247178325
1.77971428571429,-0.42783459423679
1.77985714285714,-0.427294648926221
1.78,-0.426768166345337
1.78014285714286,-0.4262549072418
1.78028571428571,-0.425754637864562
1.78042857142857,-0.425267129820565
1.78057142857143,-0.424792159935721
1.78071428571429,-0.424329510120023
1.78085714285714,-0.423878967236642
1.781,-0.423440322974855
1.78114285714286,-0.423013373726745
1.78128571428571,-0.422597920467451
1.78142857142857,-0.422193768639024
1.78157142857143,-0.421800728037529
1.78171428571429,-0.421418612703532
1.78185714285714,-0.42104724081569
1.782,-0.420686434587475
1.78214285714286,-0.420336020166819
1.78228571428571,-0.419995827538645
1.78242857142857,-0.41966569043019
1.78257142857143,-0.419345446219074
1.78271428571429,-0.419034935843909
1.78285714285714,-0.418734003717491
1.783,-0.418442497642424
1.78314285714286,-0.418160268729164
1.78328571428571,-0.41788717131634
1.78342857142857,-0.417623062893255
1.78357142857143,-0.417367804024675
1.78371428571429,-0.417121258277602
1.78385714285714,-0.416883292150158
1.784,-0.416653775002422
1.78414285714286,-0.41643257898911
1.78428571428571,-0.416219578994265
1.78442857142857,-0.416014652567576
1.78457142857143,-0.415817679862554
1.78471428571429,-0.415628543576379
1.78485714285714,-0.415447128891346
1.785,-0.415273323417957
1.78514285714286,-0.415107017139515
1.78528571428571,-0.41494810235826
1.78542857142857,-0.414796473642964
1.78557142857143,-0.414652027777842
1.78571428571429,-0.414514663712957
1.78585714285714,-0.414384282515967
1.786,-0.414260787324946
1.78614285714286,-0.414144083302793
1.78628571428571,-0.414034077592575
1.78642857142857,-0.413930679274214
1.78657142857143,-0.413833799322258
1.78671428571429,-0.413743350564792
1.78685714285714,-0.413659247643418
1.787,-0.413581406974329
1.78714285714286,-0.413509746710339
1.78728571428571,-0.413444186703969
1.78742857142857,-0.413384648471494
1.78757142857143,-0.413331055157871
1.78771428571429,-0.413283331502678
1.78785714285714,-0.41324140380684
1.788,-0.413205199900305
1.78814285714286,-0.413174649110494
1.78828571428571,-0.413149682231659
1.78842857142857,-0.413130231494861
1.78857142857143,-0.413116230538956
1.78871428571429,-0.413107614382137
1.78885714285714,-0.413104319394319
1.789,-0.413106283270164
1.78914285714286,-0.413113445002886
1.78928571428571,-0.413125744858607
1.78942857142857,-0.413143124351539
1.78957142857143,-0.413165526219618
1.78971428571429,-0.413192894400893
1.78985714285714,-0.413225174010477
1.79,-0.41326231131808
1.79014285714286,-0.413304253726148
1.79028571428571,-0.413350949748504
1.79042857142857,-0.413402348989587
1.79057142857143,-0.413458402124249
1.79071428571429,-0.413519060877941
1.79085714285714,-0.413584278007572
1.791,-0.413654007282735
1.79114285714286,-0.413728203467468
1.79128571428571,-0.413806822302475
1.79142857142857,-0.413889820487773
1.79157142857143,-0.413977155665876
1.79171428571429,-0.414068786405238
1.79185714285714,-0.414164672184372
1.792,-0.414264773376099
1.79214285714286,-0.414369051232425
1.79228571428571,-0.414477467869711
1.79242857142857,-0.414589986254201
1.79257142857143,-0.414706570188051
1.79271428571429,-0.414827184295561
1.79285714285714,-0.414951794009849
1.793,-0.415080365559936
1.79314285714286,-0.415212865958035
1.79328571428571,-0.415349262987281
1.79342857142857,-0.415489525189721
1.79357142857143,-0.415633621854689
1.79371428571429,-0.415781523007432
1.79385714285714,-0.415933199398069
1.794,-0.416088622490835
1.79414285714286,-0.41624776445364
1.79428571428571,-0.416410598147886
1.79442857142857,-0.416577097118595
1.79457142857143,-0.416747235584759
1.79471428571429,-0.416920988430025
1.79485714285714,-0.417098331193574
1.795,-0.41727924006132
1.79514285714286,-0.417463691857313
1.79528571428571,-0.417651664035405
1.79542857142857,-0.41784313467117
1.79557142857143,-0.418038082454053
1.79571428571429,-0.418236486679722
1.79585714285714,-0.418438327242716
1.796,-0.41864358462924
1.79614285714286,-0.418852239910239
1.79628571428571,-0.419064274734664
1.79642857142857,-0.419279671322927
1.79657142857143,-0.419498412460612
1.79671428571429,-0.419720481492375
1.79685714285714,-0.419945862316014
1.797,-0.420174539376759
1.79714285714286,-0.420406497661802
1.79728571428571,-0.420641722694917
1.79742857142857,-0.420880200531339
1.79757142857143,-0.421121917752875
1.79771428571429,-0.421366861463068
1.79785714285714,-0.42161501928263
1.798,-0.421866379345075
1.79814285714286,-0.422120930292434
1.79828571428571,-0.422378661271245
1.79842857142857,-0.422639561928614
1.79857142857143,-0.422903622408568
1.79871428571429,-0.423170833348424
1.79885714285714,-0.423441185875471
1.799,-0.423714671603693
1.79914285714286,-0.423991282630742
1.79928571428571,-0.42427101153502
1.79942857142857,-0.424553851372938
1.79957142857143,-0.42483979567631
1.79971428571429,-0.425128838449934
1.79985714285714,-0.425420974169329
1.8,-0.425716197778548
1.80014285714286,-0.426014504688252
1.80028571428571,-0.426315890773878
1.80042857142857,-0.426620352373908
1.80057142857143,-0.426927886288423
1.80071428571429,-0.427238489777623
1.80085714285714,-0.427552160560664
1.801,-0.427868896814526
1.80114285714286,-0.428188697173075
1.80128571428571,-0.42851156072626
1.80142857142857,-0.428837487019429
1.80157142857143,-0.429166476052892
1.80171428571429,-0.429498528281422
1.80185714285714,-0.429833644614139
1.802,-0.430171826414351
1.80214285714286,-0.430513075499658
1.80228571428571,-0.430857394142108
1.80242857142857,-0.431204785068536
1.80257142857143,-0.431555251461109
1.80271428571429,-0.431908796957879
1.80285714285714,-0.432265425653578
1.803,-0.432625142100541
1.80314285714286,-0.432987951309752
1.80328571428571,-0.433353858752054
1.80342857142857,-0.433722870359457
1.80357142857143,-0.434094992526701
1.80371428571429,-0.434470232112817
1.80385714285714,-0.43484859644297
1.804,-0.435230093310342
1.80414285714286,-0.435614730978278
1.80428571428571,-0.436002518182438
1.80442857142857,-0.436393464133257
1.80457142857143,-0.436787578518426
1.80471428571429,-0.437184871505606
1.80485714285714,-0.437585353745265
1.805,-0.437989036373668
1.80514285714286,-0.438395931016064
1.80528571428571,-0.43880604978998
1.80542857142857,-0.439219405308687
1.80557142857143,-0.4396360106849
1.80571428571429,-0.440055879534496
1.80585714285714,-0.440479025980585
1.806,-0.440905464657556
1.80614285714286,-0.441335210715482
1.80628571428571,-0.441768279824525
1.80642857142857,-0.442204688179667
1.80657142857143,-0.442644452505489
1.80671428571429,-0.443087590061253
1.80685714285714,-0.443534118646064
1.807,-0.443984056604253
1.80714285714286,-0.444437422831011
1.80728571428571,-0.444894236778097
1.80742857142857,-0.445354518459834
1.80757142857143,-0.445818288459294
1.80771428571429,-0.446285567934612
1.80785714285714,-0.446756378625612
1.808,-0.447230742860532
1.80814285714286,-0.447708683563055
1.80828571428571,-0.448190224259525
1.80842857142857,-0.448675389086311
1.80857142857143,-0.449164202797546
1.80871428571429,-0.449656690772926
1.80885714285714,-0.450152879025874
1.809,-0.45065279421187
1.80914285714286,-0.45115646363705
1.80928571428571,-0.451663915267032
1.80942857142857,-0.452175177736013
1.80957142857143,-0.452690280356119
1.80971428571429,-0.453209253126987
1.80985714285714,-0.453732126745703
1.81,-0.454258932616866
1.81014285714286,-0.454789702863082
1.81028571428571,-0.455324470335642
1.81042857142857,-0.455863268625547
1.81057142857143,-0.456406132074785
1.81071428571429,-0.456953095787962
1.81085714285714,-0.457504195644211
1.811,-0.458059468309394
1.81114285714286,-0.458618951248717
1.81128571428571,-0.459182682739581
1.81142857142857,-0.459750701884836
1.81157142857143,-0.460323048626341
1.81171428571429,-0.460899763758915
1.81185714285714,-0.461480888944653
1.812,-0.46206646672757
1.81214285714286,-0.462656540548689
1.81228571428571,-0.463251154761465
1.81242857142857,-0.463850354647647
1.81257142857143,-0.464454186433564
1.81271428571429,-0.465062697306766
1.81285714285714,-0.465675935433167
1.813,-0.466293949974616
1.81314285714286,-0.466916791106854
1.81328571428571,-0.467544510038059
1.81342857142857,-0.468177159027748
1.81357142857143,-0.468814791406238
1.81371428571429,-0.4694574615946
1.81385714285714,-0.47010522512511
1.814,-0.470758138662205
1.81414285714286,-0.471416260024068
1.81428571428571,-0.472079648204651
1.81442857142857,-0.472748363396387
1.81457142857143,-0.473422467013374
1.81471428571429,-0.474102021715235
1.81485714285714,-0.474787091431587
1.815,-0.475477741387127
1.81514285714286,-0.476174038127346
1.81528571428571,-0.476876049544961
1.81542857142857,-0.477583844907
1.81557142857143,-0.478297494882601
1.81571428571429,-0.479017071571523
1.81585714285714,-0.479742648533447
1.816,-0.480474300817964
1.81614285714286,-0.481212104995413
1.81628571428571,-0.481956139188499
1.81642857142857,-0.482706483104745
1.81657142857143,-0.48346321806981
1.81671428571429,-0.484226427061669
1.81685714285714,-0.484996194745665
1.817,-0.485772607510567
1.81714285714286,-0.486555753505557
1.81728571428571,-0.487345722678084
1.81742857142857,-0.488142606812926
1.81757142857143,-0.488946499572136
1.81771428571429,-0.489757496536088
1.81785714285714,-0.490575695245715
1.818,-0.491401195245711
1.81814285714286,-0.492234098129088
1.81828571428571,-0.493074507582751
1.81842857142857,-0.493922529434438
1.81857142857143,-0.494778271700878
1.81871428571429,-0.495641844637257
1.81885714285714,-0.496513360788029
1.819,-0.497392935039141
1.81914285714286,-0.498280684671629
1.81928571428571,-0.499176729416765
1.81942857142857,-0.50008119151267
1.81957142857143,-0.500994195762426
1.81971428571429,-0.501915869593974
1.81985714285714,-0.502846343121496
1.82,-0.503785749208534
1.82014285714286,-0.50473422353299
1.82028571428571,-0.505691904653795
1.82042857142857,-0.506658934079498
1.82057142857143,-0.507635456338831
1.82071428571429,-0.508621619053213
1.82085714285714,-0.509617573011246
1.821,-0.510623472245478
1.82114285714286,-0.511639474111193
1.82128571428571,-0.512665739367527
1.82142857142857,-0.51370243226088
1.82157142857143,-0.514749720610721
1.82171428571429,-0.51580777589784
1.82185714285714,-0.51687677335521
1.822,-0.51795689206136
1.82214285714286,-0.519048315036573
1.82228571428571,-0.520151229341824
1.82242857142857,-0.521265826180531
1.82257142857143,-0.522392301003497
1.82271428571429,-0.523530853616647
1.82285714285714,-0.524681688292165
1.823,-0.525845013882787
1.82314285714286,-0.527021043939516
1.82328571428571,-0.52820999683278
1.82342857142857,-0.52941209587729
1.82357142857143,-0.530627569460524
1.82371428571429,-0.531856651175154
1.82385714285714,-0.533099579955308
1.824,-0.53435660021706
1.82414285714286,-0.535627962003136
1.82428571428571,-0.536913921131965
1.82442857142857,-0.538214739351221
1.82457142857143,-0.539530684496153
1.82471428571429,-0.540862030652663
1.82485714285714,-0.542209058325329
1.825,-0.543572054610779
1.82514285714286,-0.544951313376121
1.82528571428571,-0.546347135443161
1.82542857142857,-0.547759828778126
1.82557142857143,-0.549189708687345
1.82571428571429,-0.550637098019029
1.82585714285714,-0.55210232737135
1.826,-0.553585735306968
1.82614285714286,-0.555087668574376
1.82628571428571,-0.556608482336145
1.82642857142857,-0.558148540404376
1.82657142857143,-0.559708215483587
1.82671428571429,-0.561287889421362
1.82685714285714,-0.562887953466827
1.827,-0.564508808537513
1.82714285714286,-0.566150865494587
1.82728571428571,-0.567814545427011
1.82742857142857,-0.569500279944743
1.82757142857143,-0.571208511481368
1.82771428571429,-0.572939693606485
1.82785714285714,-0.574694291348179
1.828,-0.576472781525907
1.82814285714286,-0.578275653094186
1.82828571428571,-0.580103407497423
1.82842857142857,-0.581956559036276
1.82857142857143,-0.583835635246009
1.82871428571429,-0.585741177287175
1.82885714285714,-0.587673740348952
1.829,-0.589633894065916
1.82914285714286,-0.591622222948284
1.82928571428571,-0.593639326826395
1.82942857142857,-0.595685821309725
1.82957142857143,-0.597762338261102
1.82971428571429,-0.599869526286472
1.82985714285714,-0.602008051240909
1.83,-0.604178596751169
1.83014285714286,-0.606381864755697
1.83028571428571,-0.608618576062393
1.83042857142857,-0.610889470924752
1.83057142857143,-0.61319530963721
1.83071428571429,-0.615536873150072
1.83085714285714,-0.617914963704786
1.831,-0.620330405490281
1.83114285714286,-0.622784045320946
1.83128571428571,-0.625276753336992
1.83142857142857,-0.627809423727963
1.83157142857143,-0.630382975480073
1.83171428571429,-0.632998353148084
1.83185714285714,-0.635656527652651
1.832,-0.638358497103706
1.83214285714286,-0.641105287650809
1.83228571428571,-0.643897954361298
1.83242857142857,-0.646737582126907
1.83257142857143,-0.64962528659985
1.83271428571429,-0.652562215159053
1.83285714285714,-0.655549547907597
1.833,-0.658588498701911
1.83314285714286,-0.661680316213855
1.83328571428571,-0.664826285026406
1.83342857142857,-0.668027726763655
1.83357142857143,-0.671286001256356
1.83371428571429,-0.674602507743349
1.83385714285714,-0.677978686109916
1.834,-0.681416018163941
1.83414285714286,-0.684916028950374
1.83428571428571,-0.688480288104788
1.83442857142857,-0.692110411246743
1.83457142857143,-0.695808061413551
1.83471428571429,-0.699574950534862
1.83485714285714,-0.70341284094862
1.835,-0.70732354695871
1.83514285714286,-0.711308936434562
1.83528571428571,-0.715370932452846
1.83542857142857,-0.719511514981177
1.83557142857143,-0.723732722603853
1.83571428571429,-0.728036654288972
1.83585714285714,-0.732425471196659
1.836,-0.736901398527491
1.83614285714286,-0.741466727409982
1.83628571428571,-0.746123816825985
1.83642857142857,-0.750875095572112
1.83657142857143,-0.755723064255319
1.83671428571429,-0.760670297320047
1.83685714285714,-0.765719445103966
1.837,-0.770873235919118
1.83714285714286,-0.77613447815411
1.83728571428571,-0.781506062392874
1.83742857142857,-0.78699096354454
1.83757142857143,-0.792592242978408
1.83771428571429,-0.798313050656641
1.83785714285714,-0.804156627257031
1.838,-0.810126306276397
1.83814285714286,-0.8162255161047
1.83828571428571,-0.822457782057734
1.83842857142857,-0.828826728356097
1.83857142857143,-0.835336080035024
1.83871428571429,-0.841989664769273
1.83885714285714,-0.848791414594378
1.839,-0.855745367504142
1.83914285714286,-0.862855668901285
1.83928571428571,-0.870126572876241
1.83942857142857,-0.877562443285741
1.83957142857143,-0.88516775460038
1.83971428571429,-0.892947092486305
1.83985714285714,-0.900905154083292
1.84,-0.909046747936911
1.84014285714286,-0.917376793538551
1.84028571428571,-0.925900320422342
1.84042857142857,-0.934622466762648
1.84057142857143,-0.943548477410972
1.84071428571429,-0.952683701304439
1.84085714285714,-0.962033588171979
1.841,-0.971603684457973
1.84114285714286,-0.981399628374643
1.84128571428571,-0.991427143987504
1.84142857142857,-1.00169203422969
1.84157142857143,-1.0122001727312
1.84171428571429,-1.02295749434119
1.84185714285714,-1.0339699842094
1.842,-1.04524366528446
1.84214285714286,-1.05678458407402
1.84228571428571,-1.06859879450143
1.84242857142857,-1.0806923396815
1.84257142857143,-1.09307123142596
1.84271428571429,-1.10574142727729
1.84285714285714,-1.11870880485685
1.843,-1.13197913330253
1.84314285714286,-1.14555804155858
1.84328571428571,-1.1594509832698
1.84342857142857,-1.17366319802333
1.84357142857143,-1.18819966867193
1.84371428571429,-1.20306507446724
1.84385714285714,-1.21826373972746
1.844,-1.23379957776296
1.84414285714286,-1.24967602978713
1.84428571428571,-1.2658959985469
1.84442857142857,-1.2824617764216
1.84457142857143,-1.29937496775929
1.84471428571429,-1.31663640524668
1.84485714285714,-1.33424606014773
1.845,-1.35220294629279
1.84514285714286,-1.37050501776073
1.84528571428571,-1.3891490602705
1.84542857142857,-1.40813057638647
1.84557142857143,-1.4274436647501
1.84571428571429,-1.44708089367148
1.84585714285714,-1.46703316956229
1.846,-1.48728960085573
1.84614285714286,-1.50783735824592
1.84628571428571,-1.52866153229279
1.84642857142857,-1.54974498966906
1.84657142857143,-1.57106822958457
1.84671428571429,-1.59260924219605
1.84685714285714,-1.61434337110769
1.847,-1.63624318237256
1.84714285714286,-1.65827834272139
1.84728571428571,-1.68041551006197
1.84742857142857,-1.70261823959775
1.84757142857143,-1.72484690920591
1.84771428571429,-1.74705866796511
1.84785714285714,-1.76920741193386
1.848,-1.79124379141991
1.84814285714286,-1.81311525403888
1.84828571428571,-1.83476612781375
1.84842857142857,-1.85613774840034
1.84857142857143,-1.87716863420949
1.84871428571429,-1.89779471272968
1.84885714285714,-1.91794960070878
1.849,-1.93756494002779
1.84914285714286,-1.95657079008928
1.84928571428571,-1.97489607635224
1.84942857142857,-1.99246909328571
1.84957142857143,-2.00921805851885
1.84971428571429,-2.02507171335751
1.84985714285714,-2.03995996317947
1.85,-2.05381454955475
1.852,-2.11111808316939
1.854,-1.91162238224572
1.856,-1.59901723072528
1.858,-1.3141717144603
1.86,-1.10060869927499
1.862,-0.950865666445533
1.864,-0.847330227668699
1.866,-0.775274831561824
1.868,-0.724476519278516
1.87,-0.68819249781215
1.872,-0.662004279318496
1.874,-0.64298525463327
1.876,-0.629162937169444
1.878,-0.619181664229568
1.88,-0.61209121806372
1.882,-0.607212894852374
1.884,-0.604053278678378
1.886,-0.602247731073034
1.888,-0.601522678540673
1.89,-0.601669996372351
1.892,-0.60252931286887
1.894,-0.603975588891077
1.896,-0.605910269029855
1.898,-0.608254888822552
1.9,-0.610946395852823
1.902,-0.613933683449384
1.904,-0.617174993494112
1.906,-0.620635949755275
1.908,-0.624288053891509
1.91,-0.628107524600816
1.912,-0.632074393829773
1.914,-0.636171797376356
1.916,-0.640385413804795
1.918,-0.644703017462759
1.92,-0.649114119975412
1.922,-0.65360968085759
1.924,-0.658181872501645
1.926,-0.662823888228212
1.928,-0.667529784656323
1.93,-0.672294351588606
1.932,-0.677113004081747
1.934,-0.681981692501762
1.936,-0.686896827233783
1.938,-0.69185521539149
1.94,-0.696854007397906
1.942,-0.701890651723146
1.944,-0.706962856390956
1.946,-0.712068556124915
1.948,-0.717205884211631
1.95,-0.722373148323847
1.952,-0.727568809679398
1.954,-0.732791465019832
1.956,-0.738039830979673
1.958,-0.743312730488892
1.96,-0.748609080909113
1.962,-0.753927883652224
1.964,-0.759268215069383
1.966,-0.764629218430978
1.968,-0.770010096845249
1.97,-0.775410106985591
1.972,-0.780828553515342
1.974,-0.786264784114341
1.976,-0.791718185024735
1.978,-0.797188177044131
1.98,-0.802674211903361
1.982,-0.80817576897372
1.984,-0.813692352254554
1.986,-0.819223487597326
1.988,-0.824768720126241
1.99,-0.830327611818942
1.992,-0.835899739212932
1.994,-0.841484691205345
1.996,-0.847082066914506
1.998,-0.852691473572162
2,-0.858312524414699
2.002,-0.863944836540855
2.004,-0.86958802870126
2.006,-0.87524171898262
2.008,-0.880905522345581
2.01,-0.886579047970591
2.012,-0.892261896359925
2.014,-0.897953656136438
2.016,-0.903653900470303
2.018,-0.909362183053103
2.02,-0.915078033524442
2.022,-0.920800952238615
2.024,-0.92653040423693
2.026,-0.932265812264629
2.028,-0.938006548638282
2.03,-0.94375192572833
2.032,-0.949501184770809
2.034,-0.955253482658872
2.036,-0.961007876285415
2.038,-0.966763303909119
2.04,-0.972518562891164
2.042,-0.978272282991993
2.044,-0.984022894217992
2.046,-0.989768587953002
2.048,-0.995507269785591
2.05,-1.00123650202708
2.052,-1.00695343338327
2.054,-1.01265471255845
2.056,-1.01833638169392
2.058,-1.02399374442201
2.06,-1.02962120189521
2.062,-1.03521204837463
2.064,-1.04075821580677
2.066,-1.04624995434144
2.068,-1.05167543322048
2.07,-1.05702024466991
2.072,-1.06226679425481
2.074,-1.06739356898479
2.076,-1.07237429908427
2.078,-1.07717709229839
2.08,-1.08176376741002
2.082,-1.08608994399644
2.084,-1.09010715107223
2.086,-1.09376962106518
2.088,-1.09705081556324
2.09,-1.09997703190949
2.092,-1.10268021857062
2.094,-1.10543520934994
2.096,-1.10855398149647
2.098,-1.11199725845113
2.1,-1.11500349292459
2.102,-1.11644447615276
2.104,-1.11567674109346
2.106,-1.11292544885184
2.108,-1.1091552067455
2.11,-1.10581000463762
2.112,-1.10442459120107
2.114,-1.10608333237274
2.116,-1.11101753801567
2.118,-1.11865490063973
2.12,-1.12803632032974
2.122,-1.13824366597833
2.124,-1.14861587032392
2.126,-1.15876949423921
2.128,-1.16852967416093
2.13,-1.17784946134489
2.132,-1.18674841593349
2.134,-1.19527412446459
2.136,-1.20348108426646
2.138,-1.21142056021983
2.14,-1.21913664228783
2.142,-1.22666548269889
2.144,-1.23403597250568
2.146,-1.24127092805238
2.148,-1.24838833161472
2.15,-1.25540243092345
2.152,-1.26232463661971
2.154,-1.26916422011581
2.156,-1.27592883984377
2.158,-1.28262493037669
2.16,-1.28925798679771
2.162,-1.2958327713976
2.164,-1.30235346394285
2.166,-1.30882377151198
2.168,-1.31524700961559
2.17,-1.32162616301301
2.172,-1.32796393217941
2.174,-1.33426276959436
2.176,-1.340524908753
2.178,-1.34675238790934
2.18,-1.35294706994131
2.182,-1.35911065930067
2.184,-1.36524471671804
2.186,-1.3713506721337
2.188,-1.37742983618964
2.19,-1.38348341052503
2.192,-1.38951249705546
2.194,-1.39551810637241
2.196,-1.40150116537017
2.198,-1.40746252418646
2.2,-1.41340296252801
