timestamp,mode,U2,RF_amplitude,line_id,rep,min_scan,max_scan,n_peaks,r2,aicc,c0,amp1,mu1,sigma1,amp2,mu2,sigma2,amp3,mu3,sigma3,amp4,mu4,sigma4,amp5,mu5,sigma5,amp6,mu6,sigma6,amp7,mu7,sigma7,amp8,mu8,sigma8,amp9,mu9,sigma9,amp10,mu10,sigma10,amp11,mu11,sigma11,amp12,mu12,sigma12,amp13,mu13,sigma13,amp14,mu14,sigma14,amp15,mu15,sigma15,amp16,mu16,sigma16,amp17,mu17,sigma17,amp18,mu18,sigma18,RF_setpoint_dBm,RF_act_trimmed_dBm
averaged,lost,-0.35,-0.5,0,avg,20.0,140.0,17,0.9924048729174151,-3128.6954367806693,0.015152979979598313,0.045780436728550325,44.47412647914517,1.55411200270826,0.05237736719770777,50.359121156532,0.6057980566243565,0.018475659092685167,61.07822281625962,0.5000000000000001,0.027218280016671363,42.04666430521955,2.075607082953153,0.015925799480200294,52.15058939574838,1.2692497529301408,0.013683464320586812,48.063159486172765,0.5000000000000001,0.014416562752231608,38.27928642065499,3.1781740094074715,0.0017521544668037273,20.38556006365094,26.532304426514006,0.0439121324440958,96.2255522424855,0.5000000000000001,0.014217195417561454,101.25239281171375,1.074748269880106,0.018299095759559292,122.6743421069112,0.5000000000000001,0.009114536833610522,80.99965084335062,2.924128099046568,0.012581758902133625,95.1152538401927,0.5000000000000001,0.005981447498064962,105.41314413601823,1.5275758326754272,0.0051827901237511105,93.76907742892291,0.7959415788579001,0.0027655466680964733,87.25847047604464,4.01996404412678,0.003148803555178866,124.27678196016515,0.5000000000000001,,,,-0.5,9.925784110535405
averaged,trapped,-0.35,-0.5,0,avg,20.0,140.0,16,0.9723662095642067,-2832.2452680712363,0.06371083168151057,-0.048655979698914054,44.02004701679824,1.7839054119627464,-0.023534407594273193,40.48362642282524,3.605521745506518,-0.0349704360235787,61.043448259580735,0.5000000000000001,-0.06282864612919038,50.37023038444809,0.5995328012800419,-0.01501686528131944,52.05028046424812,0.7384796784915562,-0.012087748807425762,48.13697806822523,0.5000000000000001,-0.005392365256348011,54.7178352445832,1.9941162922587723,-0.04363432376887881,96.2150672459655,0.5000000000000001,-0.01479459445317127,100.94711176007543,0.9662397840846504,-0.0284680768589817,122.71492866825591,0.5000000000000001,-0.008986130106865607,82.03268886657193,3.696243156413084,-0.008172343378726826,94.89658161883376,0.5000000000000001,-0.006632884008761028,105.04609398153187,2.2307231664773917,-0.002496952823583832,125.91641205402564,5.322140011714926,-0.0025551581561442296,139.30496369361944,1.292280972402154,-0.005515315589707179,93.39322601046696,1.3690440110744575,,,,,,,-0.5,9.925784110535405
averaged,lost,-0.35,0.0,0,avg,20.0,140.0,14,0.9940465010208905,-3079.085158495726,0.02265948866899562,0.053842322625717476,51.39234558547062,0.9622113695374644,0.019128724228010565,64.53818751895658,0.5123338127479444,0.04257371734851492,46.935401463239096,2.6511128663463692,0.02662498098822567,44.06440382094372,5.660600526368306,0.013187187943149072,49.66110144821582,0.5000000000000001,0.03865614942087837,99.5902276814401,0.70713887484174,0.04139622798690139,102.45094842520317,0.9053874478253287,0.010039161470175742,115.97909514458894,0.5000000000000001,0.01922973605599271,129.53375716524414,0.697586542722805,0.0053887226259920745,89.00244895684038,5.61972426854368,0.014461238546734437,104.48188513260838,0.9623077913708509,0.006985500502582323,97.49259738282252,0.8750162428682488,0.004982494121377276,80.74882759398999,1.8712408432859917,0.0014031286215326001,115.81090169324993,7.492989062358767,,,,,,,,,,,,,0.0,10.330445595854922
averaged,trapped,-0.35,0.0,0,avg,20.0,140.0,15,0.9613034738495434,-2628.0832000303253,0.08168563397578849,-0.06771826833730907,51.390541360695735,1.0009377103337502,-0.03666593289728433,64.53886055726299,0.5579930748120315,-0.021712451940779757,49.519870281823586,0.5000000000000001,-0.012081624843051406,47.809058502636866,0.6495131514332095,-0.006910683901165475,59.50696060815717,23.310301673032633,-0.03982149034587355,46.446849412418146,2.291401891916462,-0.023822934349237053,43.24980489431532,5.156785226780973,-0.004172695559469847,81.47787775434998,1.6509039698639336,-0.010778418550224666,104.85788575059952,0.5735571928151616,-0.01323815757817916,115.98312192200922,0.5000000000000001,-0.024920731890260277,129.6052607643468,0.8411094092992364,-0.02791952033080019,99.71306910913363,0.5925367216468761,-0.04043214609625065,102.64249856183372,1.0732236432356257,-0.009705301462516832,98.78844885666533,1.288008687782528,-0.003714842820103981,89.33152333853694,3.352464220339103,,,,,,,,,,0.0,10.330445595854922
averaged,lost,-0.35,0.2,0,avg,20.0,140.0,14,0.9927103459223242,-2999.2869566486315,0.018177902094408484,0.046077482638369326,51.60384533419524,0.7283701276463116,0.02364089476557687,66.35739027085573,0.5000000000000001,0.055710542829304356,47.996945508404856,3.0371213854281955,0.023888964889364327,42.94101693067006,5.418356087502851,0.018855523156145942,49.72891397354784,0.5000000000000003,0.029084585368929224,100.0158276474812,0.5000000000000001,0.03795526615282732,102.7817647896559,0.5694730548257545,0.02079173128535948,117.5017951293345,0.5000000000000001,0.015207294189190949,132.7037280717978,0.7351634696577447,0.0071558978146509826,80.999589125347,1.9431690851494463,0.01279476074833603,104.49045549421986,0.9282052144996671,0.01774422875765331,100.08020061763979,2.375001412811647,0.006234595282943474,88.6683354252383,3.522537539719827,0.0035271319488007088,115.9311435031932,3.0694246273190324,,,,,,,,,,,,,0.2,10.450420984455958
averaged,trapped,-0.35,0.2,0,avg,20.0,140.0,15,0.9865399489209753,-2853.7825323109737,0.08021496490412303,-0.02384211638137546,48.27177950077977,0.7356837398524253,-0.047628561649269846,66.40344356262719,0.5000000000000001,-0.06677355529997872,51.57653552600102,0.8873594455624436,-0.023376402675979884,44.42303422938935,5.984688662815948,-0.03846700103946994,46.587667392992515,2.3988008315113643,-0.03397400296340312,49.723313243762156,0.5000000000000001,-0.015395857651888473,104.67461003680938,0.7771279862115648,-0.045393313302079616,102.77482330179959,0.6412595568890728,-0.029869126260963573,117.48158056729336,0.5000000000000001,-0.017218388434096923,132.65969715550136,0.7947232412881444,-0.02926500446658655,100.0063764971059,0.5000000000000001,-0.004719669059848082,85.86872498452105,5.816375058500229,-0.00962145715162868,114.94721806591794,0.6316743295300152,-0.014818038945472813,99.75303574304178,1.7581679797984138,-0.00792684325121236,119.35674469661107,0.5000000000000001,,,,,,,,,,0.2,10.450420984455958
averaged,lost,-0.35,0.4,0,avg,20.0,140.0,18,0.9888564653318002,-2889.147110307262,0.015498916504123016,0.05168250992168568,52.53776187860932,0.8244939249362615,0.020760989185670552,67.53904223470887,0.5000000000000001,0.023000416493809774,45.768216753504944,1.8344571623636388,0.011515090744269126,49.95026729572955,0.5000000000000001,0.008155423119485118,40.61922960654568,3.5152193529678906,0.004887420008547357,88.55061186687142,4.314868648359081,0.010388128649193102,45.211879807855865,9.648941785996573,0.005442273526814621,80.71940502643629,1.7583621070917683,0.05682478043281688,50.489079670424,1.7968800668766165,0.057703200616874034,104.75196993683413,0.5000000000000001,0.018068077870077803,117.15529118443054,0.8622517688110996,0.036981812008171966,119.58912259475234,0.5258459364302233,0.009433626283543314,134.61514814768103,0.6032845579049625,0.02545731893682518,101.07897406678079,1.388329240157531,0.030763398073473294,103.57402098369656,0.5000000000000001,0.004124308825372371,97.28972717936706,11.588684190290593,0.019108428931258557,106.27758231586742,0.8811868697217865,0.007218513182824788,121.67716573217709,0.5560304985345661,0.4,10.560865284974092
averaged,trapped,-0.35,0.4,0,avg,20.0,140.0,18,0.9777409048926227,-2726.3170936286674,0.09059882158068813,-0.06902341064842965,52.851185769561305,0.5653867618889264,-0.04923453475427378,67.62469962165225,0.5000000000000001,-0.004608000036928628,35.07273678519573,3.6337233339175286,-0.04209857148866927,50.34649825190704,0.5009903330439796,-0.005831233552920682,89.49999999999999,1.9329738348418595,-0.03295364449424239,47.44690905996881,4.776367760010123,-0.005129673023273139,80.77041504913204,2.9954365455659624,-0.05309977222266427,51.682015817014516,0.5000000000000001,-0.0206143435806862,49.13672487701299,0.6364795834916227,-0.05649728198207635,104.82224595896902,0.5000000000000001,-0.040396966635396984,119.57858020026752,0.5000000000000001,-0.014431202163919406,134.77473121251754,0.8869213795807724,-0.0236110315554206,101.01801108924508,1.5807559242875868,-0.010657379343793186,116.94651487707323,0.5907998600310898,-0.01915390107213599,106.34569052635189,0.9008846111538908,-0.004203163710253841,91.05222930622922,11.544711419037728,-0.030690178889091507,103.70621005647993,0.5394658932037146,-0.011874206078219896,119.15110398834543,2.8392719719667596,0.4,10.560865284974092
averaged,lost,-0.35,0.6,0,avg,20.0,140.0,14,0.9890705322935223,-2992.4722646216087,0.015042657665138825,0.06736132014014466,53.15022205038948,0.9828477140939423,0.01684081381188979,68.23019595625865,0.5256354703463983,0.012347824820170722,46.797192937393184,2.3481932182036007,0.041918564417227556,50.49437270553809,0.9878863639830165,0.018482744622974338,46.59843961827968,7.447038378454923,0.023087609952810006,105.75162078006814,0.5000000000000001,0.012420572404163032,118.46578046149858,0.5042096321649229,0.01162807554836132,121.05498257417698,0.5000000000000001,0.0378476906595862,105.88037923374856,1.96675113284461,0.01760578388049158,101.40770686212709,0.7262433178283433,0.0042736115061097904,84.59259672697591,21.327836277469142,0.013263497474350103,119.9050518181999,2.8939715080984523,0.005992121854725071,136.40404548733673,0.9419862199841204,0.006035447409687405,99.19373453637552,1.4039217338278662,,,,,,,,,,,,,0.6,10.694586355785837
averaged,trapped,-0.35,0.6,0,avg,20.0,140.0,15,0.9781218511975254,-2814.476326954046,0.09391974060271152,-0.06999018813581455,53.21896156267358,0.9543710750940411,-0.039764100841480535,68.31299569361488,0.5848616909431573,-0.015193626212705452,46.461643849022785,8.742673975584935,-0.034234704698200745,50.55395898121077,0.9552155153358537,-0.015637132230525597,48.16558053716127,3.4274148004634006,-0.0030169134803654436,79.99999999999999,15.960119688976807,-0.020804323666419874,105.77261017098137,0.5000000000000001,-0.022409772490224255,118.68833066730284,0.69265931026746,-0.03793134257599338,106.06982501766835,1.741497927086027,-0.013773701176031272,101.14018170563403,1.4262359559148214,-0.010751283894115173,123.0421895253568,0.7166202730199458,-0.02550628957352187,120.97695490649487,0.7692330829921488,-0.003470058924528457,91.11411767395836,16.977589688958084,-0.006400418198630024,136.4737532749226,1.0187599721272513,-0.006840685566376141,116.90032543759146,0.9924237086694448,,,,,,,,,,0.6,10.694586355785837
averaged,lost,-0.35,0.8,0,avg,20.0,140.0,17,0.9874283342487346,-3007.4304977990128,0.011864147050237417,0.02007700076963847,50.09463840781749,7.780610680867489,0.020807204621362447,55.10270063355198,0.5000000000000001,0.013992299206314673,68.45655188489769,0.5000000000000001,0.02566462573504294,50.09578170404735,0.5000000000000001,0.007799066434254218,45.272091002830535,0.5788231894761177,0.026856897800482154,55.59795123066085,1.9005411656787643,0.01369001969505538,53.62782414124186,0.5000000000000001,0.019336483660370246,51.21642809205726,0.5000000000000001,0.05240013496991072,107.86960737981177,0.5000000000000001,0.024656237182501414,119.5758377009107,0.5000000000000001,0.009394599307470018,136.71088137340627,0.578938878799081,0.02324981558442261,108.73600222195023,2.827769996211606,0.013679460998388317,123.67892745659606,1.8248866073049188,0.0036917328877637923,95.78728734625744,21.620624021432405,0.008689507926185613,117.96663910400196,1.0187847499336835,0.008443469499132952,102.43849518518881,0.7044417699559208,0.005505537704434308,99.98415599398467,2.047305692968117,,,,0.8,10.792147668393783
averaged,trapped,-0.35,0.8,0,avg,20.0,140.0,18,0.9633249866273235,-2726.4128919636655,0.10046646891987679,-0.029063025088543994,55.79318275570501,1.7944480805412528,-0.0207045330340303,55.073659698054534,0.5000000000000001,-0.043999009778646514,68.47650362338237,0.5000000000000001,-0.03007716212136304,50.12588241541188,0.5000000000000001,-0.01986919864976899,51.14184229588366,7.842832262863869,-0.007124037320379427,45.06600668964353,0.5000000000000001,-0.003680030895791745,73.53561805299155,2.8065836484788376,-0.017586485520150942,51.306827297961775,0.5000000000000001,-0.015320993615284679,53.667264490521205,0.5000000000000245,-0.05099292712269653,107.85015845438981,0.5000000000000001,-0.013815916380910079,122.93185854580639,0.877549859546362,-0.018059426922539343,108.60821867489926,1.9138774827209937,-0.027389171613477842,119.50023438441555,0.5455144056388741,-0.007815268969380446,108.60823398976645,9.19288918957273,-0.01121972938057222,136.7327737037997,0.6086079969414907,-0.0057416032554330225,80.45385277673122,0.8938830064801485,-0.007252022497639732,102.25851801850958,0.9027353515085528,-0.014903370206048793,125.10148181346486,0.7014538401911797,0.8,10.792147668393783
averaged,lost,-0.35,1.0,0,avg,20.0,140.0,18,0.9913935014030957,-3106.1591571534236,0.015741137054331954,0.012740347387312594,57.01310588295442,2.0252774889657412,0.02901965794696015,54.92137957161817,1.2159046557829594,0.013354302272851505,69.8118191885847,0.5372556597550195,0.027656030806362742,50.600358816133934,0.8704445999402484,0.02127608542223658,51.602469051011695,6.8889320980950695,0.006790641345387027,45.1900854140942,1.1217601474723162,0.004213482663142483,37.74989889223197,3.912072757012473,0.0037499021920080885,71.15645138007245,1.0124725842706097,0.002516506062023049,79.99999912396285,1.5598601181498801,0.05160160630820371,108.32582531138634,0.7374708108511934,0.01107397329447982,118.73497308453864,0.9956026906808405,0.013071805148187053,127.09619920344176,0.7722113854663075,0.015015618583829717,107.11948487828876,6.443857564834675,0.009805169516722528,110.7150684034566,1.006760406696658,0.019936136931549248,121.00850487332688,0.66764097144471,0.013944159638164519,124.60090176727822,1.0082619517546247,0.003042097270743336,86.10407861158924,6.414738885018467,0.0038954738393376983,139.74041672630833,1.2901188963945718,1.0,10.98913212435233
averaged,trapped,-0.35,1.0,0,avg,20.0,140.0,18,-4.1278295682394965,-1568.1330546310228,0.14256551426425765,-0.004475598959333882,36.87899838267668,2.2607282003696922,-0.032380374233959355,54.75169598659066,1.2110115397362804,-0.03291388071182937,70.07969217936726,0.6575048389449623,-0.019219231250887963,50.097278617767515,0.5000000705830953,-0.0055959390282305154,78.7935759691565,0.9402289860984417,-0.0229910677952905,56.60924375192181,2.2803544496846575,-0.02348810698736662,51.12134083587342,0.8081046992751563,-0.07410962139919913,52.37236967783636,66.91281832030126,-0.015434482207560782,47.18215865119125,4.086471131253656,-0.04225276649189818,108.39665015313864,0.6442734341042662,-0.021130769450599777,120.9817117193727,0.6861458065558166,-0.012595782016161588,125.3680877494122,1.9258872119734283,-0.022912302590462997,109.02252088689086,2.647598603259728,-0.01081537549738187,118.51361044767346,0.9391468075922063,-0.011183738424652537,102.67404536386972,0.7791678173125764,-0.005638320918522361,99.82230164834776,0.9943160450422407,-0.006392043617291042,114.63212146636452,0.5000000000000001,-0.0019755971829348486,91.97234998593302,7.758240427385852,1.0,10.98913212435233
averaged,lost,-0.35,1.2,0,avg,20.0,140.0,16,0.771609844723299,-2377.5793996631573,0.006551241912332814,0.015143573605880315,57.684045202908784,3.969656799417548,0.005439602537828028,54.208868910456374,0.5000000029062303,0.013813470173984625,71.1103484595158,0.6658521336912314,0.03338760580788348,50.81262153565489,1.182792671272107,0.01468229234818299,46.25872834545314,2.2953757934951815,0.006920796533703652,40.0820846967023,4.282051093480577,0.03171830941920905,55.89821565732316,1.8977610418796433,0.04483894161160971,109.2306731268559,0.6459100869383506,0.00418945469758916,99.97855507421977,1.6261732951321448,0.015109358197237565,122.31504917728259,0.6279328276770149,0.010978212653762434,128.5890886469077,0.8947303357763748,0.01019361319865799,119.40668666844289,1.1916544183038904,0.01936468260335405,109.90825557879941,2.9445351730539695,0.01617117902913098,101.59642426929186,49.74778627946028,0.010049091386102112,125.87837154410163,0.8305778781279223,0.009440407186892123,103.01299843026037,1.0160893022484685,,,,,,,1.2,11.085116062176166
averaged,trapped,-0.35,1.2,0,avg,20.0,140.0,16,0.9180008323749821,-2622.04387650232,0.11060830641748208,-0.017392730175999835,51.5607693489869,13.863715651781513,-0.018445078119193364,57.63254288298005,1.813674122260612,-0.03514339994996286,71.30807011020191,0.6350658486002054,-0.027948642730092583,50.789399120403324,1.0829664896755014,-0.004743348629111395,79.99999999999999,4.663628876917912,-0.006135547837372126,45.75164556478475,1.324230823063136,-0.026380157566525606,55.28665422347445,1.401293071248452,-0.046236068930616714,109.41016673691723,0.5000000000000001,-0.005005743760271558,90.49059925915269,8.8313460174799,-0.013201413994126493,119.7015626057775,1.6890981678028747,-0.011766864408295498,125.53998643213906,0.8626949643926923,-0.015543811358939228,108.49933899197639,0.5000000000000002,-0.016655337257874454,122.43578346928042,0.6104690866357887,-0.0077647049769059735,102.54812541965363,2.3653478039826235,-0.013481647855534282,128.4449212931236,1.2932079458541657,-0.01914779830653716,110.26900791471552,3.059042577334621,,,,,,,1.2,11.085116062176166
averaged,lost,-0.35,1.4,0,avg,20.0,140.0,18,0.9786746674300426,-2888.6060186685495,0.027830176444067208,0.015817136221721352,50.44362820591305,0.742779449965167,0.04741934351777123,58.99137665490166,1.8332681849764942,0.014058549595111207,71.7843984980893,0.7353670975101717,0.017123715454085867,51.16362015790713,8.95345565191099,0.0036854574278932482,84.4178608396233,5.992585847533577,0.012750665526050609,55.32642019021324,0.7588893888920645,0.005063747935285484,45.321827067093714,0.7496233520607847,0.004367900209923222,65.16887894137118,0.8921334582143381,0.011437573030677477,51.658047756949955,1.1345989085562547,0.040591190967392804,111.33744656094059,0.5000000000000001,0.01462546022854828,122.29255689740255,1.5077018942975489,0.010451204700427735,129.98084195805095,1.275266190971828,0.004659608373204136,116.74838958910492,0.5000000000000001,0.022874848604156735,109.90023061303759,0.5000000000000001,0.008173056936103495,102.16491006878599,3.272754787980981,0.01093525626233642,119.3086093972089,0.861740497249556,0.0068666470048365244,127.246441884568,0.733242421748471,0.019868575277228146,111.62888450082315,2.835747666995589,1.4,11.196873920552678
averaged,trapped,-0.35,1.4,0,avg,20.0,140.0,17,0.9408613530045772,-2669.2178086299377,0.11440675621443774,-0.015820838743017058,53.32807347396777,11.584254720244388,-0.011566340778887187,61.115111952554514,0.5000000000000001,-0.033112602541758185,71.82090516858354,0.7163840436881208,-0.023531375534290185,50.55420774599736,1.0982553257384262,-0.02603796029962278,59.20997930052034,1.1200105079047866,-0.006177607406111785,86.0060830734679,7.48804522468358,-0.005956346626581194,31.528989105705342,0.5000000000000001,-0.005666149194680569,45.45323687259627,0.6543755132077178,-0.023984537615785964,57.460498805215494,2.5199257558222685,-0.035276239846773805,111.31794022542732,0.5000000000000001,-0.00974863466307069,103.09475543714358,3.219016348814922,-0.008063162369736124,122.63979222475922,0.6617433414585038,-0.01045765238156028,130.30000864776952,1.8412170236647374,-0.018359645869044,109.88942767969623,0.5000000000000001,-0.020646319674626695,111.31857606917622,2.2980293065956228,-0.004522079937763635,89.62351402437315,5.1708941688224845,-0.011089303877202946,120.7793066345141,4.614913585822426,,,,1.4,11.196873920552678
averaged,lost,-0.35,1.6,0,avg,20.0,140.0,17,0.9824197076853617,-2929.138674914188,0.014334509104135062,0.0077406804072252585,40.739609558684904,4.174390502412556,0.05811909594465572,58.97539130263264,2.099421111826273,0.009812826167293105,50.22712057019089,0.5000000000000001,0.013996563321089443,72.3549678332233,0.6911227009272516,0.014589294166830916,55.40367256016874,0.5000000000000001,0.01237064658109477,45.45257219837401,1.466900498213174,0.03032219047102211,51.24821035025854,2.2433125773246876,0.007240852716216273,65.31365560802374,1.952326309159897,0.004612317817440746,74.26503926951327,0.7619399056748931,0.05933478863906469,111.57856289158103,0.5000000000000001,0.012462398485402747,123.85589433712207,1.079417422850526,0.02182977805062128,112.08688290173411,2.787127882920681,0.010618329473949549,130.35939794245647,2.274468737846771,0.004935946934426002,97.04255827268327,27.213879579940723,0.00531456732755471,100.22931383218085,1.5621485038901768,0.012481177244401453,120.3420464645932,1.7220558615018098,0.00717738195344226,104.25866193968598,1.1571969966869078,,,,1.6,11.26713860103627
averaged,trapped,-0.35,1.6,0,avg,20.0,140.0,16,0.9628145768294628,-2763.2485111512674,0.12096579596053815,-0.018016761652941235,53.61442325067196,11.828508664407634,-0.04464925216022099,59.05158495185566,1.8323188404432926,-0.03741473876081671,72.59513326243822,0.7404946724639438,-0.012071772654400103,50.43317193835152,0.5000000000000001,-0.013618785289034268,55.431809490870044,0.5000000000000001,-0.004401819288483936,28.999192884087712,0.9759300435720838,-0.0041313289948966825,79.43700037805083,1.3327966575203825,-0.013181224457072321,50.99911799696044,1.4596711888196188,-0.005122949001267417,45.00004546619939,0.5606144497191493,-0.05067592169654036,111.51269394868793,0.5000000000000001,-0.010702898967326815,110.94128983346106,11.469661894531615,-0.016172439888677954,111.99170557069397,1.4812944841577134,-0.012880588878464523,123.45764924733426,1.0055138191950022,-0.010351687662887113,130.75537350734785,2.0101710724429527,-0.00378589783747046,86.81385031711599,2.70786696683097,-0.006207123598243565,119.88695066596941,0.8234463747188375,,,,,,,1.6,11.26713860103627
averaged,lost,-0.35,1.8,0,avg,20.0,140.0,18,0.9774646899615888,-2792.0502824754285,0.018762521233991192,0.016556782422289047,52.908412359596475,9.02910133397854,0.01589409014385611,62.23436123074716,0.5000000000000001,0.01797005914902767,73.24474572531808,0.7939595545707888,0.01807126428556694,50.68333410033033,1.2181263560817739,0.028254890012885885,58.47761520251984,0.9579812154517713,0.009022259315568016,63.59110159096462,1.9121986076198587,0.011823532640103487,56.125867333640514,0.5000000000000001,0.060887352395452614,60.72087287580815,1.091579487316755,0.004164296798468765,45.545002637470716,0.5000000000000001,0.06187935235955736,112.94988449507105,0.5490413450453737,0.033881359583487244,124.01690954586034,0.5000000000000001,0.009957794572779797,102.82286862126442,4.575775319538682,0.023128665340280182,113.16438472869203,2.6683334754856793,0.014843435811256583,120.22944090586977,1.3504157247810509,0.009987694687843952,131.19786698952512,3.605282968064084,0.010546005627416883,125.67373918181738,0.5000000000000001,0.005482558348233754,86.13875573718668,7.38849660717314,0.011070235519752813,122.20636320591396,0.5000000000000001,1.8,11.382162348877374
averaged,trapped,-0.35,1.8,0,avg,20.0,140.0,14,0.9188096173567647,-2522.776149175238,0.11823317641898512,-0.01930271515020397,53.99735237502782,11.469867785731422,-0.06221687811037401,61.22892814611769,1.13925907735463,-0.04510064908926251,73.39248655892526,0.6680735975694326,-0.02075021520386547,50.447860508485725,1.0635276937776676,-0.028646176718328597,58.91576689824406,1.1603094421079108,-0.004864925564935756,76.37852120207037,1.6276275256215897,-0.0076010839664129625,55.925537505357966,0.5211398856810554,-0.05363795333512379,112.948630254352,0.5104441718599506,-0.005388292953064985,103.88172568442315,3.7545569793960745,-0.0313035952986722,124.01484020458882,0.5000000000000001,-0.022198360046530016,112.8803099563532,1.9750379654633667,-0.007191913751728031,131.60956864062135,2.5522648512362363,-0.011567831993576307,120.38174659567224,2.077275026177589,-0.00803668901556146,125.82278430187222,0.5000000000000001,,,,,,,,,,,,,1.8,11.382162348877374
averaged,lost,-0.35,2.0,0,avg,20.0,140.0,18,0.9947727703667888,-3164.912567353745,0.014196830638296399,0.01932252802103686,50.16511886628899,0.5000000000000001,0.03363417700667587,62.082773375054785,0.9949030428150812,0.02609382429300017,74.99003971484828,0.5000000000000001,0.023302716875212307,59.46833384082992,5.01603151582892,0.02954358963141357,60.291691828204414,1.4382490196179936,0.02315578458302914,50.69182588489296,1.5384902406202834,0.014664365574360655,73.81544845800444,0.5488852266874387,0.012464213262734678,45.73721302728617,1.777123361798984,0.00616264681705428,39.84801066044161,3.505966412933784,0.050094984792271396,113.69065389449706,0.5480425329106356,0.019120193012087568,125.28181429789055,0.5000000000000001,0.004565747130968151,131.75181951003916,2.6886397854474255,0.028980885054881247,113.50220446401723,1.607853291673625,0.005064109643393185,101.10777571270245,0.5000000000000001,0.0036221063637783294,88.39807661341948,2.5523650287910598,0.005975885847735251,104.19573879497541,6.166429285161682,0.008848210471512708,126.92022401336718,0.6745411326629548,0.010405018827528612,121.49068844673226,2.6956975655656557,2.0,11.469265544041452
averaged,trapped,-0.35,2.0,0,avg,20.0,140.0,18,0.9721654808455699,-2777.1499283013004,0.11783838464071027,-0.02134464914803504,50.11555210116129,0.5000000000000001,-0.025054603716105694,62.624790820844524,0.5000000000000001,-0.04305867244941206,74.66213306020862,0.9162619978722715,-0.019062893648537596,52.690570380884516,13.610696154520504,-0.01963004861119082,61.42691442916349,0.5000000000000001,-0.015066863852029459,50.778043211048455,1.072247623776025,-0.04089349813214844,60.64298342320995,1.9314518575789514,-0.004253795817356079,81.99999999999999,2.9871042842369095,-0.003403587331977885,28.52372653198853,2.558792612830956,-0.04842146120242269,113.66517438994028,0.6103107247861909,-0.018530082943945456,125.27534496334064,0.5000000000000001,-0.011603504809461526,121.21813196899433,2.9112754425352447,-0.02526702364774109,113.31436989745539,1.9446602920247693,-0.0076996995238192015,101.20639113095905,2.1070810462499225,-0.004869101558444341,90.86315584650563,7.788099504233242,-0.007270813707553127,131.69514339707817,4.088706039442578,-0.0072530390512084465,126.58528672283896,0.5302794885286397,-0.007373970609411952,106.5652584289004,1.8112670039753038,2.0,11.469265544041452
averaged,lost,-0.35,2.2,0,avg,20.0,140.0,17,0.9884754788200214,-2961.9297793494243,0.016911112028241086,0.03288094275655651,50.57980776514942,0.5000000000000001,0.031253605206036775,63.32444837651611,0.5000000000000001,0.028238755534644694,75.68755575897605,0.5000000000000001,0.014206930154785186,54.70420719584324,10.453557259327207,0.02580872285954867,62.032307772580275,0.741421592862867,0.03748081166587307,61.30076697339497,2.247959976921862,0.011806658105923242,51.13961884951248,1.2599662178932516,0.013185760007589406,74.58077349336303,0.5741506786529883,0.06950065260025036,115.01492074659204,0.5000000000000001,0.018477716811100327,126.89509792324458,0.5000000000000001,0.009092185548905786,124.15909153254177,3.8192356878586895,0.03867394644502085,113.94431898875274,0.5000000000000001,0.005355793429169162,101.2276922690243,1.7031230705617555,0.013518720306522734,112.74298417181868,0.73358683945194,0.003618008117929614,107.40040376892163,4.130848098807664,0.0026229854481520654,89.52315681293643,1.5181579963941976,0.010409762473204685,116.50309740749447,0.6432165545321696,,,,2.2,11.535101036269431
averaged,trapped,-0.35,2.2,0,avg,20.0,140.0,18,0.9570298273367411,-2651.462357188165,0.11865666735370689,-0.03565064830158704,50.556971734869855,0.5000000000000001,-0.03269507808450828,63.335992295750025,0.5000000000000001,-0.04104945582061024,75.36098101919754,0.8418942309345743,-0.00551996225712889,36.789427617596374,1.826265685708906,-0.03380238168019129,61.95305024825614,1.0097586909690086,-0.031315756126779545,60.72796376886494,3.3474727614181066,-0.00723363121998562,72.19096677636816,27.763376274008774,-0.01619685972116526,51.324842681535415,1.7918270940321754,-0.0093011433890402,46.58547443016106,3.6523619747943052,-0.06222261652615452,114.99616028414984,0.5000000000000001,-0.01992611864079264,126.84742014837501,0.5000000000000001,-0.005484133699356485,112.51355740383187,16.95594190208243,-0.03416316832445077,113.92699929039578,0.5000000000000001,-0.006345982953843365,101.02878336765278,1.117575996387855,-0.004405491250403256,123.65056168018577,2.8646240544361508,-0.008973931725103938,112.77093279573509,0.5000000000000001,-0.003949446271870932,88.45677070485486,0.7990686042391754,-0.007055739815070831,116.54545594519661,0.6650115927187007,2.2,11.535101036269431
averaged,lost,-0.35,2.5,0,avg,20.0,140.0,18,0.9919480497948961,-3069.4048298192774,0.016956037448063066,0.021051447900699714,51.24497010325764,0.5000000000000001,0.046971113681523076,64.26625792898143,0.5000000000000001,0.023702553965613583,76.22547166103293,0.9355718082638765,0.004767815675516057,40.76745079259075,3.4151253620722204,0.02312599747207191,63.09202988403975,0.5000000000000001,0.02976856425597274,61.984733208032424,4.311345695977673,0.022813568265819584,51.127712770519764,1.9826418986329746,0.018099354090738495,61.75689773443937,1.2612022097745172,0.009021563704352942,45.99636348818607,1.4879797687523193,0.051892488102741816,116.56067913004829,0.5000000000000001,0.024883878064743854,128.36255450007795,0.5000000000000001,0.02733018954876916,115.28235609843041,0.5000000000000001,0.007629256284586325,130.01011738898148,0.5000000000000001,0.005361018079880457,104.33338767155956,4.466182532435231,0.008298160245409353,139.99999999999997,0.5000000000000001,0.020109407143923896,115.29232836201115,1.8516004098313221,0.003307439095945971,90.03884038322015,1.9179695983352285,0.009491301520327981,124.31842254419587,2.942494547835972,2.5,11.665651122625215
averaged,trapped,-0.35,2.5,0,avg,20.0,140.0,16,-1067.4485508300324,-272.3937325959443,0.5554093623578845,-0.03071754781623412,51.199201986565136,0.8481443543712135,-0.051859753190089564,64.2784401376551,0.5000000000000001,-0.028999259405220624,76.24231243766506,0.8518749511931611,-0.021438958276923534,63.022947220807715,0.5621629347806179,-0.008895436001270383,52.86609640311158,6.940570076522409,-0.034396962580427515,61.692101928199385,1.7729097035654935,-0.8881379228552115,63.26984876361606,350.61601008260936,-0.010352359025937227,66.16742663012812,2.0172232850710725,-0.00793767863077793,57.815758717986185,0.5000000000000001,-0.04729252203162757,116.48961319359269,0.5000000000000001,-0.023534048643970417,128.33260942720926,0.5000000000000001,-0.02206735142394274,115.21661439004743,0.5000000000000001,-0.006512485392383688,123.70412657160541,2.734292408924941,-0.006813598185405686,102.74414856619669,0.9969955144219542,-0.016135960334590967,115.33422749702163,1.6714263836365604,-0.005185470178798303,129.90253350115884,0.5000000000000001,,,,,,,2.5,11.665651122625215
averaged,lost,-0.35,3.0,0,avg,20.0,140.0,18,0.991596517044973,-3087.869525880282,0.02249843870132293,0.014569534143794059,52.298412177794035,0.5000000000000001,0.010737048355257128,64.5935097162858,0.5000000000000001,0.016161160857819185,78.43975700010296,1.0897791443946336,0.039350643677556855,65.64788307923935,0.5000000000000001,0.004849001307480967,40.98169567064534,4.318068713551831,0.006204476083252815,45.76458978591119,1.1198825037684308,0.022825049878766865,63.86032821195729,1.9192146236174286,0.01934700126239803,51.269068693008045,2.3365082793479095,0.024910289678335838,63.2472945934712,4.523118932923796,0.026479044608190293,119.05186374735818,0.5000000000000001,0.017859121148066943,131.18088685895316,0.5000000000000001,0.011788272267422288,127.36999826371813,3.9111957564118764,0.004033867057081903,104.45872257409475,0.578286098676312,0.02192603218200709,117.58320682966144,1.8868101731337064,0.003957515700386539,90.37857466689853,3.787105217282123,0.0049185538664070355,139.85614097458875,0.6949751793903862,0.005456774996777436,106.50708201550825,5.635151879722349,0.034280476744298655,117.84788987752415,0.6399994393476208,3.0,11.878247409326425
averaged,trapped,-0.35,3.0,0,avg,20.0,140.0,14,0.928612696348764,-2644.476645781031,0.11488059961487926,-0.012809957339742653,52.40024690315411,0.5000000000000001,-0.050733616956446244,65.65320405350631,0.5000000000000001,-0.016722682030514063,78.82442844847898,1.3364433605426262,-0.029512676981719197,63.78095691974308,2.7688141592011086,-0.01056188067499845,58.43810567504818,13.179766149530229,-0.012348983777700646,64.32531942776454,0.5186689437905674,-0.014881370543161025,51.43233402990684,1.497663188233101,-0.004403366394674613,84.10732154994002,0.7476042733031916,-0.028002040030251755,119.06588615955884,0.5000000000000001,-0.01758326818686429,131.16928518260954,0.5000000000000001,-0.00726389172184527,126.66246449352023,3.268534615587127,-0.021516379374238368,117.5582806253731,1.5973241610809263,-0.004009235819917662,105.27078709438513,2.8060782104459716,-0.027124890354992996,117.8765647327522,0.5000000000000001,,,,,,,,,,,,,3.0,11.878247409326425
averaged,lost,-0.35,3.6,0,avg,20.0,140.0,14,0.9821006403121937,-2975.2072082575746,0.015940348324392638,0.029253295572096313,65.4071787798558,3.3935391641514987,0.03003827320082268,67.25373769919648,0.5341063393172646,0.0261149445702527,79.93941083580671,0.7076989971343648,0.013112610461443892,53.385259371868166,0.5000000000000001,0.008885950651400491,58.71461393495734,15.670064813566793,0.01068817020099794,51.485835978903275,2.2198418887993614,0.01533778050047869,66.3629057708038,0.7562490153624974,0.04554804543332965,120.59649987723593,0.7002297393174642,0.01594306660352092,133.51768972981014,0.5000000000000001,0.010749629869062725,128.10175786396965,2.5541358518624127,0.02483007553625438,119.53238753309866,1.7625135425652247,0.004619166408171973,107.89150156979542,4.0637540285419265,0.003381079168606511,91.98647008593088,2.444167074489798,0.006204752430860607,131.38651691193837,0.733177899739029,,,,,,,,,,,,,3.6,12.075076424870463
averaged,trapped,-0.35,3.6,0,avg,20.0,140.0,16,0.8857512174182054,-2542.5048523552837,0.11999961188074496,-0.031200512389880787,65.00033307810693,5.002613618200278,-0.02425381215053653,67.24279603592386,0.5000000000000001,-0.024613397074067428,79.99036730830004,0.708759684364629,-0.010767027848393885,53.416787606290995,0.5000000000000001,-0.008986243025565027,81.99826149992846,4.92410080617746,-0.007396097736434519,45.08885287275285,1.3074049488167225,-0.01954126900477483,51.30806056882453,2.6968152857359255,-0.02110893798406476,66.73815881287618,1.205327926575699,-0.004825638243930478,37.83396132094503,5.10707416419897,-0.04076456635380299,120.58930355678457,0.7174724329300279,-0.015399113964363343,133.41617687580592,0.5000000000000001,-0.018939983165577594,119.56969437667912,1.7470316512859148,-0.00611934573751723,131.5532960969893,0.5564242258595314,-0.0034441036452902986,108.04480250361154,4.241482212385886,-0.0033349767480089156,91.43974733776611,2.0684846282238487,-0.00829507362389657,127.91385880827549,2.637487545868197,,,,,,,3.6,12.075076424870463
averaged,lost,-0.35,4.3,0,avg,20.0,140.0,12,0.9686002625746534,-3001.850476583394,0.026526721642608688,0.007232615849643535,54.537678059698024,0.7602094961705048,0.0038511893807054672,74.61330573374308,0.7166291323278383,0.017439977896814878,82.00035033710013,0.6871130057513734,0.015868930746472998,68.96237846302729,0.8370066399435696,0.006527942135044618,52.13027791355856,8.041964918298458,0.0072336449893576705,51.254587020256,1.4122362745294184,0.002208508900942709,85.38304222050658,5.9599332608462445,0.004566021318572101,61.07061876492271,1.0109975301101457,0.028027830432870077,68.52453653725188,3.8946525934548526,0.04209587461561179,124.10421480791945,0.739504025902543,0.014648826404729498,121.97089760353408,1.815244601664481,0.006672459455459116,130.22330229190408,2.771520449421538,,,,,,,,,,,,,,,,,,,4.3,12.356687392055266
averaged,trapped,-0.35,4.3,0,avg,20.0,140.0,13,-6085.073310143439,-59.886317697366,0.8706919260017859,-0.013977061112023792,50.87507454531972,1.2498821275027572,-0.018876756491642454,68.99827346756076,1.1417258430254587,-0.017936329087988707,82.05623686105282,0.6710721957697021,-0.8748706241181381,71.40272471960706,335.4610940832529,-0.018516247693099012,68.39780623718339,4.50070474368238,-0.008910078200000216,54.2907349451149,0.7410088061510469,-0.03284839650493259,124.4279312731778,0.5000000000000001,-0.01265319233541869,122.387469418497,1.9335863407372256,-0.01601642246234821,123.36586059571304,0.5000000000000001,-0.006669654070603036,137.0370166226217,0.5000000000000001,-0.625718578363306,118.07875319105153,177.60484587738335,-0.006072801447906657,131.37117484355952,2.4816989258595563,-0.005323146846543757,93.23374949480927,2.1339467285880165,,,,,,,,,,,,,,,,4.3,12.356687392055266
averaged,lost,-0.35,5.0,0,avg,20.0,140.0,18,0.8793555789548347,-2686.702564262042,0.011905370414740029,0.00860552865803619,50.87848380360703,0.5000000000000001,0.008484949683306523,70.50103246865764,0.6595146033398354,0.003597252736468574,90.43681099013303,7.935434001308602,0.006946173501336592,84.87977768211003,0.5050434809604413,0.0034022852799516843,63.192566789667154,1.833338251362828,0.027521754513219598,71.46508288672956,3.884395392141549,0.007166159783301387,53.21327622568369,1.1775699867004985,0.004823687437975978,53.987037056605566,11.713814952500313,0.003995102167068314,86.28842137184087,1.3310943535256263,0.03461495794827971,126.35630024821302,0.5000000000000001,0.013318357837923981,125.12094402762018,0.5214307825469406,0.010690187088568318,129.30682161708498,13.538716669312546,0.009897163036510009,124.53379853821653,2.2320001204425197,0.004890852710248503,105.61300032842115,0.5000000000000001,0.0026787517725589023,132.28048149633796,0.5000000000000001,0.007960142260342506,94.50000000000001,5.079157907768069,0.004178326337574876,108.09358224482622,3.99759263778657,0.0027504905441236302,101.79881797398393,0.5000000000000001,5.0,12.52724352331606
averaged,trapped,-0.35,5.0,0,avg,20.0,140.0,14,0.026399492639597955,-2208.7864142207018,0.1297592616826506,-0.013440888778086704,70.8971700441008,1.232985873352394,-0.017597094290085526,93.99999999999999,54.12190394790043,-0.009282991476575351,50.79566187740861,0.5000000000000001,-0.007730970292923626,85.92524067314119,1.0724940607901792,-0.006737788337965202,52.388234798333464,3.0322704217304723,-0.007170068527328406,73.96831932232826,0.6029616689714002,-0.014370301664731454,68.58589039847746,3.0609031893334193,-0.012616326519485337,74.43481850749296,2.0152776016228406,-0.004662622812673461,60.886212897704205,0.5732752035286353,-0.03216484582680051,126.26092681162356,0.5202314569555302,-0.013936305791183894,124.95203174163899,2.2550146032222163,-0.004736394820238912,137.02093094521766,0.7068776323288248,-0.004598564565821509,105.23750765739443,0.5000000000000001,-0.003942484309623648,132.21108057637417,1.8936919494263214,,,,,,,,,,,,,5.0,12.52724352331606
averaged,lost,-0.35,6.0,0,avg,20.0,140.0,15,0.9810026789024461,-3208.5651190674216,0.026173410542425148,0.006925617388481215,78.91106709758851,1.3557254419849591,0.007788014663768348,87.09529944570671,0.5470848770036096,0.0051456508124738815,51.73238207388798,0.7464144245094083,0.004303916519137243,88.64418608397756,1.394853216223672,0.009935714171582887,71.91482576334371,5.09304737715677,0.0044176863805887754,53.33079182880759,2.704994353112303,0.017013051086773937,74.84329599103306,2.9774410752508538,0.002773177866969091,45.510667277635825,1.939328518012445,0.002436625555583764,90.26564210187253,4.228399601874298,0.04040535078492573,129.75768219736472,0.5000000000000001,0.011610753931277034,128.40743440915173,0.5447185458487919,0.005323893956282486,133.3362712088467,2.3152483998886626,0.009605128328361707,127.1167024142107,2.3935484296010867,0.0040687029964968325,104.01958017650051,0.5000000000000001,0.003539054683543762,108.18417715411287,0.5052356576252197,,,,,,,,,,6.0,12.812740932642486
averaged,trapped,-0.35,6.0,0,avg,20.0,140.0,9,-2465.7243914665546,-340.93112238863785,0.5661179274886398,-0.867636116325099,82.03474443664146,350.93260203644843,-0.008614132831236824,87.18749196208438,0.5029331494866798,-0.01004471581175288,51.625033796414854,1.4548413219924226,-0.006246880671130647,78.04831645942036,1.0550591049370361,-0.006726079953738522,89.4337798398256,2.4381894997616653,-0.017999114044900212,74.41593027524885,4.19610402788677,-0.04395211098133931,129.7864567083337,0.5000000000000001,-0.010794655233481752,128.25381279759142,0.7548393162557657,-0.006270857149148534,128.6748122568689,5.699184249495132,,,,,,,,,,,,,,,,,,,,,,,,,,,,6.0,12.812740932642486
averaged,lost,-0.35,8.0,0,avg,20.0,140.0,16,0.024518046822953,-2247.9799711215533,0.007146943348078239,0.008451530283474324,52.53048482660159,0.5000000000000001,0.010814057886909713,75.39117986805044,1.9564521525181944,0.009097242137623295,90.83819515352948,1.6810842676103626,0.014991448458560432,99.99999999999999,106.60294172135794,0.00984399315866969,79.30746126774783,0.8682498095594053,0.014340784164260517,75.6545158950805,6.099982388129013,0.0026000661768942252,44.40349220365732,2.2838344238751773,0.004559740035830408,55.400420890425096,0.5000000000000001,0.003810200467343682,52.15578513187826,1.7473567761127116,0.02597148787380595,129.84933950955826,0.568549692340196,0.010024160320277897,131.41073948163614,0.5000000000000001,0.004979372703802376,128.67234091247133,0.5000000000000001,0.004541322786209186,131.41433673502448,5.400451668885609,0.0031649526100401247,109.96976742245299,1.0604332379020005,0.004495035134293742,105.02447783873431,0.5000000000000001,0.00841989629573098,128.4733591817085,2.4615541850633553,,,,,,,8.0,13.015083937823837
averaged,trapped,-0.35,8.0,0,avg,20.0,140.0,14,-879.0699093992681,-537.8100295767923,0.3973980961267364,-0.5276010909022704,95.06791930784189,353.2889306028801,-0.010643108176472923,79.33319632091454,0.7825724165267574,-0.009187952610454572,91.12923273805704,0.5000000000000001,-0.012667734545435396,52.4097093647972,0.760186698939982,-0.017023812651068396,75.51245942698912,4.7026759782206495,-0.008504171010981963,90.51469003756573,2.2559439007035915,-0.003620282195143781,46.472346000962645,1.3733311728277613,-0.005552265553366071,50.466779854787404,0.5772688856356942,-0.005652062824313153,55.121837467506644,0.6066128044142619,-0.018547914885619875,129.8525213601635,0.5000000000000001,-0.01773134192673419,130.43694502754698,1.8927102432990366,-0.01091417686023608,138.92352183749105,2.328310102624971,-0.007704146326343005,127.66424934238847,3.7484920735099223,-0.006073171008898267,134.8523853258485,0.5000000000000001,,,,,,,,,,,,,8.0,13.015083937823837
