Ex,Ey,Ez,ratio_signal,ratio_lost,loading_signal,trapped_signal,lost_signal,time_cost,time_accum,Predicted loading_signal,Detrended_loading_signal
-0.078156313,-0.036472946,0.322244489,0,0.0004702047,31901,0,15,10.941771269,10.941771269,21783.359414,1.4644664945
0.9318637275,0.1503006012,0.6236472946,0,0.0007523478,38546,0,29,12.740911722,23.682682991,21812.008097,1.7671917151
0.1142284569,0.0981963928,0.5819639279,0,0.0001459357,41114,0,6,13.201591253,36.884274244,21841.087024,1.8824154656
0.5350701403,0.1398797595,0.6621242485,0.0000245978,0.0002951739,40654,1,12,13.137640953,50.021915197,21869.413185,1.8589433405
0.5911823647,0.1887775551,0.65250501,0,0.0002902336,41346,0,12,13.4967103,63.518625498,21897.877865,1.8881281672
0.8276553106,0.0188376754,0.1074148297,0,0.0006514272,16886,0,11,6.5671863556,70.085811853,21911.495118,0.7706457231
0.2304609218,0.0653306613,0.5659318637,0,0.0003796123,39514,0,15,12.868971348,82.954783201,21937.737005,1.8011885178
-0.607214429,0.0340681363,-0.261322645,0,0.000440561,13619,0,6,6.1758072376,89.130590439,21950.122477,0.6204521189
0.5110220441,0.1575150301,-0.6749499,0,0.0006945892,14397,0,10,6.0988311768,95.229421616,21962.221196,0.6555347873
0.0701402806,-0.155911824,-0.530661323,0,0.0008034549,9957,0,8,6.1984946728,101.42791629,21974.382834,0.4531185278
-0.254509018,-0.034068136,-0.017635271,0.1058162104,0.0053543939,14941,1581,80,6.5318267345,107.95974302,21987.05144,0.6795363189
0.2985971944,0.1270541082,0.303006012,0,0.0001968375,30482,0,6,10.307271481,118.2670145,22006.735674,1.3851213761
0.0260521042,-0.002805611,-0.537074148,0,0.000672857,14862,0,10,6.2665996552,124.53361416,22018.519604,0.6749772586
-0.0501002,0.2,0.2356713427,0,0.0005593819,28603,0,16,9.6708958149,134.20450997,22036.432537,1.2979868657
0.627254509,-0.075751503,-0.171543086,0,0.0006457381,20132,0,13,7.3729968071,141.57750678,22049.866967,0.9130213815
-0.314629259,-0.050901804,-0.392785571,0.000076858,0.0002305741,13011,1,3,6.1699106693,147.74741745,22060.961479,0.5897748388
0.3947895792,0.1094188377,-0.370340681,0,0.0001853568,16185,0,3,6.506136179,154.25355363,22072.514742,0.7332648857
-0.627254509,-0.079759519,-0.363927856,0,0.0004582111,10912,0,5,6.1696608067,160.42321444,22083.332217,0.4941283269
0.1583166333,0.1511022044,-0.668537074,0,0.0006563115,13713,0,9,6.2200264931,166.64324093,22094.101725,0.6206633866
-0.014028056,0.1775551102,-0.614028056,0,0.0007950275,13836,0,11,6.1631550789,172.80639601,22104.637806,0.6259319932
-0.018036072,0.0412825651,-0.646092184,0,0.0009053871,13254,0,12,6.1357555389,178.94215155,22114.993603,0.5993219007
0.2945891784,0.0853707415,0.2741482966,0,0.0005136766,31148,0,16,10.524154902,189.46630645,22132.446004,1.4073455774
0.3466933868,0.145490982,0.6364729459,0,0.0002405755,41567,0,10,13.776715994,203.24302244,22154.700175,1.8762158672
-0.611222445,0.122244489,-0.117034068,0,0.0009534403,12586,0,12,6.0904352665,209.33345771,22164.324371,0.5678494769
-0.330661323,-0.178356713,-0.052905812,0.0000770001,0.0003850004,12987,1,5,6.2366342545,215.57009196,22174.043646,0.5856847857
-0.410821643,0.0765531062,-0.008016032,0.0192977754,0.0014071295,14924,288,21,6.2410643101,221.81115627,22183.632117,0.6727482642
0.6513026052,0.0116232465,-0.642885772,0,0.0007424824,16162,0,12,6.3754246235,228.1865809,22193.284776,0.728238301
0.6392785571,-0.134268537,0.1843687375,0,0.00039874,25079,0,10,8.9238507748,237.11043167,22206.554432,1.1293512497
0.7154308617,0.1863727455,-0.341482966,0.0000663218,0.0005968961,15078,1,9,6.2578499317,243.3682816,22215.691778,0.6787094523
-0.815631263,-0.049298597,-0.110621242,0,0.0010926206,11898,0,13,6.0880260468,249.45630765,22224.448246,0.5353563728
-0.975951904,-0.108617234,0.2645290581,0.0000713114,0.0004278685,14023,1,6,6.1587324142,255.61504006,22233.173036,0.6307241876
-0.046092184,0.0845691383,0.4761523046,0,0.0005165289,36784,0,19,12.434372663,268.04941273,22250.379408,1.6531852929
-0.635270541,-0.060521042,0.1458917836,0,0.0005621487,16010,0,9,6.4592216015,274.50863433,22259.101713,0.7192563387
0.7074148297,0.1118236473,-0.694188377,0,0.0004598305,15223,0,7,6.2484345436,280.75706887,22267.398969,0.6836451811
0.4428857715,-0.180761523,-0.60761523,0,0.0005115613,9774,0,5,6.1721644402,286.92923331,22275.459382,0.4387788298
-0.194388778,-0.169539078,0.6781563126,0,0.0003993079,37565,0,15,12.527137756,299.45637107,22291.404714,1.6851786813
-0.306613226,0.002004008,0.5563126253,0,0.0005306033,32039,0,17,10.884928465,310.34129953,22304.809101,1.4364166873
-0.01002004,-0.199198397,-0.152304609,0,0.0006070417,14826,0,9,6.2120890617,316.5533886,22312.271248,0.6644774006
-0.551102204,0.1895791583,-0.101002004,0.0000869868,0.0005219207,11496,1,6,6.1436207294,322.69700933,22319.516916,0.5150649113
-0.891783567,-0.17755511,-0.08496994,0.0000847529,0.0005932706,11799,1,7,6.226760149,328.92376947,22326.724429,0.5284698182
0.8597194389,0.0997995992,0.0849699399,0.0000626056,0.0003130282,15973,1,5,6.3964395523,335.32020903,22333.985564,0.7151880686
0.0981963928,-0.03246493,0.4729458918,0,0.00019393,41252,0,8,13.587610245,348.90781927,22348.929838,1.8458154506
-0.446893788,-0.125450902,0.1170340681,0.0000556483,0.000556483,17970,1,10,6.9501633644,355.85798264,22356.321532,0.8037994969
-0.486973948,-0.090180361,-0.056112224,0,0.0003687044,13561,0,5,6.1233079433,361.98129058,22362.692283,0.6064117785
0.0821643287,0.1342685371,-0.068937876,0,0.0005314343,18817,0,10,6.9751493931,368.95643997,22369.787736,0.8411791932
-0.054108216,-0.070140281,-0.075350701,0.0016692749,0.0038080334,19170,32,73,7.1700985432,376.12653852,22376.902152,0.8566869475
0.1102204409,-0.164729459,-0.091382766,0,0.0006079027,18095,0,11,6.859849453,382.98638797,22383.538539,0.8084065872
0.5310621242,-0.196793587,0.4665330661,0,0.0004548284,41774,0,19,13.739055157,396.72544312,22396.329584,1.8652163447
-0.927855711,0.1014028056,0.50501002,0.0000443794,0.0004437935,22533,1,10,8.277828455,405.00327158,22403.713951,1.0057707418
-0.887775551,-0.187174349,0.4921843687,0,0.0005662268,22959,0,13,8.3699142933,413.37318587,22410.934066,1.0244552919
-0.935871743,0.1158316633,-0.52745491,0,0.0007736611,11633,0,9,6.2155981064,419.58878398,22416.135497,0.5189565347
0.503006012,0.0869739479,0.1619238477,0,0.0004166493,24001,0,10,8.7509157658,428.33969975,22423.226971,1.0703633349
0.0140280561,-0.103807615,0.5691382766,0,0.0003743356,40071,0,15,13.169301748,441.50900149,22433.3885,1.7862214618
0.7394789579,-0.046092184,-0.081763527,0,0.0006203474,16120,0,10,6.4692490101,447.9782505,22438.155559,0.7184191213
-0.190380762,0.0148296593,-0.049699399,0.0536305554,0.0083943478,21443,1150,180,8.2044751644,456.18272567,22443.988382,0.9554006015
0.2745490982,0.1967935872,-0.601202405,0,0.0006439611,13976,0,9,6.2237532139,462.40647888,22448.254255,0.6225873888
-0.30260521,0.149498998,-0.35751503,0,0.0004678206,14963,0,7,6.3019750118,468.70845389,22452.434156,0.6664310825
0.7795591182,0.1038076152,-0.270941884,0.0000642921,0.000450045,15554,1,7,6.4447607994,475.15321469,22456.563494,0.6926260113
0.4188376754,0.0597194389,-0.719839679,0,0.0005979272,15052,0,9,6.2284851074,481.3816998,22460.414676,0.6701568167
0.1983967936,-0.062124248,-0.235671343,0,0.0002718278,18394,0,5,6.9678339958,488.3495338,22464.560412,0.8188007983
0.1462925852,0.0973947896,0.3639278557,0,0.0003975691,35214,0,14,11.809701443,500.15923524,22471.194834,1.5670728798
0.3587174349,-0.175951904,-0.386372745,0,0.0007032798,15641,0,11,6.3071813583,506.4664166,22474.536004,0.6959431775
0.8076152305,-0.183166333,-0.033667335,0,0.0005435964,18396,0,10,6.9801592827,513.44657588,22478.069669,0.818397677
0.879759519,-0.15751503,0.1298597194,0,0.0004483635,20073,0,9,7.5070316792,520.95360756,22481.677745,0.8928604096
-0.867735471,0.0420841683,0.5210420842,0,0.000334714,23901,0,8,8.608733654,529.56234121,22485.569996,1.0629483711
-0.903807615,0.021242485,-0.50501002,0,0.0009199632,11957,0,11,6.2165365219,535.77887774,22488.217695,0.5317006515
-0.146292585,-0.163927856,0.5018036072,0.0000515677,0.0004641089,38784,2,18,12.847256422,548.62613416,22493.256403,1.7242501177
-0.382765531,-0.006012024,0.1362725451,0.0039655264,0.0010574737,18913,75,20,7.2280058861,555.85414004,22495.834644,0.8407334202
-0.915831663,-0.107815631,0.4793587174,0.0000446708,0.0006253909,22386,1,14,8.1541233063,564.00826335,22498.521434,0.9949987187
0.5551102204,0.1022044088,0.4280561122,0.0000302526,0.000544547,33055,1,18,11.096539259,575.10480261,22501.80001,1.468993591
-0.058116232,-0.167134269,-0.283767535,0,0.0002793491,14319,0,4,6.2675528526,581.37235546,22503.459369,0.6363021687
-0.278557114,-0.153507014,-0.415230461,0,0.0010826416,11084,0,12,6.1026098728,587.47496533,22504.941567,0.4925140537
-0.49498998,-0.111022044,-0.623647295,0,0.0006901992,10142,0,7,6.2661373615,593.7411027,22506.32643,0.4506288501
-0.919839679,0.0036072144,0.3350701403,0,0.0003959024,20207,0,8,7.3713297844,601.11243248,22507.777784,0.8977785454
-0.911823647,-0.173547094,0.2420841683,0.0000714031,0.0009282399,14005,1,13,6.2399830818,607.35241556,22508.856194,0.6221995413
0.9158316633,-0.111823647,0.1523046092,0.0000535676,0.0003214056,18668,1,6,7.1901090145,614.54252458,22509.928051,0.8293229529
-0.126252505,0.1671342685,-0.8,0,0.000850998,12926,0,11,6.2250242233,620.7675488,22510.708366,0.574215604
-0.270541082,0.0260521042,-0.575551102,0,0.0011104531,13508,0,15,6.2217774391,626.98932624,22511.351333,0.6000528267
0.4749498998,0.071743487,-0.014428858,0,0.0003910178,17902,0,7,6.9421892166,633.93151546,22511.907146,0.7952236069
0.1543086172,-0.037274549,0.7743486974,0.0000241057,0.0002892682,41484,1,12,13.559311152,647.49082661,22512.501176,1.8427095095
-0.426853707,-0.038877756,-0.251703407,0,0.0003728097,16094,0,6,6.4416103363,653.93243694,22512.555553,0.7148899627
-0.374749499,-0.078156313,0.0529058116,0.0016039482,0.0004935225,16210,26,8,6.4253513813,660.35778832,22512.463596,0.7200455841
0.4348697395,0.0404809619,0.7839679359,0.0000245224,0.000343314,40779,1,14,13.344116688,673.70190501,22511.806126,1.8114495022
-0.735470942,0.1198396794,0.3831663327,0,0.0003833821,28692,0,11,9.8479235172,683.54982853,22510.91704,1.2745815708
-0.294589178,-0.175150301,0.376753507,0,0.0003198294,28140,0,9,9.9269340038,693.47676253,22509.673691,1.2501291838
0.2424849699,0.0132264529,0.5947895792,0,0.000538042,40889,0,22,13.62514925,707.10191178,22507.399683,1.8166914248
-0.20240481,-0.099799599,-0.681362725,0,0.0008198961,10977,0,9,6.2261564732,713.32806826,22506.14199,0.4877335265
0.3106212425,-0.191182365,0.1042084168,0,0.0003284072,21315,0,7,7.816999197,721.14506745,22504.368826,0.9471494253
-0.947895792,-0.01002004,-0.248496994,0,0.0008464794,12995,0,11,6.2354741096,727.38054156,22502.799458,0.5774837048
-0.871743487,0.1919839679,-0.514629259,0.000080795,0.0005655652,12377,1,7,6.1970160007,733.57755756,22501.10353,0.5500619107
-0.370741483,-0.144689379,0.6268537074,0,0.0003177905,34614,0,11,11.574387074,745.15194464,22497.572251,1.5385660112
0.995991984,-0.133466934,-0.226052104,0.0000970921,0.0008738288,20599,2,18,7.6255536079,752.77749825,22494.986838,0.915715139
0.3667334669,0.1687374749,-0.508216433,0,0.0012728314,15713,0,20,6.443123579,759.22062182,22492.64203,0.6985840071
0.4308617234,-0.167935872,-0.004809619,0.0000528318,0.0004754861,18928,1,9,7.1516394615,766.37226129,22489.867451,0.8416234574
0.4789579158,-0.058917836,-0.764729459,0,0.0004308178,13927,0,6,6.2850768566,772.65733814,22487.27973,0.6193279119
0.2625250501,-0.143887776,-0.306212425,0.0000590563,0.0004724502,16933,1,8,6.6576764584,779.3150146,22484.386226,0.7531003884
-0.286573146,0.0749498998,-0.751903808,0,0.0005513113,12697,0,7,6.2587988377,785.57381344,22481.523125,0.5647749011
0.6152304609,-0.051703407,0.7326653307,0,0.0004129139,38749,0,16,12.628686428,798.20249987,22475.324315,1.7240685588
-0.595190381,-0.19759519,-0.604408818,0,0.0010984183,9104,0,10,6.2497417927,804.45224166,22472.047983,0.4051255145
0.8877755511,0.0725450902,0.7935871743,0.0000244726,0.0002936714,40862,1,12,13.290629387,817.74287105,22464.621331,1.8189489775
-0.567134269,0.1238476954,0.7358717435,0.0000328429,0.0001970573,30448,1,6,10.421329021,828.16420007,22458.361039,1.3557534295
-0.667334669,-0.185571142,0.0945891784,0.0000704821,0.0007753031,14188,1,11,6.1534249783,834.31762505,22454.484205,0.6318559745
0.3827655311,-0.0749499,-0.626853707,0,0.0004630242,15118,0,7,6.3465595245,840.66418457,22450.345405,0.6733972118
0.4228456914,0.0308617234,0.2068136273,0,0.0003176494,25185,0,8,8.8147406578,849.47892523,22444.360698,1.1221081473
0.1663326653,0.1879759519,0.0496993988,0,0.0007458405,17430,0,13,7.0099182129,856.48884344,22439.405204,0.7767585567
-0.883767535,0.1943887776,0.2132264529,0.0000629644,0.0004407505,15882,1,7,6.5373055935,863.02614903,22434.627204,0.7079235084
-0.631262525,0.0012024048,0.7166332665,0,0.0006970942,27256,0,19,9.5425732136,872.56872225,22427.381369,1.2153001526
-0.643286573,0.1719438878,0.4344689379,0.0000317521,0.0005080333,31494,1,16,10.747201204,883.31592345,22418.835242,1.4048009034
0.7034068136,0.0492985972,-0.588376754,0,0.0004061738,17234,0,7,6.7846307755,890.10055423,22413.229795,0.7689208631
-0.310621242,-0.11743487,0.7711422846,0,0.0003817627,36672,0,14,12.43400526,902.53455949,22402.534281,1.6369576558
0.9118236473,-0.041282565,-0.75511022,0.0000656082,0.0004592573,15242,1,7,6.4128434658,908.94740295,22396.804341,0.6805435172
0.0621242485,0.1583166333,-0.354308617,0,0.0005775339,13852,0,8,6.3321869373,915.27958989,22391.003758,0.6186413146
0.623246493,0.1046092184,-0.37995992,0,0.0002689076,14875,0,4,6.3943305016,921.67392039,22385.002346,0.664507413
0.2785571142,-0.098997996,-0.716633267,0,0.000565931,12369,0,7,6.2377300262,927.91165042,22379.008576,0.5527054498
0.5951903808,-0.066933868,0.3158316633,0,0.0003778433,26466,0,10,9.391071558,937.30272198,22369.725252,1.1831169003
0.6673346693,-0.101402806,0.5274549098,0.0000259457,0.0003632401,38542,1,14,12.682008743,949.98473072,22356.69374,1.7239579541
0.3426853707,-0.090981964,0.0304609218,0,0.0006140306,19543,0,12,7.8190176487,957.80374837,22348.375778,0.8744707085
-0.390781563,0.025250501,0.2613226453,0,0.0006296486,25411,0,16,9.3488688469,967.15261722,22338.146526,1.1375608075
0.5631262525,-0.113426854,-0.142685371,0,0.0003725981,18787,0,7,7.3044755459,974.45709276,22329.939082,0.8413368228
-0.070140281,0.1142284569,0.7583166333,0,0.0004221091,42643,0,18,14.202311277,988.65940404,22313.440971,1.9110902731
0.3266533066,0.0468937876,0.6749498998,0,0.0002975748,40326,0,12,13.540555716,1002.1999598,22297.047309,1.8085802771
-0.543086172,0.1847695391,-0.783967936,0,0.0002386635,12570,0,3,6.2694876194,1008.4694474,22289.237165,0.5639493136
-0.102204409,-0.098196393,0.0368737475,0.0506387921,0.0113240418,17220,872,195,7.0332791805,1015.5027266,22280.310087,0.772879728
-0.527054108,0.0893787575,0.6108216433,0,0.0002140935,32696,0,7,11.094316959,1026.5970435,22265.872851,1.4684355838
0.5230460922,0.09498998,0.7871743487,0.0000232585,0.0002093267,42995,1,9,14.195181608,1040.7922251,22246.765594,1.9326404918
0.1783567134,-0.082965932,0.3735470942,0,0.0003348588,35836,0,12,12.117168665,1052.9093938,22229.891623,1.6120636397
-0.006012024,-0.193587174,0.469739479,0,0.000497364,40212,0,20,13.376812458,1066.2862062,22210.660464,1.8104819559
-0.675350701,-0.088577154,0.3671342685,0,0.0004631345,21592,0,10,7.9676926136,1074.2538989,22198.904986,0.972660589
0.5430861723,0.0685370741,0.2901803607,0,0.0005342237,29950,0,16,10.59500289,1084.8489017,22182.925413,1.3501375243
0.6953907816,-0.104609218,0.3703406814,0.0000323887,0.0004534413,30875,1,14,10.84697032,1095.6958721,22166.154539,1.3928893235
0.1342685371,-0.086973948,0.5082164329,0.0000259282,0.0002333541,38568,1,9,12.895471096,1108.5913432,22145.674999,1.7415590178
0.9398797595,-0.184769539,-0.312625251,0,0.0003924647,17836,0,7,6.8778996468,1115.4692428,22134.511586,0.8058004773
0.74749499,-0.020440882,0.0400801603,0,0.000710499,18297,0,13,7.0110867023,1122.4803295,22122.959804,0.8270593158
0.1182364729,0.0821643287,0.1651302605,0.0000370069,0.0005180964,27022,1,14,9.6687848568,1132.1491144,22106.743894,1.2223419301
-0.334669339,0.1647294589,-0.713426854,0,0.0004389173,13670,0,6,6.3444149494,1138.4935293,22095.923767,0.618666146
-0.206412826,0.1815631263,0.4633266533,0,0.0004487197,35657,0,16,12.176989555,1150.6705189,22074.757614,1.6152838741
-0.142284569,-0.195991984,0.0817635271,0.0000500025,0.000700035,19999,1,14,7.3783700466,1158.0488889,22061.677319,0.9065040573
-0.703406814,0.0100200401,-0.707014028,0.0000846812,0.0004234059,11809,1,5,6.2436358929,1164.2925248,22050.458271,0.5355444252
-0.819639279,-0.141482966,0.5531062124,0,0.0003937318,25398,0,10,9.1340763569,1173.4266012,22033.797073,1.1526837574
-0.086172345,-0.13987976,0.3478957916,0,0.0003147984,34943,0,11,11.823392391,1185.2499936,22011.792203,1.5874672847
-0.93987976,0.0565130261,-0.591583166,0,0.0004224757,11835,0,5,6.3148472309,1191.5648408,21999.836906,0.5379585335
0.7915831663,-0.152705411,-0.453707415,0.000060573,0.0004845842,16509,1,8,6.5603978634,1198.1252387,21987.267367,0.7508436462
0.3306613226,-0.011623246,0.7070140281,0,0.0001983143,40340,0,8,13.522283077,1211.6475217,21960.878837,1.8369028079
-0.76753507,0.0933867735,0.6909819639,0.000041834,0.0007948461,23904,1,19,8.7170231342,1220.3645449,21943.524889,1.0893418501
0.2665330661,-0.160721443,0.5146292585,0,0.000262605,41888,0,11,13.955052376,1234.3195972,21915.183532,1.911368889
-0.875751503,0.0044088176,-0.126653307,0,0.0006231986,12837,0,8,6.2634115219,1240.5830088,21902.239217,0.5861044559
0.8316633267,-0.061322645,-0.428056112,0,0.0003383408,14778,0,5,6.367487669,1246.9504964,21888.93759,0.6751355537
0.002004008,0.1711422846,-0.184368737,0,0.0007564817,14541,0,11,6.3481781483,1253.2986746,21875.533558,0.6647152154
-1,-0.191983968,-0.620440882,0,0.0006552364,9157,0,6,6.1347379684,1259.4334126,21862.444783,0.4188461122
0.5871743487,0.1422845691,-0.200400802,0,0.0006248438,16004,0,10,6.5112771988,1265.9446898,21848.407035,0.7325019153
-0.418837675,-0.010821643,0.745490982,0.0000312461,0.000343707,32004,1,11,10.992892742,1276.9375825,21824.36705,1.4664342809
-0.082164329,-0.130260521,0.6172344689,0.0000250006,0.00040001,39999,1,16,13.438767433,1290.3763499,21794.397665,1.8352881605
0.0460921844,-0.109418838,-0.787174349,0,0.0010212766,11750,0,12,6.3107280731,1296.687078,21780.10391,0.5394831929
-0.879759519,-0.123847695,0.7134268537,0,0.0005134788,23370,0,12,8.5387134552,1305.2257915,21760.539568,1.0739623403
0.5511022044,-0.013226453,0.5402805611,0.0000542505,0.0002712526,36866,2,10,12.345553875,1317.5713453,21731.796872,1.696408273
-0.991983968,0.0669338677,0.7551102204,0,0.0006443645,18623,0,12,7.199819088,1324.7711644,21714.785538,0.8576184171
0.875751503,0.0837675351,0.2388777555,0.0000409366,0.0004912396,24428,1,12,8.845518589,1333.616683,21693.634859,1.1260445821
0.370741483,0.1991983968,0.2452905812,0,0.0003335681,26981,0,9,9.5359418392,1343.1526248,21670.523336,1.2450553031
0.1422845691,0.1230460922,0.2709418838,0,0.00019338,31027,0,6,10.748252869,1353.9008777,21644.088097,1.4335092271
-0.851703407,-0.082164329,0.7615230461,0,0.0003686636,21700,0,8,7.998717308,1361.899595,21624.150155,1.0035076451
0.2104208417,-0.190380762,-0.690981964,0,0.0004801229,10414,0,5,6.3018629551,1368.201458,21608.282502,0.4819448283
-0.022044088,-0.122244489,0.1138276553,0.0009437969,0.0016044547,21191,20,34,7.8127484322,1376.0142064,21588.415543,0.9815912594
-0.250501002,0.0589178357,0.6813627255,0,0.0002165733,36939,0,8,12.300650597,1388.314857,21556.698845,1.7135740619
-0.795591182,-0.038076152,-0.700601202,0,0.0004596856,10877,0,5,6.2749214172,1394.5897784,21540.313113,0.504960162
0.1703406814,-0.194388778,0.3863727455,0,0.0002497087,36042,0,9,12.244816542,1406.834595,21507.937161,1.6757534547
-0.362725451,-0.069338677,0.7775551102,0,0.0005588327,32210,0,18,11.149348497,1417.9839435,21477.996452,1.4996743328
-0.4749499,-0.119839679,-0.424849699,0,0.0006327612,12643,0,8,6.3487083912,1424.3326519,21460.751046,0.5891219731
0.9238476954,-0.034869739,0.5883767535,0,0.0003125444,35195,0,11,11.950305223,1436.2829571,21427.902964,1.6424845706
-0.422845691,0.1190380762,-0.245290581,0.0000721449,0.0009378833,13861,1,13,6.3585128784,1442.64147,21410.219309,0.6474011219
0.254509018,-0.045290581,-0.059318637,0.0000529297,0.0004763669,18893,1,9,7.177107811,1449.8185778,21390.087273,0.8832596034
0.9278557114,-0.001202405,0.3286573146,0,0.0003798959,26323,0,10,9.3763623238,1459.1949401,21363.511786,1.2321476105
-0.470941884,0.1663326653,0.3607214429,0,0.0003960082,25252,0,10,9.2407712936,1468.4357114,21337.016389,1.1834831796
-0.70741483,0.05250501,-0.434468938,0.0000703977,0.000563182,14205,1,8,6.3428115845,1474.778523,21318.655315,0.6663178231
0.7595190381,-0.018036072,0.6044088176,0,0.0005360493,37310,0,20,12.531249285,1487.3097723,21281.961808,1.7531278524
-0.655310621,-0.086172345,0.6012024048,0,0.0003701647,27015,0,10,9.5297160149,1496.8394883,21253.685508,1.2710736681
-0.95991984,-0.087775551,-0.412024048,0.0000832639,0.0008326395,12010,1,10,6.2912333012,1503.1307216,21234.842333,0.5655798998
0.4669338677,0.1350701403,0.4569138277,0,0.0002571091,38894,0,10,13.13854146,1516.269263,21195.03904,1.8350520575
0.3987975952,0.0629258517,-0.258116232,0.000063678,0.0005731024,15704,1,9,6.4485793114,1522.7178423,21175.279673,0.7416194847
0.4468937876,-0.006813627,0.174749499,0,0.0003443082,23235,0,8,8.4480042458,1531.1658466,21149.171245,1.0986246095
0.0741482966,0.1286573146,-0.469739479,0.0000671186,0.0002013558,14899,1,3,6.371984005,1537.5378306,21129.311737,0.7051341845
0.8557114228,-0.105410822,0.524248497,0.0000300915,0.0004814636,33232,1,16,11.314000368,1548.851831,21093.695649,1.5754470224
-0.755511022,0.0885771543,-0.48256513,0,0.0004775169,12565,0,6,6.274135828,1555.1259668,21073.749747,0.5962394045
-0.951903808,-0.019639279,-0.036873747,0,0.0004893565,12261,0,6,6.3559813499,1561.4819481,21053.401696,0.5823761963
0.4909819639,0.0813627255,-0.421643287,0,0.0004081633,14700,0,6,6.2909450531,1567.7728932,21033.121163,0.6988976998
0.7234468938,-0.048496994,0.1971943888,0,0.0004516304,22142,0,10,8.2018711567,1575.9747643,21006.470054,1.0540562
0.7675350701,0.0645290581,0.0048096192,0,0.0002952117,16937,0,5,6.7297196388,1582.704484,20984.424854,0.807122431
-0.575150301,0.1911823647,-0.25490982,0,0.0010909701,11916,0,13,6.3438079357,1589.0482919,20963.497164,0.5684166104
-0.523046092,0.0244488978,0.395991984,0,0.0003082852,25950,0,8,9.1281385422,1598.1764305,20933.13446,1.2396614587
-0.170340681,0.075751503,0.2933867735,0.004681238,0.0085878827,29693,139,255,10.586758852,1608.7631893,20897.550903,1.420884205
0.1823647295,0.1374749499,0.4056112224,0,0.0003926599,38201,0,15,12.954973698,1621.718163,20853.468139,1.8318775441
0.2264529058,0.1983967936,0.726252505,0.000048846,0.0002930761,40945,2,12,13.556657076,1635.2748201,20806.702434,1.9678755021
0.7635270541,-0.11503006,0.0176352705,0,0.0004004806,17479,0,7,6.8269941807,1642.1018143,20782.905623,0.8410277329
0.8517034068,-0.09258517,-0.447294589,0,0.0010221216,13697,0,14,6.3678319454,1648.4696462,20760.560731,0.6597605998
0.9639278557,-0.115831663,-0.565931864,0,0.0002763576,14474,0,4,6.3731145859,1654.8427608,20738.053716,0.6979439922
0.4549098196,0.1326653307,-0.072144289,0,0.0003221857,15519,0,5,6.505623579,1661.3483844,20714.930579,0.7491697808
-0.26252505,-0.100601202,0.4312625251,0,0.0003558339,28103,0,10,9.7918691635,1671.1402535,20679.844844,1.3589560373
-0.659318637,0.0965931864,0.0689378758,0,0.0006764652,16261,0,11,6.5509843826,1677.6912379,20656.182364,0.7872219422
0.9799599198,0.172745491,0.1234468938,0,0.000276993,18051,0,5,6.9596295357,1684.6508675,20630.877564,0.8749506629
-0.53507014,-0.168737475,0.2549098196,0,0.0005055896,17801,0,9,7.0800290108,1691.7308965,20604.959225,0.8639182347
0.378757515,0.0172344689,-0.761523046,0,0.0004867872,14380,0,7,6.3221905231,1698.053087,20581.665323,0.6986801007
0.751503006,0.006012024,0.4953907816,0,0.0002668303,37477,0,10,12.530113459,1710.5832005,20535.080817,1.8250232533
-0.983967936,0.1054108216,-0.793587174,0,0.0009078529,11015,0,10,6.3095812798,1716.8927817,20511.412828,0.5370181027
0.3146292585,-0.096593186,-0.136272545,0,0.0002352388,17004,0,4,6.7501966953,1723.6429784,20485.93615,0.8300328516
0.1943887776,0.0541082164,-0.678156313,0,0.0006963788,14360,0,10,6.2214767933,1729.8644552,20462.312263,0.7017779719
0.6072144289,0.0156312625,-0.40240481,0.0000702691,0.0003513457,14231,1,5,6.3436906338,1736.2081459,20438.08336,0.696298168
0.3386773547,0.130260521,-0.238877756,0,0.0004927495,14206,0,7,6.2290151119,1742.437161,20414.153957,0.6958897258
0.9599198397,-0.094188377,-0.020841683,0,0.000642302,15569,0,10,6.4955298901,1748.9326909,20389.054553,0.7635959755
0.8236472946,0.029258517,-0.280561122,0,0.0002728885,14658,0,4,6.3492326736,1755.2819235,20364.376242,0.7197863478
0.619238477,-0.182364729,0.193987976,0.0000434802,0.0005217618,22999,1,12,8.4973781109,1763.7793016,20331.125393,1.1312211968
0.8156312625,0.0076152305,-0.104208417,0,0.0002618487,15276,0,4,6.3712153435,1770.150517,20306.026856,0.7522889686
0.6553106212,-0.150300601,-0.078557114,0,0.0005880047,15306,0,9,6.4846584797,1776.6351755,20280.334006,0.7547212978
0.4629258517,0.1414829659,-0.405611222,0,0.0009534986,13634,0,13,6.3056609631,1782.9408364,20255.207744,0.673110845
0.9038076152,-0.046893788,0.7294589178,0,0.0002806466,35632,0,10,12.077464581,1795.018301,20206.689882,1.7633763971
-0.603206413,-0.172745491,-0.168336673,0,0.0003406575,11742,0,4,6.2972640991,1801.3155651,20181.187757,0.5818289856
0.0581162325,-0.120641283,-0.476152305,0,0.0005417118,14768,0,8,6.5022249222,1807.81779,20154.708429,0.7327320091
-0.571142285,0.0380761523,-0.671743487,0,0.0003167063,12630,0,4,6.3230743408,1814.1408644,20128.815262,0.6274586872
-0.066132265,0.1903807615,0.0144288577,0.0190129182,0.0054322623,15095,287,82,6.4502565861,1820.591121,20102.255586,0.750910759
0.8997995992,-0.062925852,0.3094188377,0.0000353469,0.0003534693,28291,1,10,9.9946169853,1830.5857379,20060.810952,1.4102620311
0.2344689379,0.1214428858,-0.742284569,0,0.00044238,13563,0,6,6.3882672787,1836.9740052,20034.135683,0.6769945165
-0.687374749,0.0637274549,0.5755511022,0.0000400032,0.000200016,24998,1,5,9.0089488029,1845.982954,19996.272034,1.2501330227
-0.154308617,-0.004408818,0.229258517,0.046656231,0.0177841551,22998,1073,409,8.998909235,1854.9818633,19958.164021,1.1523104017
-0.563126253,0.0476953908,0.1811623246,0,0.0006884343,20336,0,14,7.6427903175,1862.6246536,19925.573902,1.0205979562
0.1903807615,-0.064529058,-0.687775551,0,0.000728173,13733,0,10,6.3904440403,1869.0150976,19898.165413,0.6901641289
0.9719438878,-0.065330661,-0.149098196,0,0.0004608902,15188,0,7,6.3653514385,1875.3804491,19870.720966,0.7643406611
-0.434869739,-0.002004008,-0.703807615,0,0.0004187605,11940,0,5,6.3343884945,1881.7148376,19843.267764,0.6017154101
-0.462925852,-0.142284569,-0.027254509,0,0.0003207956,12469,0,4,6.3256065845,1888.0404441,19815.711011,0.6292481755
-0.026052104,-0.059719439,-0.501803607,0.0000680828,0.0002723312,14688,1,4,6.3924360275,1894.4328802,19787.71936,0.7422785685
-0.354709419,-0.198396794,0.5595190381,0,0.0006312633,25346,0,16,9.1070187092,1903.5398989,19747.591295,1.2834983073
-0.51503006,0.1703406814,0.780761523,0.0000385505,0.0004240555,25940,1,11,9.7073168755,1913.2472157,19704.495187,1.3164508785
0.6593186373,-0.083767535,-0.030460922,0,0.0002036107,14734,0,3,6.3887794018,1919.6359951,19675.950044,0.7488329645
-0.438877756,-0.151102204,0.4376753507,0.0000404907,0.0002834352,24697,1,7,8.9127802849,1928.5487754,19635.886471,1.257748156
-0.699398798,-0.119038076,-0.69739479,0.0001051304,0.0008410429,9512,1,8,6.2861959934,1934.8349714,19607.460625,0.4851214638
0.0501002004,-0.028456914,-0.399198397,0,0.0002963182,13499,0,4,6.3687794209,1941.2037508,19578.518821,0.6894801452
0.5591182365,-0.146292585,0.3927855711,0,0.0003243828,27745,0,9,9.6942315102,1950.8979824,19534.189719,1.420330221
-0.246492986,-0.15511022,0.0657314629,0.0139795683,0.000844919,13019,182,11,6.3772614002,1957.2752438,19504.846985,0.6674751158
-0.663326653,-0.027655311,0.2805611222,0.0000624454,0.0002497814,16014,1,4,6.37682724,1963.652071,19475.36243,0.8222696783
-0.823647295,-0.171142285,0.6941883768,0.0000586613,0.0004106294,17047,1,7,6.7451734543,1970.3972445,19444.018236,0.8767220743
-0.539078156,-0.016432866,-0.351102204,0,0.000502008,11952,0,6,6.3017587662,1976.6990032,19414.58916,0.6156195169
-0.859719439,0.1759519038,0.046492986,0,0.001663586,10820,0,18,6.2755897045,1982.9745929,19385.142718,0.5581594192
-0.923847695,-0.143086172,-0.174749499,0,0.0006368075,9422,0,6,6.2962014675,1989.2707944,19355.459589,0.4867877178
-0.507014028,0.1182364729,-0.498597194,0,0.0006545574,12222,0,8,6.3571388721,1995.6279333,19325.346932,0.6324336656
0.2024048096,0.044488978,0.3190380762,0,0.0003369726,29676,0,10,10.276783943,2005.9047172,19276.365316,1.5395018466
0.2705410822,0.0709418838,-0.04008016,0,0.0004722391,14823,0,7,6.4391274452,2012.3438447,19245.484556,0.7702066403
0.4268537074,0.1783567134,-0.161923848,0.0001442897,0.0007214487,13861,2,10,6.3382513523,2018.682096,19214.944366,0.7213656067
0.7955911824,-0.078957916,0.0561122244,0.0000677461,0.0004742226,14761,1,7,6.4299798012,2025.1120758,19183.817014,0.7694506255
-0.234468938,0.0805611222,0.5338677355,0.000034132,0.0003754522,29298,1,11,10.257913351,2035.3699892,19133.856035,1.5312125243
-0.847695391,-0.070941884,0.120240481,0,0.0005168493,9674,0,5,6.3373351097,2041.7073243,19102.804186,0.5064177963
0.6833667335,0.0388777555,0.6460921844,0,0.0006648936,33088,0,22,11.319509029,2053.0268333,19046.987114,1.7371776335
0.7755511022,-0.158316633,0.5915831663,0,0.0003658001,41006,0,15,13.649993181,2066.6768265,18979.075601,2.1605899498
0.0861723447,-0.140681363,0.5370741483,0,0.0002403846,37440,0,9,12.646396637,2079.3232231,18915.56912,1.9793218889
-0.114228457,0.1254509018,-0.726252505,0,0.0003928501,10182,0,4,6.3599443436,2085.6831675,18883.417598,0.5392032426
0.9198396794,-0.0501002,0.0016032064,0,0.0002092926,14334,0,3,6.2891492844,2091.9723167,18851.483293,0.7603645707
-0.478957916,-0.066132265,-0.444088176,0,0.0010705492,9341,0,10,6.3619470596,2098.3342638,18819.037019,0.4963590853
0.4068136273,0.0108216433,-0.383166333,0,0.0003808943,13127,0,5,6.3128755093,2104.6471393,18786.69952,0.6987390194
-0.386773547,0.1591182365,0.6396793587,0,0.0004754143,29448,0,14,10.396482706,2115.043622,18733.136685,1.5719737968
0.0100200401,-0.029258517,-0.065731463,0.0074210326,0.0102118483,15766,117,161,6.5186963081,2121.5623183,18699.357279,0.8431305827
0.4028056112,-0.123046092,0.4472945892,0,0.0005866914,32385,0,19,11.331064463,2132.8933828,18640.282879,1.7373663378
-0.198396794,-0.09739479,0.2517034068,0.0000476122,0.0020949388,21003,1,44,7.9799103737,2140.8732932,18598.40719,1.1292902551
0.3026052104,-0.102204409,0.2677354709,0.0000405268,0.0003647416,24675,1,9,8.9684717655,2149.8417649,18551.0751,1.3301115902
-0.587174349,0.0941883768,0.2196392786,0,0.0003675119,16326,0,6,6.6500873566,2156.4918523,18515.79487,0.8817336828
0.0380761523,-0.003607214,-0.274148297,0.0000665735,0.0004660142,15021,1,7,6.437766552,2162.9296188,18481.492057,0.812759054
0.5470941884,-0.116633267,-0.77755511,0.0001012556,0.0005062778,9876,1,5,6.3643827438,2169.2940016,18447.436181,0.5353589465
-0.346693387,0.0236472946,-0.219639279,0.0028401407,0.0012848255,14788,42,19,6.4468710423,2175.7408726,18412.792858,0.8031372597
-0.482965932,0.1599198397,-0.303006012,0,0.0001686483,11859,0,2,6.3591823578,2182.100055,18378.476739,0.6452656642
-0.318637275,-0.05490982,-0.65250501,0,0.0006055101,9909,0,6,6.3422105312,2188.4422655,18344.109758,0.5401733925
-0.831663327,0.1839679359,-0.177955912,0,0.0001720874,11622,0,2,6.3127622604,2194.7550278,18309.761082,0.6347433999
-0.963927856,-0.005210421,-0.774348697,0,0.0002352664,8501,0,2,6.2945661545,2201.0495939,18275.371084,0.4651615533
1,-0.015631263,-0.113827655,0,0.0003854753,12971,0,5,6.3545618057,2207.4041557,18240.511165,0.7111094576
-0.094188377,0.0028056112,0.7038076152,0,0.0004569131,32829,0,15,11.345580816,2218.7497365,18177.916351,1.8059825651
-0.130260521,0.0204408818,0.4024048096,0.0000331983,0.0002987849,30122,1,9,10.482860088,2229.2325966,18119.676625,1.6623916984
-0.511022044,-0.17995992,-0.748697395,0,0.0012765957,7050,0,9,6.333163023,2235.5657597,18084.303086,0.3898408452
-0.967935872,-0.009218437,-0.408817635,0,0.0004662439,10724,0,5,6.302077055,2241.8678367,18048.962367,0.5941615801
0.2144288577,0.1751503006,0.5306613226,0,0.0003440071,34883,0,12,12.002135277,2253.869972,17981.268441,1.939963252
-0.531062124,0.0004008016,-0.610821643,0,0.0003633721,11008,0,4,6.2970736027,2260.1670456,17945.54819,0.6134111861
0.4869739479,-0.044488978,-0.216432866,0,0.000654065,15289,0,10,6.4922072887,2266.6592529,17908.574215,0.8537251384
-0.971943888,-0.043687375,0.6877755511,0,0.0007705644,15573,0,12,6.4609005451,2273.1201534,17871.630547,0.8713810393
0.6472945892,0.0276553106,0.2581162325,0.0000433482,0.0003467857,23069,1,8,8.6291584969,2281.7493119,17822.058438,1.2944071573
0.6032064128,0.1446893788,0.2869739479,0,0.0005284249,22709,0,12,8.3246474266,2290.0739594,17773.986088,1.2776537513
-0.350701403,-0.018837675,0.3318637275,0,0.0005830337,20582,0,12,7.7389080524,2297.8128674,17729.076378,1.1609177805
-0.158316633,0.1543086172,-0.533867735,0,0.0004932994,12163,0,6,6.3174717426,2304.1303391,17692.258387,0.6874758289
-0.28256513,0.1406813627,0.3511022044,0,0.0004842828,22714,0,11,8.3760933876,2312.5064325,17643.225188,1.287406342
0.4829659319,0.1110220441,0.2965931864,0.0000399712,0.0000399712,25018,1,1,8.9475739002,2321.4540064,17590.572473,1.4222391021
0.1623246493,-0.026052104,-0.639679359,0,0.0003525472,11346,0,4,6.4083614349,2327.8623679,17552.687943,0.6463967249
0.4108216433,-0.161523046,-0.213226453,0,0.0003802281,13150,0,5,6.3965671062,2334.258935,17514.728298,0.7507966882
-0.715430862,0.0220440882,0.2164328657,0,0.000488861,14319,0,7,6.4315547943,2340.6904898,17476.415127,0.819332792
-0.090180361,0.0460921844,0.5178356713,0,0.0005078376,29537,0,15,10.195361376,2350.8858511,17415.380965,1.6960295075
0.130260521,0.0332665331,0.4857715431,0,0.0003517411,31273,0,11,10.751482725,2361.6373339,17350.619357,1.8024140439
0.8356713427,0.1679358717,-0.094589178,0,0.000275989,10870,0,3,6.290194273,2367.9275281,17312.540785,0.6278685569
-0.895791583,-0.136673347,-0.578757515,0,0.0007902015,7593,0,6,6.3595573902,2374.2870855,17273.900058,0.4395648912
0.6112224449,0.0557114228,0.1875751503,0,0.0003274752,18322,0,6,7.0973222256,2381.3844078,17230.607775,1.0633403209
-0.619238477,-0.149498998,-0.543486974,0.0001262626,0.0005050505,7920,1,4,6.3790287971,2387.7634366,17191.544926,0.4606915803
0.9358717435,-0.112625251,0.3895791583,0,0.0002672062,26197,0,7,9.4759762287,2397.2394128,17133.251822,1.5290150563
0.374749499,-0.07254509,-0.290180361,0,0.0003810395,13122,0,5,6.3294012547,2403.568814,17094.138516,0.7676315474
0.9759519038,0.1743486974,-0.524248497,0,0.0005447612,11014,0,6,6.3464958668,2409.9153099,17054.777315,0.6458014547
-0.803607214,-0.139078156,-0.293386774,0,0.000660066,9090,0,6,6.4319117069,2416.3472216,17014.741023,0.5342426304
-0.238476954,0.0925851703,0.0753507014,0.0481945253,0.0024752475,13736,662,34,6.4068341255,2422.7540557,16974.715374,0.8092035535
0.498997996,0.0356713427,0.5723446894,0,0.0002610625,30644,0,8,10.818507671,2433.5725634,16906.798984,1.8125252467
-0.591182365,-0.127855711,0.3991983968,0,0.0002298454,17403,0,4,6.8660588264,2440.4386222,16863.480548,1.0319933628
0.3226452906,0.1126252505,0.450501002,0,0.000548062,32843,0,18,11.388687849,2451.8273101,16791.260903,1.9559579349
0.8957915832,0.0092184369,0.7422845691,0,0.0003841352,31239,0,12,10.775418282,2462.6027284,16722.507889,1.8680810443
-0.03006012,0.0701402806,-0.242084168,0,0.0005905678,11853,0,7,6.4218223095,2469.0245507,16681.337889,0.7105545178
-0.166332665,-0.163126253,-0.546693387,0,0.0003174267,9451,0,3,6.3662171364,2475.3907678,16640.380409,0.5679557659
0.0661322645,0.079759519,-0.10741483,0.0001251799,0.0016899293,15977,2,27,6.4820930958,2481.8728609,16598.53016,0.9625551086
-0.899799599,0.0861723447,0.2997995992,0,0.0008445946,16576,0,14,6.6842391491,2488.5571001,16555.219173,1.0012552433
-0.218436874,-0.01242485,-0.155511022,0.0125070661,0.0033210854,14152,177,47,6.5028748512,2495.0599749,16512.931706,0.8570252849
-0.034068136,0.098997996,0.0432865731,0.069565793,0.0173418057,15108,1051,262,6.6958367825,2501.7558117,16469.233152,0.9173469014
-0.322645291,-0.131062124,-0.790380762,0,0.0005819367,8592,0,5,6.4264800549,2508.1822917,16427.143357,0.5230367699
0.6312625251,-0.176753507,-0.299799599,0,0.0003082614,12976,0,4,6.4510660172,2514.6333578,16384.745636,0.7919561456
-0.931863727,0.0549098196,-0.18757515,0,0.0006465915,10826,0,7,6.4015026093,2521.0348604,16342.528165,0.6624434048
0.9438877756,-0.103006012,-0.309418838,0,0.0003795931,13172,0,5,6.3830137253,2527.4178741,16300.288325,0.8080838656
0.3066132265,0.1078156313,-0.011222445,0.0001326876,0.0004644066,15073,2,7,6.5504667759,2533.9683409,16256.790544,0.9271817804
0.8637274549,0.0300601202,0.5627254509,0.000031505,0.0003780599,31741,1,12,11.100560188,2545.0689011,16182.731801,1.9614117314
0.7434869739,-0.147895792,-0.735871743,0,0.0013406024,11189,0,15,6.4279117584,2551.4968128,16139.647962,0.6932617134
0.6432865731,-0.025250501,-0.267735471,0,0.0007401316,12160,0,9,6.2991602421,2557.7959731,16097.285329,0.7554068746
-0.775551102,0.0396793587,-0.181162325,0,0.0000917347,10901,0,1,6.4620523453,2564.2580254,16053.681404,0.6790342804
-0.378757515,-0.09498998,0.6300601202,0,0.0003526646,25520,0,9,9.2105059624,2573.4685314,15991.276504,1.5958700979
-0.995991984,0.1607214429,0.7198396794,0,0.0004065749,17217,0,7,6.8188033104,2580.2873347,15944.883076,1.0797821419
-0.599198397,0.0372745491,0.0240480962,0.0002823264,0.0005646527,14168,4,8,6.3519337177,2586.6392684,15901.518174,0.8909841089
-0.671342685,-0.151903808,-0.347895792,0,0.0004349717,9196,0,4,6.4229001999,2593.0621686,15857.523687,0.5799140005
-0.55511022,0.1150300601,0.4216432866,0,0.0003432592,23306,0,8,8.577401638,2601.6395702,15798.544144,1.4751992201
-0.519038076,0.0364729459,0.7903807615,0,0.0004771675,20957,0,10,8.0956375599,2609.7352078,15742.638598,1.3312253768
0.0901803607,-0.091783567,0.1490981964,0.0000592312,0.0007700053,16883,1,13,6.7972004414,2616.5324082,15695.520583,1.0756572177
0.1863727455,0.1935871743,-0.206813627,0.000094509,0.0007560722,10581,1,8,6.4342772961,2622.9666855,15650.767794,0.6760690683
-0.987975952,-0.154308617,0.6140280561,0,0.000472526,14814,0,7,6.386629343,2629.3533149,15606.20162,0.9492380248
0.3907815631,-0.121442886,-0.229258517,0,0.0006472492,13905,0,9,6.4602208138,2635.8135357,15560.975161,0.8935815305
-0.074148297,-0.159118236,0.1587174349,0,0.0006608194,16646,0,11,6.6625678539,2642.4761035,15514.177512,1.0729540762
-0.398797595,-0.165531062,0.7647294589,0,0.0004495999,22242,0,10,8.3938102722,2650.8699138,15454.996192,1.439146262
-0.74749499,0.1462925852,0.1266533066,0,0.0003876269,12899,0,5,6.3908407688,2657.2607546,15409.769908,0.8370663596
-0.110220441,0.1246492986,-0.344689379,0,0.0005842259,10270,0,6,6.5013742447,2663.7621288,15363.613192,0.6684625467
-0.839679359,-0.107014028,-0.23246493,0,0.0008991795,8897,0,8,6.335185051,2670.0973139,15318.492537,0.5808012752
-0.002004008,-0.189579158,-0.633266533,0.0001258812,0.0011329305,7944,1,9,6.4072728157,2676.5045867,15272.714082,0.5201433064
0.7194388778,0.0677354709,0.4088176353,0.0000784468,0.000313787,25495,2,8,9.162838459,2685.6674252,15206.995478,1.6765310437
0.5711422846,0.0533066132,-0.492184369,0,0.0007345996,9529,0,7,6.4698650837,2692.1372902,15160.41283,0.6285448891
-0.723446894,-0.156713427,0.4120240481,0,0.0004200504,14284,0,6,6.4111282825,2698.5484185,15114.107051,0.9450773342
-0.122244489,-0.030861723,0.4537074148,0,0.0003915887,25537,0,10,9.2807240486,2707.8291426,15046.817463,1.6971695219
0.9919839679,0.0773547094,0.6204408818,0,0.0002485354,28165,0,7,9.9811098576,2717.8102524,14974.109782,1.8809131501
-0.342685371,0.1102204409,0.7486973948,0,0.000203219,24604,0,5,8.9878525734,2726.798105,14908.336029,1.6503518536
-0.490981964,-0.035671343,0.0336673347,0.0003311258,0.0007450331,12080,4,9,6.4245972633,2733.2227023,14861.145265,0.812857945
0.7114228457,-0.138276553,0.7967935872,0.0000558925,0.0003353548,35783,2,12,12.407388687,2745.630091,14769.595766,2.4227474175
0.7835671343,0.1823647295,-0.479358717,0,0.0008399328,8334,0,7,6.290648222,2751.9207392,14722.97142,0.566054213
-0.759519038,-0.031663327,0.6653306613,0,0.0006132043,14677,0,9,6.4482252598,2758.3689644,14675.033906,1.0001339754
0.006012024,0.1655310621,0.3543086172,0.0001193412,0.0003978041,25138,3,10,9.1539778709,2767.5229423,14606.72868,1.720987673
-0.731462926,0.0084168337,-0.319038076,0,0.0003578671,8383,0,3,6.3710260391,2773.8939683,14559.0144,0.5757944714
-0.178356713,0.1631262525,-0.264529058,0,0.000251699,7946,0,2,6.3481009007,2780.2420692,14511.329034,0.5475721749
-0.639278557,0.0052104208,-0.120240481,0.0002384643,0.0004769286,8387,2,4,6.4559385777,2786.6980078,14462.687444,0.5799060536
-0.827655311,-0.171943888,-0.33507014,0.0001517911,0.0006071645,6588,1,4,6.319081068,2793.0170889,14414.934242,0.4570260183
-0.779559118,-0.053306613,-0.367134269,0.0001217582,0.0002435164,8213,1,2,6.4678277969,2799.4849167,14365.910716,0.5717006156
-0.711422846,-0.095791583,0.0721442886,0,0.0005901794,8472,0,5,6.354752779,2805.8396695,14317.600162,0.5917192759
0.8436873747,0.0324649299,-0.684569138,0,0.000390625,7680,0,3,6.4593510628,2812.2990205,14268.348057,0.5382543213
-0.406813627,0.0573146293,0.5114228457,0,0.0009212062,16283,0,15,6.64569664,2818.9447172,14217.521073,1.1452770083
0.8396793587,-0.076553106,0.6492985972,0,0.0002990942,23404,0,7,8.73437953,2827.6790967,14150.482073,1.6539365852
0.9879759519,0.103006012,0.4152304609,0,0.0004784918,20899,0,10,7.9483053684,2835.6274021,14089.241952,1.4833303361
0.2224448898,0.0917835671,-0.517835671,0,0.0005754402,8689,0,5,6.442350626,2842.0697527,14039.440973,0.6188992864
0.250501002,0.0180360721,-0.63006012,0,0.0007209805,8322,0,6,6.371417284,2848.44117,13990.043957,0.5948515977
0.3867735471,0.0140280561,0.0208416834,0,0.0002828321,10607,0,3,6.4131364822,2854.8543065,13940.178512,0.76089413
0.6753507014,-0.081362725,0.6557114228,0,0.0003683091,24436,0,9,8.7832770348,2863.6375835,13871.647974,1.7615787284
0.2905811623,-0.127054108,-0.046492986,0,0.0007665772,10436,0,8,6.5009615421,2870.138545,13820.749243,0.7550965448
0.8677354709,-0.186372745,-0.46012024,0,0.0003097254,9686,0,3,6.3794975281,2876.5180426,13770.6562,0.7033796981
0.755511022,0.1382765531,-0.360721443,0,0.0005449591,7340,0,4,6.386503458,2882.904546,13720.363972,0.5349712307
-0.791583166,-0.017234469,0.4440881764,0.0000776518,0.0001553036,12878,1,2,6.4327630997,2889.3373091,13669.561638,0.942093122
-0.290581162,-0.106212425,-0.097795591,0.0030395137,0.000633232,7896,24,5,6.461288929,2895.7985981,13618.3867,0.5798043611
0.0220440882,-0.145490982,0.7679358717,0,0.0002107215,23728,0,5,8.6365060806,2904.4351041,13549.752951,1.7511758396
0.9839679359,0.126252505,-0.572344689,0,0.0001424501,7020,0,1,6.4311182499,2910.8662224,13498.473921,0.520058789
-0.943887776,-0.084569138,-0.723046092,0,0.0003312355,6038,0,2,6.3913207054,2917.2575431,13447.367301,0.4490098221
-0.22244489,0.1799599198,0.7006012024,0.0000955703,0.0001911406,20927,2,4,7.9103367329,2925.1678798,13383.914191,1.5635934078
0.4388777555,0.1166332665,-0.649298597,0,0.0003879979,7732,0,3,6.3018984795,2931.4697783,13333.20486,0.5799055877
-0.326653307,0.1871743487,-0.389579158,0,0.0004151675,7226,0,3,6.3746984005,2937.8444767,13281.766833,0.5440541225
0.1743486974,0.1695390782,0.2324649299,0,0.000378764,15841,0,6,6.6014845371,2944.4459612,13228.34737,1.197504084
-0.038076152,-0.071743487,-0.745490982,0,0.000432339,6939,0,3,6.4653785229,2950.9113398,13175.87989,0.5266441451
-0.466933868,0.1070140281,-0.088176353,0.0038538206,0.0009302326,7525,29,7,6.3993127346,2957.3106525,13123.802965,0.5733856276
0.9478957916,-0.187975952,0.6589178357,0,0.0003276063,27472,0,9,9.8221290112,2967.1327815,13043.589779,2.1061686594
-0.811623246,-0.00761523,0.0977955912,0,0.000623286,8022,0,5,6.3846948147,2973.5174763,12991.265691,0.6174917973
0.5070140281,0.1334669339,0.8,0,0.000459049,26141,0,12,9.519742012,2983.0372183,12912.98141,2.0243969359
0.246492986,-0.147094188,-0.796793587,0.0001474926,0.0007374631,6780,1,5,6.3916773796,2989.4288957,12860.240496,0.5272063148
0.7875751503,-0.128657315,-0.139478958,0,0.0006626173,9055,0,6,6.396807909,2995.8257036,12807.312588,0.7070179585
-0.230460922,-0.085370741,-0.440881764,0,0.000258565,7735,0,2,6.4485404491,3002.2742441,12753.810163,0.6064854268
-0.118236473,0.048496994,-0.431262525,0,0.0004031174,7442,0,3,6.4746007919,3008.7488449,12699.943559,0.5859868562
-0.134268537,0.1551102204,0.101002004,0.0472919937,0.0155023548,10192,482,158,6.4317932129,3015.1806381,12646.286309,0.8059282979
0.6713426854,-0.042084168,-0.665330661,0,0.000286533,6980,0,2,6.4776990414,3021.6583371,12592.098215,0.5543158797
0.5190380762,-0.057314629,0.1779559118,0,0.0004106102,12177,0,5,6.4296450615,3028.0879822,12538.165356,0.9711947206
-0.458917836,-0.080561122,-0.729458918,0,0.0006623613,6039,0,4,6.4729321003,3034.5609143,12483.721712,0.4837499697
-0.679358717,-0.073346693,-0.5498998,0,0.0004542014,6605,0,3,6.4064722061,3040.9673865,12429.691153,0.5313889073
-0.97995992,0.1486973948,-0.376753507,0.0001419648,0.0004258944,7044,1,3,6.4690961838,3047.4364827,12374.985149,0.5692128043
-0.80761523,-0.055711423,0.5498997996,0.0000793777,0.0004762661,12598,1,6,6.4049613476,3053.841444,12320.67569,1.0225088556
-0.771543086,0.1615230461,0.6845691383,0,0.0002767017,14456,0,4,6.5059885979,3060.3474326,12265.361055,1.1786037064
-0.855711423,-0.042885772,0.3382765531,0,0,9636,0,0,6.4069845676,3066.7544172,12210.741864,0.789141242
0.0180360721,-0.093386774,-0.328657315,0,0.0006343568,7882,0,5,6.5001513958,3073.2545686,12155.180071,0.6484478185
0.6873747495,-0.2,-0.540280561,0,0.0004970797,8047,0,4,6.399034977,3079.6536036,12100.336636,0.6650228206
-0.24248497,-0.068537074,-0.197194389,0.0020265991,0.0027865738,7895,16,22,6.5216345787,3086.1752381,12044.293445,0.6554971478
0.4589178357,-0.063727455,0.4825651303,0,0.0003333016,21002,0,7,8.2177155018,3094.3929536,11973.46092,1.7540458971
0.6793587174,0.0348697395,0.1106212425,0,0.0004282655,9340,0,4,6.4935126305,3100.8864663,11917.321222,0.7837331751
0.7314629259,0.1062124248,0.5466933868,0,0.0003254452,21509,0,7,8.0502843857,3108.9367507,11847.515406,1.8154861389
0.6633266533,0.1358717435,-0.521042084,0,0.000286123,6990,0,2,6.5264823437,3115.463233,11790.754589,0.592837375
0.8837675351,0.1390781563,-0.21002004,0,0.000760842,7886,0,6,6.2856197357,3121.7488527,11735.946146,0.6719526404
-0.098196393,-0.13747495,-0.06252505,0.0074365704,0.0065616798,9144,68,60,6.4624915123,3128.2113442,11679.44976,0.7829135951
-0.226452906,-0.033266533,0.7390781563,0,0.0002591748,19292,0,5,7.5489494801,3135.7602937,11613.268302,1.661203332
-0.799599198,0.0509018036,-0.771142285,0,0.0005720824,6992,0,4,6.5072231293,3142.2675169,11556.057892,0.6050506207
0.1022044088,0.0733466934,-0.338276553,0,0.0002726653,7335,0,2,6.3729634285,3148.6404803,11499.882717,0.6378325919
-0.274549098,0.0436873747,0.1907815631,0.0745430409,0.0047993465,9793,730,47,6.5257146358,3155.1661949,11442.212254,0.8558659622
0.8196392786,-0.014028056,-0.569138277,0,0.0005960364,6711,0,4,6.3643481731,3161.5305431,11385.822785,0.5894172188
-0.719438878,-0.174348697,-0.710220441,0,0.0005965401,5029,0,3,6.5118672848,3168.0424104,11327.977996,0.4439450714
0.5831663327,0.1951903808,-0.553106212,0,0.000316907,6311,0,2,6.411716938,3174.4541273,11270.876311,0.5599387151
0.0300601202,0.0228456914,0.1394789579,0.0144056635,0.0120184392,12148,175,146,6.4955282211,3180.9496555,11212.879962,1.0833969543
0.5150300601,-0.162324649,0.671743487,0,0.0003787735,26401,0,10,9.5387575626,3190.4884131,11127.441198,2.3726029668
0.9519038076,-0.026853707,-0.466533066,0,0.0004694101,6391,0,3,6.4794688225,3196.9678819,11069.220986,0.5773667368
-0.162324649,0.0829659319,-0.123446894,0.023555731,0.0053954468,7599,179,41,6.4356365204,3203.4035184,11011.247643,0.6901125328
0.2064128257,-0.021242485,0.1426853707,0,0.0006928206,11547,0,8,6.4301645756,3209.833683,10953.1773,1.0542146524
0.6993987976,0.0428857715,-0.767935872,0.0001465631,0.0010259417,6823,1,7,6.4090218544,3216.2427049,10895.152386,0.6262418145
-0.062124248,0.1623246493,0.6076152305,0.0000417885,0.0005432511,23930,1,13,8.9363350868,3225.17904,10814.003619,2.2128714621
0.122244489,0.1927855711,0.4248496994,0,0.0002802822,21407,0,6,8.198297739,3233.3773377,10739.308391,1.9933313414
0.7715430862,-0.129458918,-0.597995992,0.0001478197,0.0001478197,6765,1,1,6.4124073982,3239.7897451,10680.718852,0.6333843343
0.4709418838,-0.118236473,-0.472945892,0,0.0004486988,6686,0,3,6.3957414627,3246.1854866,10622.136731,0.6294402124
-0.583166333,-0.126252505,0.578757515,0,0.0000762079,13122,0,1,6.5471549034,3252.7326415,10562.017884,1.2423762338
0.8917835671,0.0517034068,0.3446893788,0,0.0005897965,13564,0,8,6.3508377075,3259.0834792,10503.556859,1.2913720735
-0.138276553,-0.022044088,-0.617234469,0,0.0011157157,6274,0,7,6.488976717,3265.5724559,10443.676898,0.6007462756
0.2184368737,-0.124649299,0.6428857715,0.0000449458,0.0004944042,22249,1,11,8.4136936665,3273.9861495,10365.814017,2.1463823259
-0.72745491,0.0957915832,-0.331863727,0,0.0005048805,5942,0,3,6.4907691479,3280.4769187,10305.575395,0.5765811003
0.3346693387,-0.074148297,0.6332665331,0.0000469572,0.0004695718,21296,1,10,8.1815752983,3288.658494,10229.4327,2.0818358774
-0.743486974,0.1975951904,0.597995992,0,0.0004467277,13431,0,6,6.5044498444,3295.1629438,10168.729431,1.3208139808
-0.210420842,0.0781563126,-0.488977956,0,0.0008492569,7065,0,6,6.4605267048,3301.6234705,10108.287962,0.6989314141
-0.266533066,0.0196392786,-0.418436874,0.0001432665,0.0005730659,6980,1,4,6.4944756031,3308.1179461,10047.380105,0.694708464
0.0941883768,-0.022845691,0.3126252505,0.0001143249,0.0004572996,17494,2,8,6.9978501797,3315.1157963,9981.5844327,1.7526275631
-0.783567134,0.1527054108,-0.456913828,0.0001733403,0.0003466805,5769,1,2,6.4942483902,3321.6100447,9920.3688176,0.5815307985
-0.414829659,-0.148697395,-0.662124248,0,0.0010917031,5496,0,6,6.4183137417,3328.0283585,9859.7224186,0.5574193437
0.2384769539,-0.131863727,-0.594789579,0,0.000791515,6317,0,5,6.5093157291,3334.5376742,9798.0673404,0.6447189819
0.7274549098,0.153507014,0.6973947896,0.0000524769,0.0004722922,19056,1,9,7.5795435905,3342.1172178,9726.08642,1.9592669834
-0.907815631,0.0621242485,0.0913827655,0,0.0005207655,7681,0,4,6.5049576759,3348.6221755,9664.148545,0.7947932468
0.9679358717,0.0268537074,-0.562725451,0,0.0001641228,6093,0,1,6.3988819122,3355.0210574,9603.0746743,0.6344842883
-0.691382766,0.1735470942,-0.585170341,0,0.0001633453,6122,0,1,6.4842379093,3361.5052953,9541.0384055,0.6416492356
-0.106212425,0.0877755511,-0.732665331,0,0.000807624,6191,0,5,6.4330580235,3367.9383533,9479.3448429,0.6531042074
-0.358717435,0.195991984,0.2036072144,0.0001010918,0.0006065507,9892,1,6,6.4916944504,3374.4300478,9416.940583,1.0504473202
-0.366733467,0.1567134269,-0.511422846,0,0.0003380091,5917,0,2,6.4800872803,3380.910135,9354.4992595,0.6325298486
-0.695390782,0.1134268537,0.5434869739,0.00016,0.00016,12500,2,2,6.5183160305,3387.4284511,9291.5397419,1.3453098568
0.6913827655,-0.077354709,-0.485771543,0,0.0008242664,6066,0,5,6.384553194,3393.8130043,9229.726548,0.6572242383
-0.623246493,-0.047695391,-0.222845691,0,0.0005056464,5933,0,3,6.5248064995,3400.3378108,9166.4065184,0.6472547326
-0.651302605,-0.192785571,0.7102204409,0,0.0004724112,10584,0,5,6.44836092,3406.7861717,9103.6804246,1.1626067158
-0.174348697,-0.054108216,0.5851703407,0,0.0004202185,16658,0,7,6.8075852394,3413.5937569,9037.3004194,1.8432495576
-0.547094188,0.0741482966,-0.556312625,0.0001522997,0,6566,1,0,6.3077845573,3419.9015415,8975.647623,0.7315349572
-0.182364729,0.1086172345,0.4601202405,0,0.0003643208,16469,0,6,6.8044829369,3426.7060244,8908.9822823,1.8485837639
0.2865731463,0.1366733467,-0.373547094,0,0.0001572327,6360,0,1,6.3713779449,3433.0774024,8846.4117387,0.7189355626
-0.843687375,0.0909819639,-0.655711423,0,0.0006800408,5882,0,4,6.4823720455,3439.5597744,8782.6038281,0.6697330445
0.5390781563,0.180761523,0.3062124248,0.0000659457,0.000395674,15164,1,6,6.6389579773,3446.1987324,8717.1005531,1.7395692418
0.5751503006,-0.040480962,0.0593186373,0,0.0003722546,8059,0,3,6.4896433353,3452.6883757,8652.9198294,0.931361917
-0.647294589,-0.132665331,-0.133066132,0.0001863238,0,5367,1,0,6.4112014771,3459.0995772,8589.3686151,0.6248422021
-0.45490982,-0.03006012,-0.581963928,0,0.0003563157,5613,0,2,6.5018527508,3465.6014299,8524.7703507,0.6584341594
0.126252505,-0.056513026,0.2004008016,0.0000881679,0.000705343,11342,1,8,6.4307875633,3472.0322175,8460.731078,1.3405460941
-0.579158317,0.176753507,0.1715430862,0,0.000450045,8888,0,4,6.5238137245,3478.5560312,8395.6159817,1.0586477537
-0.835671343,0.1174348697,-0.165130261,0,0.0003407155,5870,0,2,6.3978309631,3484.9538622,8331.6121484,0.7045455184
-0.258517034,-0.05250501,0.1330661323,0.0265977562,0.00264717,7933,211,21,6.5202600956,3491.4741223,8266.2345902,0.959687257
-0.955911824,0.1006012024,0.027254509,0,0.0006729475,5944,0,4,6.4137578011,3497.8878801,8201.7782198,0.7247208887
-0.442885772,-0.058116232,0.4985971944,0,0.0005262696,11401,0,6,6.5141708851,3504.402051,8136.1638083,1.4012746386
0.8036072144,-0.089378758,-0.636472946,0,0.0001629461,6137,0,1,6.3744108677,3510.7764618,8071.8118578,0.760300179
0.5270541082,0.0164328657,0.3414829659,0,0.0002871088,13932,0,4,6.6026742458,3517.3791361,8005.0039907,1.7404113747
0.7995991984,-0.170340681,-0.193987976,0,0.0012711864,7080,0,9,6.4011459351,3523.780282,7940.0880537,0.8916777688
-0.150300601,-0.024448898,-0.296593186,0,0.0007227522,6918,0,5,6.504406929,3530.2846889,7873.9764774,0.8785903819
0.0340681363,-0.13507014,-0.658917836,0,0.0010869565,5520,0,6,6.3820595741,3536.6667485,7808.9630231,0.706880028
0.5671342685,0.0068136273,-0.129859719,0,0.0006080506,8223,0,5,6.5167424679,3543.183491,7742.428924,1.0620698079
0.4509018036,0.0452905812,0.4408817635,0,0.0002124044,18832,0,4,7.3650171757,3550.5485082,7667.053387,2.4562239298
0.5791583166,0.1278557114,0.0881763527,0,0.0002429248,8233,0,2,6.4618575573,3557.0103657,7600.7630294,1.0831807239
0.0420841683,0.0501002004,0.6685370741,0,0.0002403846,16640,0,4,6.6898121834,3563.7001779,7531.9785687,2.2092468597
0.7354709419,0.0661322645,-0.437675351,0.0001896094,0.0007584376,5274,1,4,6.4816641808,3570.1818421,7465.1833122,0.7064796375
-0.498997996,0.1294589178,0.1683366733,0.0001151543,0.0005757715,8684,1,5,6.4129440784,3576.5947862,7398.9500071,1.1736800481
-0.863727455,0.0605210421,-0.322244489,0,0.0009411765,6375,0,6,6.3899693489,3582.9847555,7332.8093192,0.8693803047
0.0781563126,-0.183967936,-0.450501002,0,0.0004979253,6025,0,3,6.3551421165,3589.3398976,7266.8858883,0.8291034279
0.2825651303,-0.166332665,0.7230460922,0,0.0002042067,19588,0,4,7.5995385647,3596.9394362,7187.8665015,2.7251479971
0.1503006012,0.1310621242,-0.277354709,0,0.0003737619,5351,0,2,6.446284771,3603.385721,7120.6784438,0.7514733381
0.9559118236,0.1318637275,0.2100200401,0,0.000323241,9281,0,3,6.5046730042,3609.890394,7052.7328527,1.31594379
-0.186372745,0.0581162325,0.0080160321,0.1282764098,0.0035742653,7554,969,27,6.5015361309,3616.3919301,6984.6704977,1.08151129
-0.751503006,0.0693386774,-0.043286573,0,0.000361991,5525,0,2,6.4371993542,3622.8291295,6917.1343798,0.7987411689
0.2585170341,0.0316633267,-0.158717435,0,0.0004130525,7263,0,3,6.3400104046,3629.1691399,6850.4746752,1.0602185023
0.1382765531,0.1478957916,0.7519038076,0,0.0005957898,15106,0,9,6.600127697,3635.7692676,6780.9290362,2.2277183435
0.8116232465,0.1831663327,-0.758316633,0,0.0014374701,4174,0,6,6.4281520844,3642.1974196,6713.0474131,0.621774247
-0.450901804,-0.179158317,-0.463326653,0,0.0010274852,3893,0,4,6.5264065266,3648.7238262,6643.9787115,0.585944081
-0.338677355,0.0901803607,-0.395991984,0,0.0006521739,4600,0,3,6.509393692,3655.2332199,6574.9400043,0.6996261558
0.3547094188,-0.15991984,0.2260521042,0,0.0006423295,9341,0,6,6.42730546,3661.6605253,6506.6248926,1.4356137251
0.8476953908,0.1639278557,0.4184368737,0,0.0002531859,11849,0,3,6.4860193729,3668.1465447,6437.537609,1.840610606
-0.739478958,-0.000400802,-0.559519038,0,0.0010133766,4934,0,5,6.5531787872,3674.6997235,6367.5838614,0.7748621938
-0.683366733,0.1519038076,-0.024048096,0,0.0005825243,5150,0,3,6.4386701584,3681.1383936,6298.7045473,0.8176284443
0.49498998,0.1791583166,-0.325450902,0,0,4297,0,0,6.5207056999,3687.6590993,6228.7982057,0.6898602039
-0.042084168,0.0284569138,-0.145891784,0.0115336658,0.0109102244,6416,74,70,6.4183351994,3694.0774345,6159.8424899,1.0415850747
0.871743487,-0.181563126,0.3799599198,0,0.0001838404,10879,0,2,6.48239851,3700.559833,6090.0506255,1.7863562504
-0.763527054,-0.114228457,0.2773547094,0,0.0003986446,5017,0,2,6.4440295696,3707.0038626,6020.5245562,0.8333160928
0.1062124248,0.0124248497,-0.001603206,0.0231772091,0.0148076614,6213,144,92,6.5218555927,3713.5257182,5950.0092719,1.0442000535
-0.298597194,0.1206412826,0.0112224449,0.1061601643,0.0018480493,4870,517,9,6.4053456783,3719.9310639,5880.6072871,0.8281457615
-0.78757515,0.1438877756,-0.739078156,0,0.0005393743,3708,0,2,6.5518937111,3726.4829576,5809.4673315,0.6382685001
-0.503006012,-0.067735471,0.3575150301,0,0.0003143171,6363,0,2,6.3932700157,3732.8762276,5739.9033495,1.1085552513
0.3627254509,-0.008416834,-0.190781563,0,0.0011286682,5316,0,6,6.5041935444,3739.3804212,5668.9840883,0.9377341543
-0.214428858,-0.188777555,0.2228456914,0,0.000477631,6281,0,3,6.3768396378,3745.7572608,5599.3081948,1.1217457196
-0.402805611,-0.135871743,-0.286973948,0,0.0005477951,3651,0,2,6.4502980709,3752.2075589,5528.6833557,0.6603742275
0.9078156313,0.0613226453,-0.203607214,0.0002207018,0.0002207018,4531,1,1,6.3690164089,3758.5765753,5458.8040984,0.8300352822
