key,timestamp,date,time,data_type,fit_kind,model,sign_mode,status,fail_reason,RF_set,RF_meas,fit_extreme,score_R2,score_AICc,score_BIC,score_SSE,score_RMSE,keep,note,amp1_Value,amp1_Sigma1,amp1_CI95_width,amp1_CI95_low,amp1_CI95_high,amp2_Value,amp2_Sigma1,amp2_CI95_width,amp2_CI95_low,amp2_CI95_high,base_Value,base_Sigma1,base_CI95_width,base_CI95_low,base_CI95_high,center1_Value,center1_Sigma1,center1_CI95_width,center1_CI95_low,center1_CI95_high,center2_Value,center2_Sigma1,center2_CI95_width,center2_CI95_low,center2_CI95_high,sigma1_Value,sigma1_Sigma1,sigma1_CI95_width,sigma1_CI95_low,sigma1_CI95_high,sigma2_Value,sigma2_Sigma1,sigma2_CI95_width,sigma2_CI95_low,sigma2_CI95_high,RF_set_linear,RF_meas_uncertainty,RF_meas_linear,RF_meas_uncertainty_linear,W_sigma_ratio,S_separation,sep_over_min_sigma,peak_ratio,valley_ratio,p1_effheight,p2_effheight,double_class,use_center1,use_center2,primary_component,pedestal_component,weak_component,weak_rejected,decision_note,chosen_fit_kind,chosen_fit_kind_raw,AICc_single,AICc_double,delta_AICc
20251210_182135_lost_double,20251210_182135,20251210,182135,lost,double,double_gaussian,peak,ok,,1.0,10.993414634146342,0.0599007984038898,0.974379356510317,-603.94585892317,-593.02773065689,0.0002649865659517,0.0022794330476375,True,,0.032285,0.0017416,0.0034687,0.028816,0.035753,0.026275,0.0036008,0.0071716,0.019104,0.033447,0.011435,0.00088559,0.0017638,0.0096714,0.013199,36.752,0.079675,0.15869,36.5933,36.9107,37.815,0.039136,0.077946,37.7371,37.893,1.696,0.11812,0.23525,1.4608,1.9313,0.4,,,,,1.2589254117941673,0.0009778024140773718,12.570186207951245,0.0028316957010000848,4.239999999999999,0.6100320166305933,2.657499999999988,0.6720677694960272,0.0,0.03230751241524607,0.04807180745994255,ambiguous,False,True,2.0,,,False,ambiguous | best_one=dominant,double,double,-520.994497913726,-603.94585892317,82.95136100944399
20251210_182135_trapped_double,20251210_182135,20251210,182135,trapped,double,double_gaussian,dip,ok,,1.0,10.993414634146342,0.0623370895022176,0.896255390651612,-521.011650230002,-510.093521963722,0.0013472760400801,0.0051397643191564,True,,0.034175,0.0026075,0.0051933,0.028982,0.039369,0.029486,0.0057641,0.01148,0.018006,0.040966,0.11309,0.0010923,0.0021756,0.11091,0.11527,36.792,0.10565,0.21043,36.5815,37.0024,37.7837,0.049703,0.098993,37.6847,37.8827,1.3984,0.14359,0.28598,1.1124,1.6844,0.4,,,,,1.2589254117941673,0.0009778024140773718,12.570186207951245,0.0028316957010000848,3.496,0.681822741719356,2.479250000000004,0.6826628261271552,0.0,0.03423811700909003,0.050153773867148754,ambiguous,False,True,2.0,,,False,ambiguous | best_one=dominant,double,double,,-521.011650230002,
20251210_182826_lost_double,20251210_182826,20251210,182826,lost,double,double_gaussian,peak,ok,,1.0,10.980648936170214,0.0709816106747794,0.929071934604206,-1230.21411580035,-1211.97602149964,0.0025254562481264,0.0046659591246403,True,,0.023597,0.0021544,0.0042502,0.019347,0.027847,0.039029,0.0031077,0.0061309,0.032898,0.04516,0.015188,0.0011934,0.0023544,0.012834,0.017542,53.6638,0.40863,0.80615,52.8576,54.4699,56.7453,0.079049,0.15595,56.5894,56.9013,5.1584,0.54039,1.0661,4.0923,6.2245,1.6392,0.14707,0.29013,1.3491,1.9294,1.2589254117941673,0.000669464216429476,12.533292415822826,0.001932805692336033,3.146900927281601,0.5693214024195572,1.879880429477793,0.44534567864201835,0.0,0.024736232204201708,0.05554389183617835,ambiguous,False,True,2.0,,,False,ambiguous | best_one=dominant,double,double,,-1230.21411580035,
20251210_182826_trapped_double,20251210_182826,20251210,182826,trapped,double,double_gaussian,dip,ok,,1.0,10.980648936170214,0.0446135330294878,0.927742280891598,-1233.14589091747,-1214.90779661677,0.0024624279021191,0.0046073665734784,True,,0.026381,0.0022116,0.0043631,0.022018,0.030744,0.045386,0.0039017,0.0076975,0.037688,0.053083,0.10726,0.0010073,0.0019872,0.10527,0.10925,54.3398,0.36211,0.71438,53.6254,55.0542,57.072,0.064417,0.12708,56.9449,57.199,4.1261,0.42489,0.83823,3.2879,4.9643,1.2153,0.12212,0.24093,0.9744,1.4563,1.2589254117941673,0.000669464216429476,12.533292415822826,0.001932805692336033,3.3951287747881183,0.6351951805283805,2.248169176335066,0.4273989914077681,0.0,0.026670656089510317,0.062402243865064884,ambiguous,False,True,2.0,,,False,ambiguous | best_one=dominant,double,double,,-1233.14589091747,
20251210_184343_lost_double,20251210_184343,20251210,184343,lost,double,double_gaussian,peak,ok,,1.0,10.999487804878049,0.0496128923503677,0.976125924090427,-639.121812368091,-628.203684101811,0.0001329475318246,0.0016145632070325,True,,0.038414,0.0013139,0.0026168,0.035797,0.041031,0.010838,0.0023639,0.0047082,0.0061299,0.015546,0.011152,0.00033378,0.00066479,0.010487,0.011817,75.0237,0.0263,0.05238,74.9713,75.0761,75.9581,0.069526,0.13847,75.8196,76.0965,0.63547,0.039469,0.078609,0.55686,0.71408,0.4,,,,,1.2589254117941673,0.000367152167174323,12.58777052302398,0.0010640570869126086,1.5886749999999998,1.2444050770414101,2.3359999999999914,0.39674243640031925,0.0,0.03846024335399031,0.015258810652811301,ambiguous,True,False,1.0,,,False,ambiguous | best_one=dominant,double,double,-619.860244688587,-639.121812368091,19.26156767950397
20251210_184343_trapped_single,20251210_184343,20251210,184343,trapped,single,single_gaussian,dip,ok,,1.0,10.999487804878049,0.067292624661957,0.911330211826318,-559.873999799298,-553.016262485792,0.0007317958506568,0.003787999240783,True,,0.044149,0.0023664,0.0047098,0.039439,0.048859,,,,,,0.11144,0.00067244,0.0013383,0.1101,0.11278,75.1156,0.031943,0.063576,75.052,75.1792,,,,,,0.74508,0.04794,0.095416,0.64966,0.8405,,,,,,1.2589254117941673,0.000367152167174323,12.58777052302398,0.0010640570869126086,,,,,,,,single,True,False,1.0,,,False,,single,single,-559.873999799298,-555.70126446538,-4.172735333918013
20251210_185032_lost_double,20251210_185032,20251210,185032,lost,double,double_gaussian,peak,ok,,1.0,10.986317073170731,0.046566567473862,0.951342332727416,-609.601004335078,-598.682876068798,0.0002371739708395,0.0021564948449885,True,,0.023582,0.0013158,0.0026217,0.020961,0.026204,0.013934,0.0019824,0.0039498,0.0099844,0.017884,0.011823,0.0012147,0.0024202,0.0094029,0.014243,94.2039,0.080355,0.1601,94.0438,94.364,95.1931,0.04731,0.094262,95.0988,95.2873,2.748,0.2075,0.41343,2.3345,3.1614,0.42449,0.075222,0.14987,0.27461,0.57436,1.2589254117941673,0.0015165084040126243,12.549667426429579,0.0043897393429656465,6.4736507338217635,0.35575149147312113,2.330325802727972,0.6823397475673953,0.0,0.02364304851211813,0.034649965206347416,pedestal_plus_peak,False,True,2.0,1.0,,False,"pedestal(W>=5.0,S<=1.0,narrow>= 1.0*wide)",double,double,-567.269628573601,-609.601004335078,42.33137576147692
20251210_185032_trapped_double,20251210_185032,20251210,185032,trapped,double,double_gaussian,dip,ok,,1.0,10.986317073170731,0.0844113707561912,0.867135981953283,-562.13130294096,-551.21317467468,0.0006015877347626,0.0034345069422731,True,,0.048307,0.017447,0.034749,0.013558,0.083056,0.018329,0.003283,0.0065387,0.011791,0.024868,0.14995,0.014541,0.028961,0.12098,0.17891,93.483,0.50187,0.99957,92.4835,94.4826,95.0715,0.14305,0.28491,94.7866,95.3564,10.0,,,,,1.8967,0.33494,0.66709,1.2296,2.5638,1.2589254117941673,0.0015165084040126243,12.549667426429579,0.0043897393429656465,5.272315073548795,0.15606756072623587,0.8375072494332241,0.8771815641192157,0.0,0.05739601109767462,0.0654323043773798,pedestal_plus_peak,False,True,2.0,1.0,,False,"pedestal(W>=5.0,S<=1.0,narrow>= 1.0*wide)",double,double,-555.694244802758,-562.13130294096,6.437058138202019
20251210_185733_lost_double,20251210_185733,20251210,185733,lost,double,double_gaussian,peak,ok,,1.0,10.994666666666667,0.0301653357961042,0.950643011534417,-527.209266979804,-518.608201906813,6.98309688494191e-05,0.0013050648881113,True,,0.015963,0.0010822,0.0021669,0.013796,0.01813,0.018149,0.1077,0.21565,-0.1975,0.2338,-0.0037773,0.1083,0.21686,-0.22063,0.21308,150.3806,0.040366,0.080825,150.2998,150.4615,151.1601,0.23739,0.47533,150.6847,151.6354,0.82773,0.066937,0.13403,0.6937,0.96176,8.0,27.1007,54.2643,-46.2643,62.2643,1.2589254117941673,0.000917336344411776,12.573808495149626,0.0026558958025417107,9.664987375110242,0.09692010334116581,0.9417322073623199,0.7284781077978683,0.0,0.03394050755726621,0.024724916723016535,pedestal_plus_peak,True,False,1.0,2.0,,False,"pedestal(W>=5.0,S<=1.0,narrow>= 1.0*wide)",double,double,-519.298417705119,-527.209266979804,7.910849274685006
20251212_130011_lost_double,20251212_130011,20251212,130011,lost,double,double_gaussian,peak,ok,,2.0,11.403975609756099,0.0654336622173042,0.987094606457226,-636.183867634942,-625.265739368662,0.0001408311017303,0.001661744309927,True,,0.038488,0.0028981,0.0057743,0.032714,0.044263,0.019028,0.002622,0.005224,0.013804,0.024252,0.01121,0.0019024,0.0037903,0.0074201,0.015001,35.8264,0.041283,0.082253,35.7441,35.9086,37.1258,0.22943,0.45711,36.6687,37.5829,0.75319,0.070332,0.14013,0.61305,0.89332,2.9414,0.42795,0.85265,2.0887,3.794,1.5848931924611136,0.0021481201056044665,13.816524254000575,0.006842387270456175,3.905256309828861,0.4279548112368195,1.7251955017990128,0.38768375017402684,0.0,0.05414248625386643,0.020990162114644637,ambiguous,True,False,1.0,,,False,ambiguous | best_one=dominant,double,double,-531.297894106683,-636.183867634942,104.885973528259
20251212_130011_trapped_double,20251212_130011,20251212,130011,trapped,double,double_gaussian,dip,ok,,2.0,11.403975609756099,0.0490868522779021,0.952572805568661,-573.683951986967,-562.765823720687,0.0004796467303113,0.0030667308080825,True,,0.037859,0.0030281,0.0060333,0.031826,0.043893,0.018957,0.005772,0.0115,0.0074565,0.030457,0.10414,0.0058884,0.011732,0.092405,0.11587,35.8247,0.049526,0.098677,35.726,35.9234,37.1888,0.33063,0.65876,36.53,37.8475,0.81945,0.082639,0.16465,0.6548,0.9841,4.3273,1.3244,2.6387,1.6885,6.966,1.5848931924611136,0.0021481201056044665,13.816524254000575,0.006842387270456175,5.280737079748612,0.3097267118180714,1.6646531209957904,0.38759902428263254,0.0,0.05502280048274384,0.021326783780409475,pedestal_plus_peak,True,False,1.0,2.0,,False,"pedestal(W>=5.0,S<=1.0,narrow>= 1.0*wide)",double,double,-527.294530877961,-573.683951986967,46.38942110900598
20251212_130740_lost_single,20251212_130740,20251212,130740,lost,single,single_gaussian,peak,ok,,2.0,11.403794871794869,0.0500866086134462,0.926382994506729,-1093.86620397918,-1084.04837165287,0.0009898040920585,0.003210990391184,True,,0.032255,0.0010198,0.0020143,0.03024,0.034269,,,,,,0.017832,0.0006493,0.0012825,0.01655,0.019115,59.2126,0.082624,0.1632,59.0494,59.3759,,,,,,3.6018,0.15414,0.30447,3.2974,3.9063,,,,,,1.5848931924611136,0.0006753188675412476,13.815916323543462,0.002149102444125876,,,,,,,,single,True,False,1.0,,,False,,single,single,-1093.86620397918,,
20251212_130740_trapped_double,20251212_130740,20251212,130740,trapped,double,double_gaussian,dip,ok,,2.0,11.403794871794869,0.0574362179495297,0.928736116612194,-1081.51693032159,-1064.83922025404,0.0010483433998539,0.0033045792089883,True,,0.016634,0.0027513,0.005436,0.011198,0.02207,0.024645,0.0024392,0.0048193,0.019825,0.029464,0.096653,0.0023519,0.0046469,0.092006,0.1013,57.818,0.44385,0.87695,56.941,58.6949,60.0994,0.14299,0.28252,59.8169,60.3819,6.0115,1.1633,2.2983,3.7131,8.3098,2.3127,0.22583,0.44618,1.8665,2.7589,1.5848931924611136,0.0006753188675412476,13.815916323543462,0.002149102444125876,2.59934275954512,0.35419866576244136,0.9864660353699161,0.6645042552999524,0.0,0.025947442635796708,0.039047820128833066,ambiguous,False,True,2.0,,,False,ambiguous | best_one=dominant,double,double,-1043.58745983485,-1081.51693032159,37.92947048674
20251212_132040_lost_double,20251212_132040,20251212,132040,lost,double,double_gaussian,peak,ok,,2.0,11.412368421052628,0.0250951731605362,0.924919849479469,-601.157161306086,-591.304039951715,6.71612846605727e-05,0.001208316153746,True,,0.012312,0.00063312,0.0012636,0.011049,0.013576,0.0030999,0.0010273,0.0020503,0.0010496,0.0051502,0.012783,0.00043188,0.00086194,0.011921,0.013645,70.3515,0.063512,0.12676,70.2247,70.4782,73.62,0.12021,0.23991,73.38,73.8599,1.7933,0.12037,0.24024,1.553,2.0335,0.4,,,,,1.5848931924611136,0.0016563856493926172,13.843235393810884,0.005284444767333729,4.483249999999999,1.7789023200247978,8.171250000000008,0.2878617095578508,0.0,0.012312,0.003544153368076259,ambiguous,True,False,1.0,,,False,ambiguous | best_one=dominant,double,double,-597.262476531295,-601.157161306086,3.894684774791017
20251212_132653_lost_single,20251212_132653,20251212,132653,lost,single,single_gaussian,peak,ok,,2.0,11.41009090909091,0.0293849404471917,0.907827224125334,-529.2554691167,-523.512291960994,8.13036104047505e-05,0.0014081956142243,True,,0.017534,0.00087552,0.00175,0.015784,0.019284,,,,,,0.011851,0.00025065,0.000501,0.01135,0.012352,79.3049,0.024186,0.048342,79.2566,79.3533,,,,,,0.60578,0.03633,0.072616,0.53317,0.6784,,,,,,1.5848931924611136,0.001009072708908552,13.835960419954375,0.0032151431831118223,,,,,,,,single,True,False,1.0,,,False,,single,single,-529.2554691167,-527.430010628075,-1.8254584886250314
20251212_133223_lost_double,20251212_133223,20251212,133223,lost,double,double_gaussian,peak,ok,,2.0,11.411877192982454,0.0476191221972062,0.984456546351567,-933.470205609853,-919.409224248342,0.0001108857650999,0.0012497085017861,True,,0.011468,0.0018839,0.0037341,0.007734,0.015202,0.026858,0.0042978,0.0085186,0.01834,0.035377,0.014452,0.00032171,0.00063766,0.013814,0.015089,96.4456,0.56801,1.1258,95.3197,97.5714,98.3399,0.033877,0.067147,98.2727,98.407,2.3775,0.45044,0.89281,1.4847,3.2703,1.2115,0.10312,0.20439,1.0071,1.4159,1.5848931924611136,0.0006623392063654392,13.841650453432422,0.002111623748992129,1.9624432521667354,0.7099070493859821,1.56359884440776,0.4189190190776961,0.0,0.013797660111224106,0.03293634206821505,ambiguous,False,True,2.0,,,False,ambiguous | best_one=dominant,double,double,-831.069989753981,-933.470205609853,102.40021585587203
20251212_133223_trapped_double,20251212_133223,20251212,133223,trapped,double,double_gaussian,dip,ok,,2.0,11.411877192982454,0.0656998345584964,0.919857836410565,-829.209706583171,-815.14872522166,0.0004815250529376,0.0026042355882526,True,,0.0098097,0.0026032,0.0051597,0.00465,0.014969,0.023063,0.0037735,0.0074794,0.015583,0.030542,0.095786,0.0007793,0.0015446,0.094242,0.097331,96.8826,0.65986,1.3079,95.5747,98.1905,98.5052,0.081405,0.16135,98.3439,98.6666,2.7349,0.60416,1.1975,1.5374,3.9324,1.1415,0.16379,0.32465,0.81686,1.4662,1.5848931924611136,0.0006623392063654392,13.841650453432422,0.002111623748992129,2.3958826106000877,0.5475167892023894,1.4214629872974207,0.42945855269949723,0.0,0.012867429287301856,0.029961981677671962,ambiguous,False,True,2.0,,,False,ambiguous | best_one=dominant,double,double,-798.37774775422,-829.209706583171,30.831958828951088
20251212_134210_lost_double,20251212_134210,20251212,134210,lost,double,double_gaussian,peak,ok,,2.0,11.404552631578948,0.0255177020358694,0.904909412242573,-593.163052399813,-583.309931045442,7.99084765481189e-05,0.0013180063712002,True,,0.0071417,0.0015829,0.0031606,0.0039811,0.010302,0.0080916,0.0018168,0.0036276,0.004464,0.011719,0.011107,0.00043568,0.00086993,0.010237,0.011977,141.1513,0.20242,0.40417,140.7471,141.5554,141.7484,0.075043,0.14984,141.5986,141.8982,1.6365,0.26428,0.5277,1.1088,2.1642,0.54524,0.13622,0.272,0.27324,0.81723,1.5848931924611136,0.001254385964912247,13.818333405967909,0.003989857502359111,3.001430562687991,0.34615691519340863,1.0951140782041153,0.6679585186810808,0.0,0.009580611034297089,0.014343122763393315,ambiguous,False,True,2.0,,,False,ambiguous | best_one=dominant,double,double,-580.736771576346,-593.163052399813,12.426280823466982
20251212_171614_lost_double,20251212_171614,20251212,171614,lost,double,double_gaussian,peak,ok,,1.5,11.228902439024392,0.0415682617766108,0.96492004005464,-617.636035126281,-606.717906860002,0.0002026021700304,0.0019931361140735,True,,0.019117,0.003405,0.0067843,0.012333,0.025901,0.027128,0.0016987,0.0033846,0.023743,0.030512,0.013908,0.00052524,0.0010465,0.012861,0.014954,36.2573,0.14863,0.29612,35.9612,36.5534,37.8987,0.14909,0.29705,37.6017,38.1958,0.85117,0.14094,0.2808,0.57037,1.132,1.1525,0.15653,0.31188,0.84066,1.4644,1.4125375446227544,0.002113276352561641,13.27062427435252,0.006467364061723774,1.354018586181374,1.1456362745551736,1.9284044315471613,0.8221875135362495,0.0,0.022685685374498686,0.02759186317112379,ambiguous,False,True,2.0,,,False,ambiguous | best_one=dominant,double,double,-597.534483649018,-617.636035126281,20.101551477263
20251212_171614_trapped_double,20251212_171614,20251212,171614,trapped,double,double_gaussian,dip,ok,,1.5,11.228902439024392,0.0549878300372283,0.949677445760158,-588.260006856153,-577.341878589873,0.0003604109315481,0.0026583605870438,True,,0.031891,0.0028504,0.0056771,0.026214,0.037568,0.020559,0.011214,0.022334,-0.001775,0.042893,0.10401,0.010827,0.021565,0.082443,0.12557,37.2219,0.07017,0.13976,37.0821,37.3616,41.5273,2.8902,5.7564,35.7709,47.2837,1.7006,0.16048,0.31962,1.381,2.0202,10.0,,,,,1.4125375446227544,0.002113276352561641,13.27062427435252,0.006467364061723774,5.880277549100318,0.4244461677565212,2.5316946959896502,0.4208879239144727,0.0,0.04897144274173645,0.020611488866665927,pedestal_plus_peak,True,False,1.0,2.0,,False,"pedestal(W>=5.0,S<=1.0,narrow>= 1.0*wide)",double,double,-552.044123937789,-588.260006856153,36.21588291836406
20251212_172308_lost_double,20251212_172308,20251212,172308,lost,double,double_gaussian,peak,ok,,1.5,11.230038461538461,0.0657269550888897,0.887451047232892,-947.972556046773,-931.294845979225,0.0042135201390679,0.0066250158325816,True,,0.020614,0.0035606,0.0070348,0.013579,0.027649,0.038925,0.0054446,0.010757,0.028168,0.049683,0.012617,0.0011828,0.0023369,0.01028,0.014954,53.5394,0.79045,1.5618,51.9776,55.1011,56.6532,0.079805,0.15768,56.4956,56.8109,4.8825,0.72728,1.4369,3.4456,6.3195,2.3753,0.19541,0.3861,1.9892,2.7614,1.4125375446227544,0.0004564724214286883,13.27406532230264,0.0013953185077269052,2.055529827811224,0.5734831566397461,1.3109080958194743,0.5241127306716321,0.0,0.027594752242052024,0.05265041398000448,ambiguous,False,True,2.0,,,False,ambiguous | best_one=dominant,double,double,-929.83881707061,-947.972556046773,18.13373897616293
20251212_172308_trapped_double,20251212_172308,20251212,172308,trapped,double,double_gaussian,dip,ok,,1.5,11.230038461538461,0.0188387890061374,0.956866223637502,-1058.67241246098,-1041.99470239343,0.001329994665811,0.0037221111082554,True,,0.041027,0.0014553,0.0028754,0.038151,0.043902,0.035053,0.0027462,0.0054259,0.029627,0.040479,0.080994,0.00057785,0.0011417,0.079853,0.082136,56.1368,0.10479,0.20704,55.9298,56.3439,58.0054,0.038949,0.076955,57.9284,58.0823,2.8272,0.12096,0.23899,2.5882,3.0662,0.7371,0.070782,0.13985,0.59725,0.87695,1.4125375446227544,0.0004564724214286883,13.27406532230264,0.0013953185077269052,3.8355718355718356,0.6395574615379095,2.5350698684032027,0.6673812892290368,0.0,0.04108371491589821,0.06155958457174966,ambiguous,False,True,2.0,,,False,ambiguous | best_one=dominant,double,double,-960.202527398197,-1058.67241246098,98.46988506278296
20251212_173612_lost_double,20251212_173612,20251212,173612,lost,double,double_gaussian,peak,ok,,1.5,11.16168292682927,0.0533422874200639,0.960799749936252,-604.881970165043,-593.963841898763,0.000260167071617,0.0022586091139783,True,,0.016741,0.0016045,0.0031968,0.013544,0.019938,0.030807,0.0039441,0.0078584,0.022948,0.038665,0.013901,0.00072593,0.0014464,0.012455,0.015348,93.7612,0.28661,0.57105,93.1901,94.3322,95.326,0.032345,0.064445,95.2616,95.3904,1.8852,0.32127,0.64011,1.2451,2.5253,0.71176,0.080679,0.16075,0.55101,0.8725,1.4125375446227544,0.0008098295588187959,13.066776256905758,0.0024375393980980227,2.648645610880072,0.7765416073121928,2.1984938743396527,0.4331835406055794,0.0,0.016986211695410536,0.039212504869562334,ambiguous,False,True,2.0,,,False,ambiguous | best_one=dominant,double,double,-535.405275870712,-604.881970165043,69.47669429433097
20251212_173612_trapped_double,20251212_173612,20251212,173612,trapped,double,double_gaussian,dip,ok,,1.5,11.16168292682927,0.0432531903776112,0.928750024210822,-574.883538284618,-563.965410018338,0.0004684964641437,0.0030308753156951,True,,0.014693,0.0028314,0.0056413,0.0090513,0.020334,0.031864,0.0082723,0.016482,0.015382,0.048346,0.081786,0.0011917,0.0023743,0.079412,0.08416,93.792,0.64558,1.2863,92.5057,95.0783,95.381,0.05882,0.11719,95.2638,95.4982,1.7565,0.71442,1.4234,0.33302,3.1799,0.72323,0.14883,0.29652,0.42671,1.0198,1.4125375446227544,0.0008098295588187959,13.066776256905758,0.0024375393980980227,2.428687969249063,0.8365065297383886,2.1970880632717096,0.38982621740206547,0.0,0.014948197094722714,0.03834579724868836,ambiguous,False,True,2.0,,,False,ambiguous | best_one=dominant,double,double,-530.74437078122,-574.883538284618,44.13916750339797
20251212_183713_lost_double,20251212_183713,20251212,183713,lost,double,double_gaussian,peak,ok,,2.600000000000001,11.701833333333333,0.10880191036723,0.9914557752359,-426.573583180654,-419.488950611461,0.0001559855378648,0.0020815695057715,True,,0.016998,0.0014236,0.0028589,0.014139,0.019857,0.075796,0.002353,0.0047253,0.071071,0.080522,0.016076,0.0011555,0.0023205,0.013755,0.018396,34.831,0.07923,0.15911,34.6719,34.9901,34.9517,0.0080672,0.016201,34.9355,34.9679,1.899,0.22104,0.44389,1.4551,2.3429,0.4,,,,,1.8197008586099839,0.002398385700477284,14.79737311477461,0.008175594346514114,4.7475,0.0621950072704129,0.3017499999999984,0.9295980826165426,0.0,0.08619741842375904,0.09272546924918229,ambiguous,False,True,2.0,,,False,ambiguous | best_one=dominant,double,double,-381.127997479254,-426.573583180654,45.44558570139998
20251212_183713_trapped_double,20251212_183713,20251212,183713,trapped,double,double_gaussian,dip,ok,,2.600000000000001,11.701833333333333,0.0170223242096621,0.977342425805048,-397.049395590056,-389.964763020863,0.0003542063379592,0.0031367283821383,True,,0.0139,0.0022675,0.0045536,0.0093463,0.018454,0.072187,0.0035202,0.0070693,0.065118,0.079256,0.10251,0.0018309,0.0036768,0.098834,0.10619,34.5396,0.1741,0.34963,34.19,34.8892,34.9687,0.01392,0.027954,34.9407,34.9966,2.0369,0.43107,0.86567,1.1712,2.9026,0.4,,,,,1.8197008586099839,0.002398385700477284,14.79737311477461,0.008175594346514114,5.09225,0.2067151001193534,1.0727499999999957,0.42977766052111954,0.0,0.03673895000075658,0.0854836194980665,pedestal_plus_peak,False,True,2.0,1.0,,False,"pedestal(W>=5.0,S<=1.0,narrow>= 1.0*wide)",double,double,-375.166821740164,-397.049395590056,21.882573849892026
20251212_184222_lost_double,20251212_184222,20251212,184222,lost,double,double_gaussian,peak,ok,,2.600000000000001,11.689024390243903,0.0538109190200892,0.972299155911517,-625.317528933122,-614.399400666842,0.0001742736521049,0.0018485481961342,True,,0.058702,0.30831,0.61429,-0.55558,0.67299,0.023382,0.0045699,0.0091051,0.014276,0.032487,-0.026398,0.30989,0.61743,-0.64383,0.59103,60.5894,0.73838,1.4712,59.1182,62.0606,62.5312,0.4307,0.85813,61.673,63.3893,9.8845,30.5779,60.9241,-51.0396,70.8086,2.7453,0.35066,0.69866,2.0466,3.4439,1.8197008586099839,0.000963831339334903,14.75375818923418,0.0032756727529761973,3.6005172476596363,0.1892840638837166,0.7073179616071106,0.9125732147995622,0.0,0.0728796644013511,0.07986171763474167,ambiguous,False,True,2.0,,,False,ambiguous | best_one=dominant,double,double,-601.492414821227,-625.317528933122,23.825114111895004
20251212_184222_trapped_double,20251212_184222,20251212,184222,trapped,double,double_gaussian,dip,ok,,2.600000000000001,11.689024390243903,0.0636879220475241,0.927786915224388,-581.225922519137,-570.307794252858,0.0004137111724548,0.002848154450451,True,,0.0059517,0.0020628,0.0041099,0.0018418,0.010062,0.031164,0.0016793,0.0033459,0.027818,0.03451,0.094853,0.0014413,0.0028716,0.091981,0.097724,58.957,0.3417,0.68081,58.2762,59.6378,62.479,0.11332,0.22579,62.2532,62.7048,1.1578,0.49885,0.99392,0.16387,2.1517,2.5433,0.20277,0.40401,2.1393,2.9473,1.8197008586099839,0.000963831339334903,14.75375818923418,0.0032756727529761973,2.1966660908619797,1.2603614055557382,3.041976161685955,0.3379164920744215,0.0,0.010531022158334034,0.031164569961310798,ambiguous,False,True,2.0,,,False,ambiguous | best_one=dominant,double,double,-580.551283327908,-581.225922519137,0.6746391912290619
20251212_184923_lost_double,20251212_184923,20251212,184923,lost,double,double_gaussian,peak,ok,,2.600000000000001,11.687633333333332,0.0551605860374409,0.965428802475594,-420.299836456087,-413.215203886895,0.0001856817226246,0.0022710846810414,True,,0.014377,0.0024599,0.0049441,0.0094324,0.019321,0.033965,0.0041625,0.0083664,0.025598,0.042331,0.013268,0.0018403,0.0036989,0.0095692,0.016967,68.3739,0.38668,0.7772,67.5967,69.1511,70.0515,0.031576,0.063466,69.988,70.115,2.1446,0.60274,1.2115,0.93315,3.3561,0.73922,0.080031,0.16086,0.57837,0.90008,1.8197008586099839,0.0012854744044299604,14.749037293751687,0.004366994301686666,2.9011660939909634,0.739543713265818,2.2694191174481184,0.34897669767441125,0.0,0.014573924957739312,0.04176188569282787,ambiguous,False,True,2.0,,,False,ambiguous | best_one=dominant,double,double,-373.176906703503,-420.299836456087,47.122929752584014
20251212_184923_trapped_double,20251212_184923,20251212,184923,trapped,double,double_gaussian,dip,ok,,2.600000000000001,11.687633333333332,0.0608212999669757,0.917789386235455,-391.685017753536,-384.600385184343,0.0004111220439678,0.0033793574502978,True,,0.017169,0.0035285,0.007092,0.010077,0.024261,0.029504,0.0087142,0.017515,0.011989,0.047019,0.099386,0.0013606,0.0027347,0.096652,0.10212,69.0755,0.43893,0.88222,68.1932,69.9577,70.1711,0.046088,0.092634,70.0785,70.2637,1.3349,0.45708,0.91871,0.41618,2.2536,0.5537,0.12517,0.25159,0.30211,0.80528,1.8197008586099839,0.0012854744044299604,14.749037293751687,0.004366994301686666,2.410872313527181,0.758106897761318,1.9786888206609905,0.4641448238907875,0.0,0.017757202735858464,0.038257892411694125,ambiguous,False,True,2.0,,,False,ambiguous | best_one=dominant,double,double,-369.460860698852,-391.685017753536,22.224157054683985
20251212_185420_lost_double,20251212_185420,20251212,185420,lost,double,double_gaussian,peak,ok,,2.600000000000001,11.696636363636365,0.0358702390179726,0.987107263074251,-344.778386381675,-342.193932837747,2.08035188874986e-05,0.0008945028461815,True,,0.015172,0.001418,0.0028899,0.012282,0.018062,0.011522,0.0015724,0.0032044,0.0083174,0.014726,0.0096983,0.00062078,0.0012651,0.0084332,0.010963,82.0121,0.046071,0.093888,81.9182,82.1059,82.2701,0.029293,0.059697,82.2104,82.3298,1.3034,0.11274,0.22976,1.0736,1.5331,0.4,0.057761,0.11771,0.28229,0.51771,1.8197008586099839,0.0007582057986179439,14.779635510964305,0.0025804310352004374,3.2584999999999997,0.18923320755530265,0.6449999999999889,0.8721466086388608,0.0,0.022772646057994568,0.026111029765437388,ambiguous,False,True,2.0,,,False,ambiguous | best_one=dominant,double,double,-318.239586467593,-344.778386381675,26.53879991408195
20251212_185420_trapped_single,20251212_185420,20251212,185420,trapped,single,single_gaussian,dip,ok,,2.600000000000001,11.696636363636365,0.0816115609553935,0.870301606014335,-292.987110930942,-289.859486683618,0.0002267662336663,0.0029532656869871,True,,0.02247,0.0021439,0.004345,0.018125,0.026815,,,,,,0.10408,0.0010186,0.0020643,0.10202,0.10615,82.1894,0.054172,0.10979,82.0796,82.2992,,,,,,0.73831,0.090046,0.1825,0.55581,0.92081,,,,,,1.8197008586099839,0.0007582057986179439,14.779635510964305,0.0025804310352004374,,,,,,,,single,True,False,1.0,,,False,,single,single,-292.987110930942,-283.476550419773,-9.51056051116899
20251212_191239_lost_double,20251212_191239,20251212,191239,lost,double,double_gaussian,peak,ok,,2.600000000000001,11.689323076923076,0.0469259490447642,0.961650381214879,-958.646982923521,-943.420085416157,0.0004844581032499,0.0024456009972303,True,,0.033899,0.00089988,0.0017809,0.032118,0.03568,0.023856,0.0012431,0.0024601,0.021396,0.026316,0.013025,0.00050604,0.0010015,0.012023,0.014026,100.6623,0.073902,0.14626,100.5161,100.8086,104.9583,0.070107,0.13874,104.8196,105.097,2.7593,0.12211,0.24166,2.5177,3.001,1.3967,0.095746,0.18949,1.2072,1.5862,1.8197008586099839,0.0011961204546414948,14.754780809108254,0.00406948271400987,1.975585308226534,1.3890982666523135,3.0758215794372394,0.7922617530352892,0.2280316321374181,0.033900857279250844,0.02685835261745842,true_double,True,True,,,,False,true_strong(S>=1.0),double,double,-853.760211089497,-958.646982923521,104.88677183402399
20251212_191239_trapped_double,20251212_191239,20251212,191239,trapped,double,double_gaussian,dip,ok,,2.600000000000001,11.689323076923076,0.0757786941106643,0.911828034986278,-902.977139983757,-887.750242476392,0.0009632499821675,0.0034484743131548,True,,0.030029,0.0015327,0.0030332,0.026996,0.033062,0.024181,0.0021711,0.0042966,0.019885,0.028478,0.10581,0.00085131,0.0016848,0.10412,0.10749,100.827,0.13244,0.26209,100.565,101.0891,105.1146,0.10467,0.20714,104.9075,105.3218,2.7769,0.22538,0.44603,2.3309,3.2229,1.2671,0.14743,0.29178,0.97531,1.5589,1.8197008586099839,0.0011961204546414948,14.754780809108254,0.00406948271400987,2.1915397364059666,1.4046975767017214,3.383789756136057,0.8974274321831885,0.33475932763068406,0.030029257506418255,0.026949079454352674,true_double,True,True,,,,False,true_strong(S>=1.0),double,double,-849.444359585025,-902.977139983757,53.532780398731916
20251212_192357_lost_double,20251212_192357,20251212,192357,lost,double,double_gaussian,peak,ok,,2.600000000000001,11.693934782608697,0.0232705639586054,0.921874039746148,-728.431964445232,-716.587835943419,9.38297463706363e-05,0.0012944231090296,True,,0.011095,0.00072774,0.0014475,0.0096473,0.012542,0.0055229,0.0023682,0.0047105,0.00081239,0.010233,0.012124,0.00030201,0.0006007,0.011524,0.012725,143.8765,0.25622,0.50962,143.3669,144.3862,145.7353,0.15339,0.3051,145.4302,146.0404,1.7431,0.28798,0.57279,1.1703,2.3159,0.85094,0.25916,0.51547,0.33547,1.3664,1.8197008586099839,0.000703360211321734,14.770446047680924,0.002392665672251026,2.0484405480997485,0.9582848271555549,2.1844078313394624,0.8150769745330301,0.0,0.011141759656474924,0.009081391751773754,ambiguous,True,False,1.0,,,False,ambiguous | best_one=dominant,double,double,-723.8401123616,-728.431964445232,4.591852083632034
20251212_192357_trapped_double,20251212_192357,20251212,192357,trapped,double,double_gaussian,dip,ok,,2.600000000000001,11.693934782608697,0.0925138177967486,0.863753188093817,-678.387914054622,-666.54378555281,0.0002293216694923,0.0020236180006028,True,,0.0051962,0.0020019,0.0039819,0.0012142,0.0091781,0.016438,0.002042,0.0040616,0.012377,0.0205,0.10895,0.0022225,0.0044206,0.10453,0.11337,138.859,0.15177,0.30187,138.5571,139.1609,144.4093,0.10154,0.20196,144.2074,144.6113,0.62668,0.29471,0.58618,0.0405,1.2129,3.0444,0.45013,0.89531,2.1491,3.9397,1.8197008586099839,0.000703360211321734,14.770446047680924,0.002392665672251026,4.857981745069254,1.7856781623725768,8.856673262271004,0.3521262142887782,0.0,0.005788250710478937,0.016438,ambiguous,False,True,2.0,,,False,ambiguous | best_one=dominant,double,double,-676.20261893058,-678.387914054622,2.1852951240419998
20251215_121232_lost_double,20251215_121232,20251215,121232,lost,double,double_gaussian,peak,ok,,3.3,11.864536585365853,0.101986128384566,0.956048805137395,-522.339459373796,-511.421331107516,0.0013126517561823,0.0050732898329452,True,,0.027682,0.0041004,0.0081698,0.019512,0.035851,0.058985,0.0052843,0.010528,0.048457,0.069514,0.019261,0.0024398,0.0048611,0.0144,0.024122,34.7218,0.21678,0.43191,34.2899,35.1537,35.6671,0.040537,0.080767,35.5863,35.7479,2.3791,0.38083,0.75877,1.6203,3.1379,0.62315,0.068966,0.13741,0.48574,0.76056,2.1379620895022318,0.002259368755715006,15.36225742363577,0.007985305285601577,3.817860868169783,0.38436889074186736,1.5169702318863774,0.4065234572963694,0.0,0.03358868340237728,0.08262421958566092,ambiguous,False,True,2.0,,,False,ambiguous | best_one=dominant,double,double,,-522.339459373796,
20251215_121232_trapped_double,20251215_121232,20251215,121232,trapped,double,double_gaussian,dip,ok,,3.3,11.864536585365853,0.0065680964978045,0.962790719676771,-537.016451702275,-526.098323435995,0.0009843883149651,0.0043933736087411,True,,0.028257,0.0034526,0.0068791,0.021378,0.035136,0.067703,0.0052073,0.010375,0.057328,0.078078,0.094967,0.0011829,0.0023568,0.09261,0.097324,34.8445,0.17993,0.3585,34.486,35.203,35.7807,0.025404,0.050615,35.7301,35.8313,1.653,0.19029,0.37914,1.2739,2.0321,0.51741,0.046442,0.092531,0.42488,0.60994,2.1379620895022318,0.002259368755715006,15.36225742363577,0.007985305285601577,3.194758508726155,0.5405043221346253,1.8093968033088006,0.34941023115218706,0.0,0.03082009035471541,0.08820603292893159,ambiguous,False,True,2.0,,,False,ambiguous | best_one=dominant,double,double,-485.712053476147,-537.016451702275,51.30439822612806
20251215_121921_lost_double,20251215_121921,20251215,121921,lost,double,double_gaussian,peak,ok,,3.3,11.839509803921567,0.0674518815491703,0.940149775202675,-1381.9053715773,-1363.00055077101,0.001930714552998,0.0039144771519323,True,,0.037769,0.00069393,0.0013682,0.036401,0.039138,0.037483,0.001372,0.0027052,0.034778,0.040188,0.019508,0.00054017,0.0010651,0.018443,0.020574,64.8474,0.086367,0.17029,64.6771,65.0177,71.2768,0.031592,0.062291,71.2145,71.339,5.6413,0.17561,0.34625,5.295,5.9875,1.1495,0.052398,0.10332,1.0462,1.2528,2.1379620895022318,0.0008141690262981799,15.273951940262872,0.0028622807226748597,4.9076120052196615,1.1167536972197076,5.593214441061332,0.7903552255912331,0.2768794123699406,0.03776900000000097,0.04778737304070773,true_double,True,True,,,,False,true_strong(S>=1.0),double,double,,-1381.9053715773,
20251215_121921_trapped_double,20251215_121921,20251215,121921,trapped,double,double_gaussian,dip,ok,,3.3,11.839509803921567,0.0411379218863017,0.937619122743477,-1376.35329727169,-1357.4484764654,0.0020176919333783,0.0040016781533108,True,,0.037654,0.0010159,0.0020031,0.035651,0.039658,0.044872,0.0020807,0.0041025,0.04077,0.048975,0.098349,0.00084233,0.0016609,0.096688,0.10001,65.2174,0.1295,0.25535,64.9621,65.4728,71.6348,0.03573,0.070451,71.5643,71.7052,6.0515,0.27129,0.53492,5.5166,6.5864,1.0269,0.059608,0.11753,0.90936,1.1444,2.1379620895022318,0.0008141690262981799,15.273951940262872,0.0028622807226748597,5.892978868438991,1.045517883643779,6.249293991625281,0.6594217637123134,0.24501346666206328,0.037654,0.05710154270314219,true_double,True,True,,,,False,true_strong(S>=1.0),double,double,,-1376.35329727169,
20251215_123555_lost_single,20251215_123555,20251215,123555,lost,single,single_gaussian,peak,ok,,3.3,11.8505,0.0289292851481384,0.919214604066075,-463.93849610606,-458.894742932881,7.03712312691966e-05,0.0013981260401495,True,,0.014177,0.00073798,0.0014797,0.012697,0.015657,,,,,,0.014752,0.00036769,0.00073723,0.014015,0.015489,84.0723,0.042703,0.085622,83.9867,84.1579,,,,,,1.0736,0.072084,0.14453,0.92909,1.2182,,,,,,2.1379620895022318,0.0005816233439999292,15.312639741106318,0.002050256851368672,,,,,,,,single,True,False,1.0,,,False,,single,single,-463.93849610606,-461.701395816191,-2.2371002898689767
20251215_124102_lost_double,20251215_124102,20251215,124102,lost,double,double_gaussian,peak,ok,,3.3,11.852164383561643,0.0534907807222677,0.966679970299364,-1072.50313311423,-1056.27651415897,0.000585195892495,0.0025358872398732,True,,0.036886,0.00090048,0.00178,0.035106,0.038666,0.015841,0.0018411,0.0036394,0.012201,0.01948,0.016605,0.00077696,0.0015358,0.015069,0.018141,103.5197,0.098887,0.19547,103.3243,103.7152,107.3207,0.068885,0.13617,107.1845,107.4569,4.1205,0.19589,0.38722,3.7332,4.5077,0.89869,0.12925,0.25548,0.6432,1.1542,2.1379620895022318,0.0007927577147603354,15.318518014068724,0.002797058354269564,4.585007065840278,0.9012737532145116,4.229489590403812,0.8564742162178217,0.05043594225284877,0.03688600026969324,0.03159190817039588,ambiguous,True,False,1.0,,,False,ambiguous | best_one=dominant,double,double,-1010.63760385403,-1072.50313311423,61.86552926019999
20251215_124102_trapped_double,20251215_124102,20251215,124102,trapped,double,double_gaussian,dip,ok,,3.3,11.852164383561643,0.0663093165716954,0.936374569861521,-1026.08823894883,-1009.86161999358,0.0009745739802551,0.0032725531590225,True,,0.03374,0.0011097,0.0021936,0.031547,0.035934,0.014965,0.0023144,0.0045749,0.01039,0.01954,0.10005,0.00091783,0.0018143,0.098235,0.10186,103.9372,0.11882,0.23488,103.7023,104.1721,107.4329,0.081071,0.16026,107.2726,107.5931,4.1001,0.23267,0.45992,3.6402,4.56,0.72894,0.1419,0.2805,0.44844,1.0094,2.1379620895022318,0.0007927577147603354,15.318518014068724,0.002797058354269564,5.624742777183307,0.8394259497043057,4.795593601668175,0.9269402155103675,0.09892629938828877,0.0337400000015392,0.031274962872746545,ambiguous,True,False,1.0,,,False,ambiguous | best_one=dominant,double,double,-995.971205816507,-1026.08823894883,30.117033132322945
20251215_140843_lost_double,20251215_140843,20251215,140843,lost,double,double_gaussian,peak,ok,,4.0,12.104239130434781,0.112537096266287,0.839857808237613,-468.73291884593,-456.888790344117,0.0096911161921126,0.0131550616223462,True,,0.042683,0.0030413,0.0060492,0.036634,0.048733,0.065129,0.0036568,0.0072735,0.057855,0.072402,0.013798,0.0024443,0.0048618,0.0089367,0.01866,34.6437,0.12943,0.25743,34.3862,34.9011,36.1133,0.031145,0.061948,36.0513,36.1752,2.957,0.25961,0.51638,2.4406,3.4734,0.75217,0.052416,0.10426,0.64791,0.85642,2.51188643150958,0.003755940474352709,16.234120545182016,0.014071782030064671,3.931292128109337,0.4816520682355654,1.9538136325564697,0.44800109986709197,0.0,0.044114871325160156,0.09847045317131514,ambiguous,False,True,2.0,,,False,ambiguous | best_one=dominant,double,double,-467.205069550823,-468.73291884593,1.5278492951069893
20251215_140843_trapped_double,20251215_140843,20251215,140843,trapped,double,double_gaussian,dip,ok,,4.0,12.104239130434781,0.0079228053359688,0.948911608522521,-536.413672505677,-524.569544003865,0.0028939568634653,0.0071887273653484,True,,0.043081,0.0037282,0.0074155,0.035665,0.050496,0.082417,0.0052487,0.01044,0.071978,0.092857,0.1202,0.002386,0.0047458,0.11545,0.12494,34.8097,0.19896,0.39573,34.414,35.2055,36.4731,0.032082,0.063813,36.4093,36.5369,2.6961,0.28832,0.57347,2.1226,3.2696,0.87244,0.060678,0.12069,0.75175,0.99313,2.51188643150958,0.003755940474352709,16.234120545182016,0.014071782030064671,3.090298473247444,0.586997210509596,1.906606758057864,0.40457179630446366,0.0,0.04525516002912721,0.111859404047706,ambiguous,False,True,2.0,,,False,ambiguous | best_one=dominant,double,double,-474.631456724771,-536.413672505677,61.78221578090603
20251215_141616_lost_single,20251215_141616,20251215,141616,lost,single,single_gaussian,peak,ok,,4.0,12.08411627906977,0.113118106842101,0.808577729004589,-899.664037738061,-889.406320965573,0.0201779388180037,0.0137970255264457,True,,0.08046,0.0042671,0.008422,0.072038,0.088882,,,,,,0.032658,0.0020249,0.0039965,0.028661,0.036654,71.523,0.12671,0.25009,71.2729,71.773,,,,,,3.1343,0.20808,0.41069,2.7236,3.545,,,,,,2.51188643150958,0.0006304039601340353,16.15890190970342,0.002345933925054692,,,,,,,,single,True,False,1.0,,,False,,single,single,-899.664037738061,-896.091764132324,-3.5722736057369957
20251215_141616_trapped_single,20251215_141616,20251215,141616,trapped,single,single_gaussian,dip,ok,,4.0,12.08411627906977,0.0202608277807562,0.829438802820971,-910.919725457824,-900.662008685336,0.0181451650476206,0.0130836081543297,True,,0.081935,0.0040451,0.0079839,0.073951,0.089919,,,,,,0.1022,0.0019439,0.0038368,0.098359,0.10603,71.5534,0.11991,0.23668,71.3167,71.7901,,,,,,3.1953,0.19754,0.38989,2.8054,3.5852,,,,,,2.51188643150958,0.0006304039601340353,16.15890190970342,0.002345933925054692,,,,,,,,single,True,False,1.0,,,False,,single,single,-910.919725457824,-904.535984241182,-6.383741216642079
20251215_143015_lost_double,20251215_143015,20251215,143015,lost,double,double_gaussian,peak,ok,,4.0,12.092492307692309,0.080294251559056,0.974196183692504,-929.226745515739,-913.999848008374,0.0006966225722697,0.0029326231721783,True,,0.028623,0.0027782,0.0054981,0.023125,0.034121,0.043559,0.0021674,0.0042893,0.039269,0.047848,0.016205,0.002638,0.0052208,0.010984,0.021426,105.4634,0.24537,0.48559,104.9778,105.949,108.6692,0.046487,0.092,108.5772,108.7612,5.4342,0.62944,1.2457,4.1885,6.6799,1.7124,0.087324,0.17282,1.5396,1.8852,2.51188643150958,0.0007493942326815351,16.190097319231583,0.002794423639089375,3.1734407848633497,0.5626562484595901,1.8721093202522838,0.4693806454733363,0.0,0.029932077949418257,0.06376930586738175,ambiguous,False,True,2.0,,,False,ambiguous | best_one=dominant,double,double,-788.376990244547,-929.226745515739,140.84975527119207
20251215_143015_trapped_double,20251215_143015,20251215,143015,trapped,double,double_gaussian,dip,ok,,4.0,12.092492307692309,0.0520108028686199,0.951364159700155,-879.380678181823,-864.153780674458,0.0012890068385344,0.0039891934865665,True,,0.028944,0.0026767,0.0052973,0.023647,0.034241,0.041934,0.0035761,0.0070772,0.034857,0.049011,0.11309,0.0021094,0.0041745,0.10892,0.11727,105.8732,0.34259,0.678,105.1952,106.5512,108.8547,0.063988,0.12663,108.7281,108.9814,4.5268,0.56757,1.1232,3.4036,5.65,1.4876,0.13001,0.25729,1.2304,1.7449,2.51188643150958,0.0007493942326815351,16.190097319231583,0.002794423639089375,3.0430223178273725,0.6257131536375815,2.00423500941113,0.48935011048397237,0.0,0.029699133277194797,0.060690970822142136,ambiguous,False,True,2.0,,,False,ambiguous | best_one=dominant,double,double,-777.806237210303,-879.380678181823,101.57444097151995
20251215_153823_lost_double,20251215_153823,20251215,153823,lost,double,double_gaussian,peak,ok,,5.0,12.439224489795917,0.0807269629597605,0.875372928642353,-571.203229768278,-558.540320266235,0.0040168211315181,0.0081147721315018,True,,0.047211,0.0056825,0.011287,0.035924,0.058498,0.033366,0.0063337,0.01258,0.020785,0.045946,0.015289,0.0051253,0.01018,0.0051084,0.025469,35.2712,0.26396,0.52429,34.7469,35.7955,37.5229,0.11036,0.2192,37.3037,37.7421,3.4924,0.57396,1.1401,2.3523,4.6324,0.96362,0.20826,0.41366,0.54996,1.3773,3.1622776601683795,0.002267991911547058,17.53573257590551,0.0091765452609037,3.624250223116996,0.6215182738390674,2.336709491293248,0.7339290489728268,0.0,0.04735289416314155,0.06451971648950872,ambiguous,False,True,2.0,,,False,ambiguous | best_one=dominant,double,double,,-571.203229768278,
20251215_153823_trapped_double,20251215_153823,20251215,153823,trapped,double,double_gaussian,dip,ok,,5.0,12.439224489795917,0.0513021120587866,0.936363666561115,-617.973957582384,-605.311048080341,0.0018659262594311,0.0055307282587957,True,,0.049563,0.005216,0.01036,0.039202,0.059923,0.048626,0.0064872,0.012885,0.035741,0.061512,0.13181,0.0052172,0.010363,0.12144,0.14217,35.5694,0.19745,0.3922,35.1772,35.9616,37.9683,0.061238,0.12164,37.8467,38.09,3.5753,0.52525,1.0433,2.532,4.6186,0.6237,0.10439,0.20734,0.41636,0.83104,3.1622776601683795,0.002267991911547058,17.53573257590551,0.0091765452609037,5.732403399070066,0.6609826284709884,3.846240179573509,0.6178182896009629,0.08215105436349526,0.049563018285445334,0.0802226465607827,pedestal_plus_peak,False,True,2.0,1.0,,False,"pedestal(W>=5.0,S<=1.0,narrow>= 1.0*wide)",double,double,,-617.973957582384,
20251215_154627_lost_double,20251215_154627,20251215,154627,lost,double,double_gaussian,peak,ok,,5.0,12.427558823529411,0.110431240699759,0.886720809224277,-1137.77531151038,-1118.8704907041,0.0134023535336229,0.0103134807503327,True,,0.043183,0.0057271,0.011292,0.031891,0.054475,0.053793,0.0030901,0.0060929,0.0477,0.059886,0.015577,0.0068948,0.013595,0.0019821,0.029172,73.176,0.25601,0.50479,72.6712,73.6808,75.3873,0.090718,0.17887,75.2084,75.5661,9.6281,1.6161,3.1866,6.4415,12.8146,2.3815,0.15666,0.30889,2.0726,2.6903,3.1622776601683795,0.0004869010827261208,17.48863949252734,0.001960860501606575,4.042872139407936,0.22295244653042778,0.9285324375393635,0.6954276417333192,0.0,0.06589675889548793,0.09475717521271301,ambiguous,False,True,2.0,,,False,ambiguous | best_one=dominant,double,double,,-1137.77531151038,
20251215_154627_trapped_double,20251215_154627,20251215,154627,trapped,double,double_gaussian,dip,ok,,5.0,12.427558823529411,0.0295817985181149,0.925956879130626,-1204.49279518596,-1185.58797437968,0.0078926069301056,0.0079145269941115,True,,0.036513,0.0023144,0.0045635,0.03195,0.041077,0.058271,0.0022429,0.0044224,0.053848,0.062693,0.12265,0.0026807,0.0052857,0.11736,0.12793,73.7202,0.18802,0.37073,73.3495,74.091,75.5871,0.051392,0.10133,75.4857,75.6884,8.3481,0.78959,1.5569,6.7912,9.905,2.0559,0.092518,0.18242,1.8735,2.2384,3.1622776601683795,0.0004869010827261208,17.48863949252734,0.001960860501606575,4.060557420107982,0.2171437958400535,0.908069458631257,0.6672898501591943,0.0,0.06205985969300167,0.09300285277559092,ambiguous,False,True,2.0,,,False,ambiguous | best_one=dominant,double,double,-1152.34217223759,-1204.49279518596,52.15062294837003
20251215_160259_lost_double,20251215_160259,20251215,160259,lost,double,double_gaussian,peak,ok,,5.0,12.413733333333333,0.0401292646982459,0.957910092964428,-450.786177507124,-443.701544937931,7.96141015518022e-05,0.001487112242194,True,,0.011709,0.0042256,0.0084932,0.0032155,0.020202,0.01047,0.0036325,0.007301,0.0031692,0.017771,0.017956,0.0013161,0.0026452,0.015311,0.020601,89.9544,0.082867,0.16656,89.7879,90.121,90.0172,0.18228,0.36636,89.6508,90.3835,0.95695,0.2227,0.4476,0.50934,1.4046,2.5147,0.84904,1.7065,0.8082,4.2212,3.1622776601683795,0.0006528812818988428,17.433051006335308,0.0026217880738664775,2.627827995193061,0.023340291493308428,0.06562516327916375,0.9980250011934381,0.0,0.022172472330061685,0.022128681723671287,ambiguous,True,False,1.0,,,False,ambiguous | best_one=dominant,double,double,-448.744365947207,-450.786177507124,2.0418115599170505
20251215_160758_lost_double,20251215_160758,20251215,160758,lost,double,double_gaussian,peak,ok,,5.0,12.433926829268291,0.124719640880233,0.951785852134513,-509.591458857483,-498.673330591203,0.0016854121393716,0.0057486778349829,True,,0.057392,0.0032522,0.0064773,0.050915,0.06387,0.036009,0.0059925,0.011935,0.024074,0.047945,0.03226,0.0018638,0.003712,0.028548,0.035972,113.1423,0.069667,0.13875,113.0036,113.2811,113.4241,0.047377,0.094361,113.3297,113.5185,2.1314,0.14768,0.29413,1.8373,2.4256,0.4,,,,,3.1622776601683795,0.001792575075567757,17.51433710021914,0.007224593853299968,5.3285,0.12994503439051702,0.7044999999999746,0.858306447649762,0.0,0.07931307838380872,0.09240648092646389,pedestal_plus_peak,False,True,2.0,1.0,,False,"pedestal(W>=5.0,S<=1.0,narrow>= 1.0*wide)",double,double,-488.47765570746,-509.591458857483,21.113803150023045
20251215_160758_trapped_double,20251215_160758,20251215,160758,trapped,double,double_gaussian,dip,ok,,5.0,12.433926829268291,0.0310662999347719,0.958079671118031,-527.856723437857,-516.938595171577,0.0011780584290867,0.0048061611379618,True,,0.053733,0.0029484,0.0058722,0.047861,0.059605,0.02753,0.005238,0.010432,0.017098,0.037963,0.11205,0.0013352,0.0026592,0.10939,0.11471,113.3016,0.056842,0.11321,113.1884,113.4148,113.4439,0.050822,0.10122,113.3427,113.5451,1.8848,0.11637,0.23177,1.653,2.1165,0.4,,,,,3.1622776601683795,0.001792575075567757,17.51433710021914,0.007224593853299968,4.712,0.07385388789171735,0.35575000000001467,0.9633477948799983,0.0,0.07799031585564128,0.08095759005225764,ambiguous,False,True,2.0,,,False,ambiguous | best_one=dominant,double,double,-512.553430255258,-527.856723437857,15.303293182598964
20251215_173206_lost_double,20251215_173206,20251215,173206,lost,double,double_gaussian,peak,ok,,6.0,12.701591836734694,0.0444280632916766,0.939671767964356,-713.326249391719,-700.663339889676,0.0003908643379023,0.0025313261537698,True,,0.022594,0.00109,0.0021651,0.020429,0.024759,0.027552,0.0018163,0.0036076,0.023944,0.031159,0.01247,0.00081345,0.0016157,0.010855,0.014086,34.8285,0.135,0.26815,34.5604,35.0967,38.1837,0.054273,0.1078,38.0759,38.2915,2.5891,0.23186,0.46054,2.1285,3.0496,1.0567,0.081076,0.16104,0.89571,1.2178,3.9810717055349722,0.000686171697132275,18.62770354306988,0.0029443627791044765,2.4501750733415353,1.1998129509006732,3.1751679757736384,0.7113065119210148,0.24480955450181832,0.022595152736559872,0.03176570487951458,true_double,True,True,,,,False,true_strong(S>=1.0),double,double,,-713.326249391719,
20251215_173206_trapped_double,20251215_173206,20251215,173206,trapped,double,double_gaussian,dip,ok,,6.0,12.701591836734694,0.0618409093573839,0.849690084037367,-663.304883975477,-650.641974473434,0.0008874772806606,0.0038142899574734,True,,0.022935,0.0039353,0.0078165,0.015119,0.030752,0.022773,0.0030474,0.006053,0.01672,0.028826,0.10107,0.0041475,0.0082381,0.092829,0.10931,35.9653,0.19486,0.38704,35.5783,36.3524,38.357,0.057406,0.11402,38.243,38.471,4.1228,0.82178,1.6323,2.4905,5.7551,0.55704,0.092902,0.18453,0.37251,0.74157,3.9810717055349722,0.000686171697132275,18.62770354306988,0.0029443627791044765,7.401263823064771,0.5748917855636635,4.293587534108862,0.5857619371825423,0.0707973292188065,0.02293500022451613,0.039154132026452994,pedestal_plus_peak,False,True,2.0,1.0,,False,"pedestal(W>=5.0,S<=1.0,narrow>= 1.0*wide)",double,double,,-663.304883975477,
20251215_174013_lost_double,20251215_174013,20251215,174013,lost,double,double_gaussian,peak,ok,,6.0,12.726567901234569,0.0817311585868796,0.949601579531631,-1111.51789019635,-1094.41634765374,0.0014437018379102,0.0037807509311076,True,,0.028593,0.0012592,0.0024868,0.026106,0.03108,0.037112,0.0018238,0.0036018,0.03351,0.040714,0.018134,0.00058777,0.0011608,0.016973,0.019295,75.7206,0.10052,0.19852,75.5221,75.9191,76.8619,0.031406,0.062023,76.7999,76.9239,4.0562,0.18613,0.36759,3.6886,4.4238,0.88193,0.054089,0.10682,0.7751,0.98875,3.9810717055349722,0.00037117197204309093,18.735136419612942,0.0016011564534759643,4.599231231503634,0.2749477272482678,1.2940936355493078,0.5595374069030491,0.0,0.03554661751475144,0.06352858106752207,ambiguous,False,True,2.0,,,False,ambiguous | best_one=dominant,double,double,,-1111.51789019635,
20251215_174013_trapped_double,20251215_174013,20251215,174013,trapped,double,double_gaussian,dip,ok,,6.0,12.726567901234569,0.0323924627921057,0.924807874193463,-1077.98974933654,-1060.88820679392,0.0020120866670805,0.0044633675816713,True,,0.028064,0.0017382,0.0034329,0.024631,0.031496,0.028717,0.0024108,0.0047611,0.023956,0.033478,0.087675,0.0010313,0.0020368,0.085638,0.089711,75.7277,0.14875,0.29378,75.4339,76.0215,76.8457,0.061082,0.12063,76.7251,76.9663,4.6675,0.33804,0.66761,3.9998,5.3351,1.0347,0.10743,0.21216,0.82257,1.2469,3.9810717055349722,0.00037117197204309093,18.735136419612942,0.0016011564534759643,4.510969363100417,0.23385150353834128,1.080506426983662,0.6700784512320376,0.0,0.0369991697177832,0.05521617603096293,ambiguous,False,True,2.0,,,False,ambiguous | best_one=dominant,double,double,-988.344614356124,-1077.98974933654,89.64513498041595
20251215_175327_lost_single,20251215_175327,20251215,175327,lost,single,single_gaussian,peak,ok,,6.0,12.735181818181818,0.0260312748455959,0.861353214286284,-508.149405171626,-502.406228015919,0.0001360431985137,0.0018215726153571,True,,0.012419,0.00085348,0.0017059,0.010713,0.014125,,,,,,0.013612,0.00039916,0.00079782,0.012815,0.01441,93.7479,0.060643,0.12121,93.6266,93.8691,,,,,,1.1452,0.10031,0.20049,0.94475,1.3457,,,,,,3.9810717055349722,0.000798385653087563,18.772335879461707,0.0034516883465327297,,,,,,,,single,True,False,1.0,,,False,,single,single,-508.149405171626,,
20251215_175327_trapped_single,20251215_175327,20251215,175327,trapped,single,single_gaussian,dip,ok,,6.0,12.735181818181818,0.0684715517411426,0.808668483808131,-446.100417289209,-440.357240133503,0.0006179221136252,0.003882173497415,True,,0.02372,0.0021247,0.0042468,0.019474,0.027967,,,,,,0.092192,0.0010095,0.0020178,0.090174,0.09421,93.6788,0.080216,0.16033,93.5184,93.8391,,,,,,1.1646,0.13333,0.26649,0.89807,1.4311,,,,,,3.9810717055349722,0.000798385653087563,18.772335879461707,0.0034516883465327297,,,,,,,,single,True,False,1.0,,,False,,single,single,-446.100417289209,-444.187602453905,-1.9128148353040046
20251215_175907_lost_double,20251215_175907,20251215,175907,lost,double,double_gaussian,peak,ok,,6.0,12.739756097560976,0.0661352634550705,0.968079706655164,-579.301603926319,-568.38347566004,0.0004296194498059,0.0029023974194637,True,,0.021687,0.0040302,0.0080299,0.013657,0.029717,0.034803,0.00527,0.0105,0.024303,0.045303,0.014969,0.0013868,0.0027631,0.012206,0.017732,113.1796,0.33301,0.6635,112.5161,113.8431,114.414,0.064933,0.12937,114.2847,114.5434,2.2341,0.33172,0.66092,1.5731,2.895,0.93615,0.12522,0.24949,0.68666,1.1856,3.9810717055349722,0.0004703461077069897,18.792114724852212,0.0020350976998339486,2.386476526197725,0.5095964769275579,1.3185921059659327,0.5474842532447782,0.0,0.027803673775541764,0.05078442642095652,ambiguous,False,True,2.0,,,False,ambiguous | best_one=dominant,double,double,-514.047434752233,-579.301603926319,65.25416917408597
20251215_175907_trapped_double,20251215_175907,20251215,175907,trapped,double,double_gaussian,dip,ok,,6.0,12.739756097560976,0.0428305113759585,0.964068478912136,-580.786308340682,-569.868180074402,0.0004172927296677,0.0028604563247221,True,,0.011947,0.0019682,0.0039214,0.0080253,0.015868,0.045267,0.0015506,0.0030894,0.042178,0.048357,0.088167,0.00078583,0.0015657,0.086601,0.089732,111.8909,0.21559,0.42956,111.4614,112.3205,114.2203,0.068537,0.13655,114.0837,114.3568,1.0245,0.25704,0.51213,0.51241,1.5367,1.369,0.093943,0.18717,1.1819,1.5562,3.9810717055349722,0.0004703461077069897,18.792114724852212,0.0020350976998339486,1.3362615910200097,1.3623011341738098,2.273694485114683,0.31873158710285393,0.0,0.014449675729676346,0.04533493483033255,ambiguous,False,True,2.0,,,False,ambiguous | best_one=dominant,double,double,-554.570998235626,-580.786308340682,26.215310105056005
20251216_140715_lost_double,20251216_140715,20251216,140715,lost,double,double_gaussian,peak,ok,,8.0,12.90295918367347,0.0370843956566207,0.949263682156173,-742.062586774002,-729.399677271959,0.0002440255760856,0.0020001048172766,True,,0.01922,0.00089912,0.0017859,0.017434,0.021006,0.02085,0.001786,0.0035475,0.017303,0.024398,0.0089296,0.00088388,0.0017556,0.0071739,0.010685,35.7563,0.16489,0.32752,35.4288,36.0839,38.8105,0.041827,0.083079,38.7274,38.8936,3.0515,0.32575,0.64702,2.4044,3.6985,0.96003,0.085074,0.16898,0.79105,1.129,6.309573444801933,0.0013130608650049318,19.511761287673394,0.005904179710028874,3.178546503755091,0.9547494365090192,3.1813589158672064,0.6887181088368015,0.1351894362661359,0.019220838672223264,0.02790813603650696,ambiguous,False,True,2.0,,,False,ambiguous | best_one=dominant,double,double,,-742.062586774002,
20251216_140715_trapped_double,20251216_140715,20251216,140715,trapped,double,double_gaussian,dip,ok,,8.0,12.90295918367347,0.0590357915373277,0.819305656858346,-667.047403063302,-654.384493561259,0.0008346647521796,0.0036990578157493,True,,0.024988,0.0095606,0.01899,0.0059978,0.043978,0.016363,0.0024061,0.0047791,0.011584,0.021142,0.096254,0.00994,0.019744,0.076511,0.116,36.5429,0.22707,0.45102,36.0919,36.9939,38.9805,0.096236,0.19115,38.7893,39.1716,5.6567,1.8255,3.626,2.0307,9.2827,0.82553,0.15291,0.30372,0.52181,1.1292,6.309573444801933,0.0013130608650049318,19.511761287673394,0.005904179710028874,6.852204038617615,0.4264057450722656,2.9527697358060836,0.6733087345613481,0.0,0.024990674945094552,0.03711621974037757,pedestal_plus_peak,False,True,2.0,1.0,,False,"pedestal(W>=5.0,S<=1.0,narrow>= 1.0*wide)",double,double,,-667.047403063302,
20251216_141520_lost_double,20251216_141520,20251216,141520,lost,double,double_gaussian,peak,ok,,8.0,12.892387096774192,0.0727699073896974,0.96014611466123,-853.027621698966,-838.359547140491,0.0008257680239284,0.0032962658776107,True,,0.028475,0.0017587,0.003483,0.024992,0.031958,0.02826,0.0020851,0.0041294,0.024131,0.03239,0.018138,0.000641,0.0012695,0.016869,0.019408,77.6263,0.095118,0.18838,77.4379,77.8147,78.5146,0.042092,0.083362,78.4312,78.5979,3.0866,0.16501,0.3268,2.7598,3.4134,0.89624,0.076793,0.15208,0.74416,1.0483,6.309573444801933,0.0007186022390305155,19.46430524407416,0.0032225306455559762,3.4439435865393193,0.2763772139415872,0.9911407658662869,0.7170028120004104,0.0,0.03905629013047261,0.05447159966012833,ambiguous,False,True,2.0,,,False,ambiguous | best_one=dominant,double,double,-788.830353728576,-853.027621698966,64.19726797038993
20251216_141520_trapped_double,20251216_141520,20251216,141520,trapped,double,double_gaussian,dip,ok,,8.0,12.892387096774192,0.018201045027115,0.94378733701362,-825.512113350728,-810.844038792253,0.001186021910716,0.0039503862414693,True,,0.027356,0.0028237,0.0055922,0.021764,0.032948,0.033833,0.0037293,0.0073857,0.026447,0.041218,0.075114,0.0013201,0.0026144,0.0725,0.077729,77.3893,0.21687,0.42951,76.9597,77.8188,78.7308,0.068624,0.13591,78.5949,78.8667,3.1718,0.31677,0.62735,2.5444,3.7991,0.87881,0.11855,0.23478,0.64403,1.1136,6.309573444801933,0.0007186022390305155,19.46430524407416,0.0032225306455559762,3.6091988029266853,0.40759033518884963,1.526496057168212,0.5404366615244708,0.0,0.03064718092782047,0.05670818267837438,ambiguous,False,True,2.0,,,False,ambiguous | best_one=dominant,double,double,-739.362733415136,-825.512113350728,86.14937993559204
20251216_142522_lost_single,20251216_142522,20251216,142522,lost,single,single_gaussian,peak,ok,,8.0,12.886195121951221,0.023560578764036,0.827798103000829,-634.581766733921,-627.724029420415,0.0001691258998892,0.0018210420411058,True,,0.012333,0.00094182,0.0018745,0.010458,0.014207,,,,,,0.011228,0.0003751,0.00074657,0.010481,0.011974,95.2513,0.070882,0.14108,95.1102,95.3924,,,,,,1.1847,0.11245,0.22381,0.96091,1.4085,,,,,,6.309573444801933,0.0013390843649103506,19.436582559887217,0.006000571064546384,,,,,,,,single,True,False,1.0,,,False,,single,single,-634.581766733921,,
20251216_143214_lost_single,20251216_143214,20251216,143214,lost,single,single_gaussian,peak,ok,,8.0,12.929073170731707,0.047076820208465,0.884665986668633,-546.110331002256,-539.25259368875,0.0009585075518576,0.0043352353710842,True,,0.032944,0.0017268,0.0034369,0.029507,0.036381,,,,,,0.014133,0.00099318,0.0019767,0.012156,0.016109,115.9396,0.068228,0.13579,115.8038,116.0754,,,,,,1.748,0.1215,0.24183,1.5062,1.9898,,,,,,6.309573444801933,0.002824394456376646,19.62950105257177,0.012730065003488507,,,,,,,,single,True,False,1.0,,,False,,single,single,-546.110331002256,,
20251216_143214_trapped_double,20251216_143214,20251216,143214,trapped,double,double_gaussian,dip,ok,,8.0,12.929073170731707,0.0361625230919903,0.940962976653651,-561.641188687051,-550.723060420772,0.0006073969117014,0.003451049603627,True,,0.01879,0.003097,0.0061706,0.012619,0.024961,0.028682,0.0036137,0.0072,0.021482,0.035882,0.082894,0.0029734,0.0059243,0.07697,0.088818,115.6857,0.20793,0.41428,115.2714,116.1,116.3551,0.065124,0.12975,116.2253,116.4848,3.2426,0.7749,1.5439,1.6987,4.7865,1.0011,0.12619,0.25142,0.74969,1.2525,6.309573444801933,0.002824394456376646,19.62950105257177,0.012730065003488507,3.239037059234841,0.19725249772906694,0.6686644690840036,0.7953072224734181,0.0,0.03713134087290361,0.04668804686247479,ambiguous,False,True,2.0,,,False,ambiguous | best_one=dominant,double,double,-542.952833461307,-561.641188687051,18.688355225743976
